source_file,source_page,serial_no,date,date_raw,transmission_zone,voltage_class_kv,asset_station_text,station_codes,opened_at,closed_at,duration_text,duration_minutes,opened_hour,opened_hour_bucket,remarks,outage_type,raw_text
OUTAGES JAN-26.pdf,2,47,01/01/26,01-Jan-26,BANGALORE,66,66KV AREHALLI - BANASHANKARI AREHALLI,,17:10,17:15,0:05,5,17,day_other,LINE CLEAR AVAILED,planned_or_line_clear,BANGALORE 66 66KV AREHALLI - BANASHANKARI AREHALLI 17:10 17:15 00:05 LINE CLEAR AVAILED
OUTAGES JAN-26.pdf,2,48,01/01/26,01-Jan-26,BANGALORE,66,"66KV DABASPETE 220 - HIREHALLI HIREHALLI, HONNUDIKE",,14:21,15:27,1:06,66,14,solar_window,TRIPPED ON FAULT,forced,"BANGALORE 66 66KV DABASPETE 220 - HIREHALLI HIREHALLI, HONNUDIKE 14:21 15:27 01:06 TRIPPED ON FAULT"
OUTAGES JAN-26.pdf,2,49,01/01/26,01-Jan-26,BANGALORE,66,"66KV NRS DB PURA 220 - APPAREL PARK - D CROSS 3AIR(EHT), DODDABELAVANGALA, GUNDAMGERE, SASALU, KANASWADI",,6:38,7:02,0:24,24,6,day_other,TRIPPED ON FAULT,forced,"BANGALORE 6666KV NRS DB PURA 220 - APPAREL PARK - D CROSS 3AIR(EHT), DODDABELAVANGALA, GUNDAMGERE, SASALU, KANASWADI06:38 07:02 00:24 TRIPPED ON FAULT"
OUTAGES JAN-26.pdf,2,50,01/01/26,01-Jan-26,BANGALORE,66,"66KV NRS DB PURA 220 - D CROSS 2AIR(EHT), DODDABELAVANGALA, GUNDAMGERE, SASALU, KANASWADI",,6:38,7:02,0:24,24,6,day_other,TRIPPED ON FAULT,forced,"BANGALORE 66 66KV NRS DB PURA 220 - D CROSS 2AIR(EHT), DODDABELAVANGALA, GUNDAMGERE, SASALU, KANASWADI06:38 07:02 00:24 TRIPPED ON FAULT"
OUTAGES JAN-26.pdf,2,51,01/01/26,01-Jan-26,BANGALORE,66,66KV SUBRAMANYAPURA 220 - PADMANABHA NAGAR - AREHALLIAREHALLI,,11:09,11:32,0:23,23,11,solar_window,TRIPPED ON FAULT,forced,BANGALORE 6666KV SUBRAMANYAPURA 220 - PADMANABHA NAGAR - AREHALLIAREHALLI 11:09 11:32 00:23 TRIPPED ON FAULT
OUTAGES JAN-26.pdf,2,52,01/01/26,01-Jan-26,BANGALORE,66,66KV T GOLLAHALLI 220 - KGF 1 NO STATION AFFECTED,,0:00,23:59,23:59,1439,0,night_offpeak,LINE CLEAR AVAILED,planned_or_line_clear,BANGALORE 66 66KV T GOLLAHALLI 220 - KGF 1 NO STATION AFFECTED 00:00 23:59 23:59 LINE CLEAR AVAILED
OUTAGES JAN-26.pdf,2,53,01/01/26,01-Jan-26,BANGALORE,66,HV1 THONDEBHAVI,,16:40,16:42,0:02,2,16,day_other,LINE CLEAR AVAILED,planned_or_line_clear,BANGALORE 66 HV1 THONDEBHAVI 16:40 16:42 00:02 LINE CLEAR AVAILED
OUTAGES JAN-26.pdf,2,54,01/01/26,01-Jan-26,BANGALORE,66,HV1 MASTI,,16:20,17:05,0:45,45,16,day_other,LINE CLEAR AVAILED,planned_or_line_clear,BANGALORE 66 HV1 MASTI 16:20 17:05 00:45 LINE CLEAR AVAILED
OUTAGES JAN-26.pdf,2,55,01/01/26,01-Jan-26,BANGALORE,66,HV2 PADMANABHANAGARA,,9:42,9:47,0:05,5,9,day_other,TRIPPED ON FAULT,forced,BANGALORE 66 HV2 PADMANABHANAGARA 09:42 09:47 00:05 TRIPPED ON FAULT
OUTAGES JAN-26.pdf,2,56,01/01/26,01-Jan-26,BANGALORE,220,220KV DEVANAHALLI 400 GIS - NRS DB PURA 220 2NO STATION AFFECTED,,0:00,23:59,23:59,1439,0,night_offpeak,TRIPPED ON FAULT,forced,BANGALORE 220220KV DEVANAHALLI 400 GIS - NRS DB PURA 220 2NO STATION AFFECTED 00:00 23:59 23:59 TRIPPED ON FAULT
OUTAGES JAN-26.pdf,6,167,02/01/26,02-Jan-26,BANGALORE,66,66KV D CROSS - KANASWADI KANASAWADI,,6:38,7:28,0:50,50,6,day_other,MAIN SUPPLY FAILED,forced,BANGALORE 66 66KV D CROSS - KANASWADI KANASAWADI 06:38 07:28 00:50 MAIN SUPPLY FAILED
OUTAGES JAN-26.pdf,6,168,02/01/26,02-Jan-26,BANGALORE,66,66KV KAGGALIPURA (BRIGADE MEADOWS) - SHOBHA FOREST VIEWSHOBHA FOREST VIEW,,7:52,8:05,0:13,13,7,day_other,TRIPPED ON FAULT,forced,BANGALORE 6666KV KAGGALIPURA (BRIGADE MEADOWS) - SHOBHA FOREST VIEWSHOBHA FOREST VIEW 07:52 08:05 00:13 TRIPPED ON FAULT
OUTAGES JAN-26.pdf,6,169,02/01/26,02-Jan-26,BANGALORE,66,"66KV NRS DB PURA 220 - APPAREL PARK - D CROSS 3AIR(EHT), DODDABELAVANGALA, GUNDAMGERE, SASALU",,15:30,15:38,0:08,8,15,solar_window,LINE CLEAR AVAILED,planned_or_line_clear,"BANGALORE 6666KV NRS DB PURA 220 - APPAREL PARK - D CROSS 3AIR(EHT), DODDABELAVANGALA, GUNDAMGERE, SASALU15:30 15:38 00:08 LINE CLEAR AVAILED"
OUTAGES JAN-26.pdf,7,170,02/01/26,02-Jan-26,BANGALORE,66,"66KV NRS DB PURA 220 - APPAREL PARK - D CROSS 3AIR(EHT), DODDABELAVANGALA, GUNDAMGERE, SASALU",,6:38,7:02,0:24,24,6,day_other,TRIPPED ON FAULT,forced,"BANGALORE 6666KV NRS DB PURA 220 - APPAREL PARK - D CROSS 3AIR(EHT), DODDABELAVANGALA, GUNDAMGERE, SASALU06:38 07:02 00:24 TRIPPED ON FAULT"
OUTAGES JAN-26.pdf,7,171,02/01/26,02-Jan-26,BANGALORE,66,"66KV NRS DB PURA 220 - D CROSS 2AIR(EHT), DODDABELAVANGALA, GUNDAMGERE, SASALU",,15:30,15:38,0:08,8,15,solar_window,LINE CLEAR AVAILED,planned_or_line_clear,"BANGALORE 66 66KV NRS DB PURA 220 - D CROSS 2AIR(EHT), DODDABELAVANGALA, GUNDAMGERE, SASALU15:30 15:38 00:08 LINE CLEAR AVAILED"
OUTAGES JAN-26.pdf,7,172,02/01/26,02-Jan-26,BANGALORE,66,"66KV NRS DB PURA 220 - D CROSS 2AIR(EHT), DODDABELAVANGALA, GUNDAMGERE, SASALU",,6:38,7:02,0:24,24,6,day_other,TRIPPED ON FAULT,forced,"BANGALORE 66 66KV NRS DB PURA 220 - D CROSS 2AIR(EHT), DODDABELAVANGALA, GUNDAMGERE, SASALU06:38 07:02 00:24 TRIPPED ON FAULT"
OUTAGES JAN-26.pdf,7,173,02/01/26,02-Jan-26,BANGALORE,66,66KV PUTTENAHALLI 220 - KANASWADI KANASAWADI,,15:40,15:42,0:02,2,15,solar_window,LINE CLEAR AVAILED,planned_or_line_clear,BANGALORE 66 66KV PUTTENAHALLI 220 - KANASWADI KANASAWADI 15:40 15:42 00:02 LINE CLEAR AVAILED
OUTAGES JAN-26.pdf,7,174,02/01/26,02-Jan-26,BANGALORE,66,66KV SULIBELE - CHANNARAYAPATNA CHANNARAYAPATNA,,6:32,6:50,0:18,18,6,day_other,TRIPPED ON FAULT,forced,BANGALORE 66 66KV SULIBELE - CHANNARAYAPATNA CHANNARAYAPATNA 06:32 06:50 00:18 TRIPPED ON FAULT
OUTAGES JAN-26.pdf,7,175,02/01/26,02-Jan-26,BANGALORE,66,66KV T GOLLAHALLI 220 - KGF 1 NO STATION AFFECTED,,0:00,23:59,23:59,1439,0,night_offpeak,LINE CLEAR AVAILED,planned_or_line_clear,BANGALORE 66 66KV T GOLLAHALLI 220 - KGF 1 NO STATION AFFECTED 00:00 23:59 23:59 LINE CLEAR AVAILED
OUTAGES JAN-26.pdf,7,176,02/01/26,02-Jan-26,BANGALORE,66,"66KV YENNIGADALE - SOMANATHAPURA - CHELURCHELUR, CHAKAVELU",,17:00,17:10,0:10,10,17,day_other,LINE CLEAR AVAILED,planned_or_line_clear,"BANGALORE 6666KV YENNIGADALE - SOMANATHAPURA - CHELURCHELUR, CHAKAVELU 17:00 17:10 00:10 LINE CLEAR AVAILED"
OUTAGES JAN-26.pdf,7,177,02/01/26,02-Jan-26,BANGALORE,66,HV1 ACCHALU,,20:58,21:41,0:43,43,20,evening_peak,LINE CLEAR AVAILED,planned_or_line_clear,BANGALORE 66 HV1 ACCHALU 20:58 21:41 00:43 LINE CLEAR AVAILED
OUTAGES JAN-26.pdf,7,178,02/01/26,02-Jan-26,BANGALORE,66,HV1 BIDADI 220,,13:04,13:42,0:38,38,13,solar_window,LINE CLEAR AVAILED,planned_or_line_clear,BANGALORE 66 HV1 BIDADI 220 13:04 13:42 00:38 LINE CLEAR AVAILED
OUTAGES JAN-26.pdf,7,179,02/01/26,02-Jan-26,BANGALORE,66,HV2 PADMANABHANAGARA,,9:42,9:47,0:05,5,9,day_other,TRIPPED ON FAULT,forced,BANGALORE 66 HV2 PADMANABHANAGARA 09:42 09:47 00:05 TRIPPED ON FAULT
OUTAGES JAN-26.pdf,7,180,02/01/26,02-Jan-26,BANGALORE,66,HV2 HOSUR RAMAPURA,,16:32,16:36,0:04,4,16,day_other,LINE CLEAR AVAILED,planned_or_line_clear,BANGALORE 66 HV2 HOSUR RAMAPURA 16:32 16:36 00:04 LINE CLEAR AVAILED
OUTAGES JAN-26.pdf,7,181,02/01/26,02-Jan-26,BANGALORE,220,220KV DEVANAHALLI 400 GIS - NRS DB PURA 220 2NO STATION AFFECTED,,0:00,23:59,23:59,1439,0,night_offpeak,TRIPPED ON FAULT,forced,BANGALORE 220220KV DEVANAHALLI 400 GIS - NRS DB PURA 220 2NO STATION AFFECTED 00:00 23:59 23:59 TRIPPED ON FAULT
OUTAGES JAN-26.pdf,12,323,03/01/26,03-Jan-26,BANGALORE,66,"66KV GOWRIBIDANUR 220 - ALIPURA ALIPURA, THONDEBHAVI",,13:35,14:56,1:21,81,13,solar_window,TRIPPED ON FAULT,forced,"BANGALORE 66 66KV GOWRIBIDANUR 220 - ALIPURA ALIPURA, THONDEBHAVI 13:35 14:56 01:21 TRIPPED ON FAULT"
OUTAGES JAN-26.pdf,12,324,03/01/26,03-Jan-26,BANGALORE,66,"66KV GOWRIBIDANUR 220 - ALIPURA ALIPURA, THONDEBHAVI",,14:56,16:16,1:20,80,14,solar_window,LINE CLEAR AVAILED,planned_or_line_clear,"BANGALORE 66 66KV GOWRIBIDANUR 220 - ALIPURA ALIPURA, THONDEBHAVI 14:56 16:16 01:20 LINE CLEAR AVAILED"
OUTAGES JAN-26.pdf,12,325,03/01/26,03-Jan-26,BANGALORE,66,"66KV GOWRIBIDANUR 220 - D PALYAD PALYA, GUDIBANDE, MANDIKAL",,13:40,14:05,0:25,25,13,solar_window,LOAD CURTAILMENT,load_curtailment,"BANGALORE 66 66KV GOWRIBIDANUR 220 - D PALYAD PALYA, GUDIBANDE, MANDIKAL13:40 14:05 00:25 LOAD CURTAILMENT"
OUTAGES JAN-26.pdf,12,326,03/01/26,03-Jan-26,BANGALORE,66,"66KV GOWRIBIDANUR 220 - D PALYAD PALYA, GUDIBANDE, MANDIKAL",,13:25,13:38,0:13,13,13,solar_window,MAIN SUPPLY FAILED,forced,"BANGALORE 66 66KV GOWRIBIDANUR 220 - D PALYAD PALYA, GUDIBANDE, MANDIKAL13:25 13:38 00:13 MAIN SUPPLY FAILED"
OUTAGES JAN-26.pdf,12,327,03/01/26,03-Jan-26,BANGALORE,66,"66KV GOWRIBIDANUR 220 - D PALYAD PALYA, GUDIBANDE, MANDIKAL",,16:50,16:55,0:05,5,16,day_other,LINE CLEAR AVAILED,planned_or_line_clear,"BANGALORE 66 66KV GOWRIBIDANUR 220 - D PALYAD PALYA, GUDIBANDE, MANDIKAL16:50 16:55 00:05 LINE CLEAR AVAILED"
OUTAGES JAN-26.pdf,12,328,03/01/26,03-Jan-26,BANGALORE,66,66KV GOWRIBIDANUR 220 - KUDUMULAKUNTEKUDUMULAKUNTE,,13:25,13:35,0:10,10,13,solar_window,MAIN SUPPLY FAILED,forced,BANGALORE 6666KV GOWRIBIDANUR 220 - KUDUMULAKUNTEKUDUMULAKUNTE 13:25 13:35 00:10 MAIN SUPPLY FAILED
OUTAGES JAN-26.pdf,12,329,03/01/26,03-Jan-26,BANGALORE,66,66KV GOWRIBIDANUR 220 - KUDUMULAKUNTEKUDUMULAKUNTE,,13:37,13:42,0:05,5,13,solar_window,LOAD CURTAILMENT,load_curtailment,BANGALORE 6666KV GOWRIBIDANUR 220 - KUDUMULAKUNTEKUDUMULAKUNTE 13:37 13:42 00:05 LOAD CURTAILMENT
OUTAGES JAN-26.pdf,12,330,03/01/26,03-Jan-26,BANGALORE,66,66KV GOWRIBIDANUR 220 - RAMAPURA HOSUR RAMAPURA,,13:40,14:05,0:25,25,13,solar_window,LOAD CURTAILMENT,load_curtailment,BANGALORE 66 66KV GOWRIBIDANUR 220 - RAMAPURA HOSUR RAMAPURA 13:40 14:05 00:25 LOAD CURTAILMENT
OUTAGES JAN-26.pdf,12,331,03/01/26,03-Jan-26,BANGALORE,66,66KV GOWRIBIDANUR 220 - RAMAPURA HOSUR RAMAPURA,,13:25,13:38,0:13,13,13,solar_window,MAIN SUPPLY FAILED,forced,BANGALORE 66 66KV GOWRIBIDANUR 220 - RAMAPURA HOSUR RAMAPURA 13:25 13:38 00:13 MAIN SUPPLY FAILED
OUTAGES JAN-26.pdf,12,332,03/01/26,03-Jan-26,BANGALORE,66,66KV GOWRIBIDANUR 220 - RAMAPURA HOSUR RAMAPURA,,13:10,13:20,0:10,10,13,solar_window,LINE CLEAR AVAILED,planned_or_line_clear,BANGALORE 66 66KV GOWRIBIDANUR 220 - RAMAPURA HOSUR RAMAPURA 13:10 13:20 00:10 LINE CLEAR AVAILED
OUTAGES JAN-26.pdf,12,333,03/01/26,03-Jan-26,BANGALORE,66,66KV GOWRIBIDANUR 220 - VATADAHOSAHALLI - MITTEMARI 220VATADAHOSAHALLI,,13:40,14:00,0:20,20,13,solar_window,LOAD CURTAILMENT,load_curtailment,BANGALORE 6666KV GOWRIBIDANUR 220 - VATADAHOSAHALLI - MITTEMARI 220VATADAHOSAHALLI 13:40 14:00 00:20 LOAD CURTAILMENT
OUTAGES JAN-26.pdf,13,334,03/01/26,03-Jan-26,BANGALORE,66,66KV GOWRIBIDANUR 220 - VATADAHOSAHALLI - MITTEMARI 220VATADAHOSAHALLI,,13:25,13:38,0:13,13,13,solar_window,MAIN SUPPLY FAILED,forced,BANGALORE 6666KV GOWRIBIDANUR 220 - VATADAHOSAHALLI - MITTEMARI 220VATADAHOSAHALLI 13:25 13:38 00:13 MAIN SUPPLY FAILED
OUTAGES JAN-26.pdf,13,335,03/01/26,03-Jan-26,BANGALORE,66,"66KV GOWRIBIDANUR 220 - VIDHURASHWATHAVIDHURASHWATHA, GUNDLU KOTTUR",,13:25,13:35,0:10,10,13,solar_window,MAIN SUPPLY FAILED,forced,"BANGALORE 6666KV GOWRIBIDANUR 220 - VIDHURASHWATHAVIDHURASHWATHA, GUNDLU KOTTUR13:25 13:35 00:10 MAIN SUPPLY FAILED"
OUTAGES JAN-26.pdf,13,336,03/01/26,03-Jan-26,BANGALORE,66,"66KV GOWRIBIDANUR 220 - VIDHURASHWATHAVIDHURASHWATHA, GUNDLU KOTTUR",,13:37,13:42,0:05,5,13,solar_window,LOAD CURTAILMENT,load_curtailment,"BANGALORE 6666KV GOWRIBIDANUR 220 - VIDHURASHWATHAVIDHURASHWATHA, GUNDLU KOTTUR13:37 13:42 00:05 LOAD CURTAILMENT"
OUTAGES JAN-26.pdf,13,337,03/01/26,03-Jan-26,BANGALORE,66,66KV MALUR 220 - MALUR I/A NO STATION AFFECTED,,9:32,9:46,0:14,14,9,day_other,TRIPPED ON FAULT,forced,BANGALORE 66 66KV MALUR 220 - MALUR I/A NO STATION AFFECTED 09:32 09:46 00:14 TRIPPED ON FAULT
OUTAGES JAN-26.pdf,13,338,03/01/26,03-Jan-26,BANGALORE,66,66KV SOMANAHALLI 220 - BG ROAD - ANJANAPURA (JIGANI 2)ANJANAPURA,,10:14,10:19,0:05,5,10,solar_window,LINE CLEAR AVAILED,planned_or_line_clear,BANGALORE 6666KV SOMANAHALLI 220 - BG ROAD - ANJANAPURA (JIGANI 2)ANJANAPURA 10:14 10:19 00:05 LINE CLEAR AVAILED
OUTAGES JAN-26.pdf,13,339,03/01/26,03-Jan-26,BANGALORE,66,66KV T GOLLAHALLI 220 - KGF 1 NO STATION AFFECTED,,0:00,23:59,23:59,1439,0,night_offpeak,LINE CLEAR AVAILED,planned_or_line_clear,BANGALORE 66 66KV T GOLLAHALLI 220 - KGF 1 NO STATION AFFECTED 00:00 23:59 23:59 LINE CLEAR AVAILED
OUTAGES JAN-26.pdf,13,340,03/01/26,03-Jan-26,BANGALORE,66,HV1 L R BANDE,,14:48,14:53,0:05,5,14,solar_window,LINE CLEAR AVAILED,planned_or_line_clear,BANGALORE 66 HV1 L R BANDE 14:48 14:53 00:05 LINE CLEAR AVAILED
OUTAGES JAN-26.pdf,13,341,03/01/26,03-Jan-26,BANGALORE,66,HV1 POTTERY ROAD,,12:44,12:46,0:02,2,12,solar_window,LINE CLEAR AVAILED,planned_or_line_clear,BANGALORE 66 HV1 POTTERY ROAD 12:44 12:46 00:02 LINE CLEAR AVAILED
OUTAGES JAN-26.pdf,13,342,03/01/26,03-Jan-26,BANGALORE,66,HV1 SOUTH CITY,,10:39,10:44,0:05,5,10,solar_window,LINE CLEAR AVAILED,planned_or_line_clear,BANGALORE 66 HV1 SOUTH CITY 10:39 10:44 00:05 LINE CLEAR AVAILED
OUTAGES JAN-26.pdf,13,343,03/01/26,03-Jan-26,BANGALORE,66,HV1 SOUTH CITY,,21:06,21:11,0:05,5,21,evening_peak,LINE CLEAR AVAILED,planned_or_line_clear,BANGALORE 66 HV1 SOUTH CITY 21:06 21:11 00:05 LINE CLEAR AVAILED
OUTAGES JAN-26.pdf,13,344,03/01/26,03-Jan-26,BANGALORE,66,HV1 GOWRIBIDANUR 220,,13:41,14:13,0:32,32,13,solar_window,LINE CLEAR AVAILED,planned_or_line_clear,BANGALORE 66 HV1 GOWRIBIDANUR 220 13:41 14:13 00:32 LINE CLEAR AVAILED
OUTAGES JAN-26.pdf,13,345,03/01/26,03-Jan-26,BANGALORE,66,HV2 REMCO,,10:15,10:20,0:05,5,10,solar_window,LINE CLEAR AVAILED,planned_or_line_clear,BANGALORE 66 HV2 REMCO 10:15 10:20 00:05 LINE CLEAR AVAILED
OUTAGES JAN-26.pdf,13,346,03/01/26,03-Jan-26,BANGALORE,66,HV2 SOUTH CITY,,10:39,10:44,0:05,5,10,solar_window,LINE CLEAR AVAILED,planned_or_line_clear,BANGALORE 66 HV2 SOUTH CITY 10:39 10:44 00:05 LINE CLEAR AVAILED
OUTAGES JAN-26.pdf,13,347,03/01/26,03-Jan-26,BANGALORE,66,HV2 SOUTH CITY,,21:06,21:11,0:05,5,21,evening_peak,LINE CLEAR AVAILED,planned_or_line_clear,BANGALORE 66 HV2 SOUTH CITY 21:06 21:11 00:05 LINE CLEAR AVAILED
OUTAGES JAN-26.pdf,13,348,03/01/26,03-Jan-26,BANGALORE,66,HV2 VOLVO,,13:06,13:45,0:39,39,13,solar_window,TRIPPED ON FAULT,forced,BANGALORE 66 HV2 VOLVO 13:06 13:45 00:39 TRIPPED ON FAULT
OUTAGES JAN-26.pdf,13,349,03/01/26,03-Jan-26,BANGALORE,66,HV2 IRAGAMPALLI,,10:41,10:44,0:03,3,10,solar_window,LINE CLEAR AVAILED,planned_or_line_clear,BANGALORE 66 HV2 IRAGAMPALLI 10:41 10:44 00:03 LINE CLEAR AVAILED
OUTAGES JAN-26.pdf,13,350,03/01/26,03-Jan-26,BANGALORE,66,HV2 GOWRIBIDANUR 220,,13:41,13:56,0:15,15,13,solar_window,LINE CLEAR AVAILED,planned_or_line_clear,BANGALORE 66 HV2 GOWRIBIDANUR 220 13:41 13:56 00:15 LINE CLEAR AVAILED
OUTAGES JAN-26.pdf,13,351,03/01/26,03-Jan-26,BANGALORE,66,HV2 ADDAGAL,,19:22,19:34,0:12,12,19,evening_peak,TRIPPED ON FAULT,forced,BANGALORE 66 HV2 ADDAGAL 19:22 19:34 00:12 TRIPPED ON FAULT
OUTAGES JAN-26.pdf,13,352,03/01/26,03-Jan-26,BANGALORE,66,HV2 MUDIYANUR,,15:15,15:31,0:16,16,15,solar_window,LINE CLEAR AVAILED,planned_or_line_clear,BANGALORE 66 HV2 MUDIYANUR 15:15 15:31 00:16 LINE CLEAR AVAILED
OUTAGES JAN-26.pdf,13,353,03/01/26,03-Jan-26,BANGALORE,220,220KV DEVANAHALLI 400 GIS - NRS DB PURA 220 2NO STATION AFFECTED,,0:00,23:59,23:59,1439,0,night_offpeak,TRIPPED ON FAULT,forced,BANGALORE 220220KV DEVANAHALLI 400 GIS - NRS DB PURA 220 2NO STATION AFFECTED 00:00 23:59 23:59 TRIPPED ON FAULT
OUTAGES JAN-26.pdf,13,354,03/01/26,03-Jan-26,BANGALORE,220,220KV GOWRIBIDANUR 220 - KIADB DB PURA 220KIADB DB PURA 220,,13:25,13:36,0:11,11,13,solar_window,MAIN SUPPLY FAILED,forced,BANGALORE 220220KV GOWRIBIDANUR 220 - KIADB DB PURA 220KIADB DB PURA 220 13:25 13:36 00:11 MAIN SUPPLY FAILED
OUTAGES JAN-26.pdf,13,355,03/01/26,03-Jan-26,BANGALORE,220,220KV GOWRIBIDANUR 220 - SIRA 1 GOWRIBIDANUR 220,,13:25,13:38,0:13,13,13,solar_window,MAIN SUPPLY FAILED,forced,BANGALORE 220 220KV GOWRIBIDANUR 220 - SIRA 1 GOWRIBIDANUR 220 13:25 13:38 00:13 MAIN SUPPLY FAILED
OUTAGES JAN-26.pdf,13,356,03/01/26,03-Jan-26,BANGALORE,220,220KV GOWRIBIDANUR 220 - SIRA 2 GOWRIBIDANUR 220,,13:25,13:38,0:13,13,13,solar_window,MAIN SUPPLY FAILED,forced,BANGALORE 220 220KV GOWRIBIDANUR 220 - SIRA 2 GOWRIBIDANUR 220 13:25 13:38 00:13 MAIN SUPPLY FAILED
OUTAGES JAN-26.pdf,16,452,04/01/26,04-Jan-26,BANGALORE,66,66KV ABBIGERE - ATTURU - MANYATA DG-3 ABBIGERE,,13:56,14:34,0:38,38,13,solar_window,LINE CLEAR AVAILED,planned_or_line_clear,BANGALORE 66 66KV ABBIGERE - ATTURU - MANYATA DG-3 ABBIGERE 13:56 14:34 00:38 LINE CLEAR AVAILED
OUTAGES JAN-26.pdf,17,453,04/01/26,04-Jan-26,BANGALORE,66,66KV ATTURU - PLATINUM CITY - SAHAKARNAGAR 66 DG-4ATTUR YELAHANKA,,10:58,11:00,0:02,2,10,solar_window,LINE CLEAR AVAILED,planned_or_line_clear,BANGALORE 6666KV ATTURU - PLATINUM CITY - SAHAKARNAGAR 66 DG-4ATTUR YELAHANKA 10:58 11:00 00:02 LINE CLEAR AVAILED
OUTAGES JAN-26.pdf,17,454,04/01/26,04-Jan-26,BANGALORE,66,66KV CHANNAPATNA 220 - KOTHIPURA 2 - BEVOORBEVOOR,,10:22,10:31,0:09,9,10,solar_window,TRIPPED ON FAULT,forced,BANGALORE 6666KV CHANNAPATNA 220 - KOTHIPURA 2 - BEVOORBEVOOR 10:22 10:31 00:09 TRIPPED ON FAULT
OUTAGES JAN-26.pdf,17,455,04/01/26,04-Jan-26,BANGALORE,66,"66KV DABASPETE 220 - HIREHALLI HIREHALLI, HONNUDIKE",,11:26,11:57,0:31,31,11,solar_window,TRIPPED ON FAULT,forced,"BANGALORE 66 66KV DABASPETE 220 - HIREHALLI HIREHALLI, HONNUDIKE 11:26 11:57 00:31 TRIPPED ON FAULT"
OUTAGES JAN-26.pdf,17,456,04/01/26,04-Jan-26,BANGALORE,66,"66KV GOWRIBIDANUR 220 - ALIPURA THONDEBHAVI, ALIPURA",,12:20,13:55,1:35,95,12,solar_window,LINE CLEAR AVAILED,planned_or_line_clear,"BANGALORE 66 66KV GOWRIBIDANUR 220 - ALIPURA THONDEBHAVI, ALIPURA 12:20 13:55 01:35 LINE CLEAR AVAILED"
OUTAGES JAN-26.pdf,17,457,04/01/26,04-Jan-26,BANGALORE,66,"66KV KANAKAPURA 220 - ACHALU ACHALU, HONNIGANAHALLI",,12:06,12:11,0:05,5,12,solar_window,TRIPPED ON FAULT,forced,"BANGALORE 66 66KV KANAKAPURA 220 - ACHALU ACHALU, HONNIGANAHALLI 12:06 12:11 00:05 TRIPPED ON FAULT"
OUTAGES JAN-26.pdf,17,458,04/01/26,04-Jan-26,BANGALORE,66,66KV KHODAYS 220 - ANJANAPURA ANJANAPURA,,13:05,13:10,0:05,5,13,solar_window,LINE CLEAR AVAILED,planned_or_line_clear,BANGALORE 66 66KV KHODAYS 220 - ANJANAPURA ANJANAPURA 13:05 13:10 00:05 LINE CLEAR AVAILED
OUTAGES JAN-26.pdf,17,459,04/01/26,04-Jan-26,BANGALORE,66,"66KV KOTHIPURA 220 - MELEHALLI - KEMPANAHALLIMELEHALLI, CHIKKAGANGANAWADI, KUTAGAL, MATHIKERE, JALAMANGALA, KEMPANAHALLI",,18:22,18:31,0:09,9,18,evening_peak,TRIPPED ON FAULT,forced,"BANGALORE 6666KV KOTHIPURA 220 - MELEHALLI - KEMPANAHALLIMELEHALLI, CHIKKAGANGANAWADI, KUTAGAL, MATHIKERE, JALAMANGALA, KEMPANAHALLI18:22 18:31 00:09 TRIPPED ON FAULT"
OUTAGES JAN-26.pdf,17,460,04/01/26,04-Jan-26,BANGALORE,66,"66KV MAGADI 220 - AGALAKOTE - MATHIKEREMATHIKERE, AGALAKOTE",,16:55,18:00,1:05,65,16,day_other,LINE CLEAR AVAILED,planned_or_line_clear,"BANGALORE 6666KV MAGADI 220 - AGALAKOTE - MATHIKEREMATHIKERE, AGALAKOTE 16:55 18:00 01:05 LINE CLEAR AVAILED"
OUTAGES JAN-26.pdf,17,461,04/01/26,04-Jan-26,BANGALORE,66,"66KV MAGADI 220 - AGALAKOTE - MATHIKEREMATHIKERE, AGALAKOTE, KEMPANAHALLI",,10:03,10:13,0:10,10,10,solar_window,LINE CLEAR AVAILED,planned_or_line_clear,"BANGALORE 6666KV MAGADI 220 - AGALAKOTE - MATHIKEREMATHIKERE, AGALAKOTE, KEMPANAHALLI10:03 10:13 00:10 LINE CLEAR AVAILED"
OUTAGES JAN-26.pdf,17,462,04/01/26,04-Jan-26,BANGALORE,66,"66KV MAGADI 220 - MAGADI 66 -HOSPALYA - ANCHEPALYAMAGADI 66, HOSPALYA CIRCLE",,10:02,18:00,7:58,478,10,solar_window,LINE CLEAR AVAILED,planned_or_line_clear,"BANGALORE 6666KV MAGADI 220 - MAGADI 66 -HOSPALYA - ANCHEPALYAMAGADI 66, HOSPALYA CIRCLE10:02 18:00 07:58 LINE CLEAR AVAILED"
OUTAGES JAN-26.pdf,17,463,04/01/26,04-Jan-26,BANGALORE,66,66KV MAGADI 220 - SOLURU (GUDEMARNAHALLI)GUDEMARANAHALLI,,10:02,18:00,7:58,478,10,solar_window,LINE CLEAR AVAILED,planned_or_line_clear,BANGALORE 6666KV MAGADI 220 - SOLURU (GUDEMARNAHALLI)GUDEMARANAHALLI 10:02 18:00 07:58 LINE CLEAR AVAILED
OUTAGES JAN-26.pdf,17,464,04/01/26,04-Jan-26,BANGALORE,66,"66KV MAGADI 220 - VG DODDI - TG HALLI TG HALLI, TAVAREKERE",,10:02,18:00,7:58,478,10,solar_window,LINE CLEAR AVAILED,planned_or_line_clear,"BANGALORE 66 66KV MAGADI 220 - VG DODDI - TG HALLI TG HALLI, TAVAREKERE 10:02 18:00 07:58 LINE CLEAR AVAILED"
OUTAGES JAN-26.pdf,17,465,04/01/26,04-Jan-26,BANGALORE,66,66KV MALUR 220 - BANGARPET - KGF 2 NO STATION AFFECTED,,7:04,7:14,0:10,10,7,day_other,TRIPPED ON FAULT,forced,BANGALORE 66 66KV MALUR 220 - BANGARPET - KGF 2 NO STATION AFFECTED 07:04 07:14 00:10 TRIPPED ON FAULT
OUTAGES JAN-26.pdf,17,466,04/01/26,04-Jan-26,BANGALORE,66,66KV RAYALAPADU - ADDAGAL NO STATION AFFECTED,,10:50,11:00,0:10,10,10,solar_window,TRIPPED ON FAULT,forced,BANGALORE 66 66KV RAYALAPADU - ADDAGAL NO STATION AFFECTED 10:50 11:00 00:10 TRIPPED ON FAULT
OUTAGES JAN-26.pdf,17,467,04/01/26,04-Jan-26,BANGALORE,66,66KV SARJAPURA 220 - CHANDAPURA CHANDAPURA,,15:54,15:58,0:04,4,15,solar_window,LINE CLEAR AVAILED,planned_or_line_clear,BANGALORE 66 66KV SARJAPURA 220 - CHANDAPURA CHANDAPURA 15:54 15:58 00:04 LINE CLEAR AVAILED
OUTAGES JAN-26.pdf,17,468,04/01/26,04-Jan-26,BANGALORE,66,66KV SRINIVASAPURA 220 - G KODIHALLI G KODIHALLI,,22:25,22:55,0:30,30,22,evening_peak,TRIPPED ON FAULT,forced,BANGALORE 66 66KV SRINIVASAPURA 220 - G KODIHALLI G KODIHALLI 22:25 22:55 00:30 TRIPPED ON FAULT
OUTAGES JAN-26.pdf,17,469,04/01/26,04-Jan-26,BANGALORE,66,66KV SRINIVASAPURA 220 - SRINIVASAPURA 66 - 1SRINIVASAPURA 66,,22:25,22:52,0:27,27,22,evening_peak,TRIPPED ON FAULT,forced,BANGALORE 6666KV SRINIVASAPURA 220 - SRINIVASAPURA 66 - 1SRINIVASAPURA 66 22:25 22:52 00:27 TRIPPED ON FAULT
OUTAGES JAN-26.pdf,17,470,04/01/26,04-Jan-26,BANGALORE,66,66KV SRINIVASAPURA 220 - SRINIVASAPURA 66 - 2SRINIVASAPURA 66,,22:25,22:52,0:27,27,22,evening_peak,TRIPPED ON FAULT,forced,BANGALORE 6666KV SRINIVASAPURA 220 - SRINIVASAPURA 66 - 2SRINIVASAPURA 66 22:25 22:52 00:27 TRIPPED ON FAULT
OUTAGES JAN-26.pdf,17,471,04/01/26,04-Jan-26,BANGALORE,66,66KV T GOLLAHALLI 220 - KGF 1 NO STATION AFFECTED,,0:00,23:59,23:59,1439,0,night_offpeak,LINE CLEAR AVAILED,planned_or_line_clear,BANGALORE 66 66KV T GOLLAHALLI 220 - KGF 1 NO STATION AFFECTED 00:00 23:59 23:59 LINE CLEAR AVAILED
OUTAGES JAN-26.pdf,17,472,04/01/26,04-Jan-26,BANGALORE,66,66KV WELCAST STEEL - ABBIGERE WELCAST,,13:56,14:42,0:46,46,13,solar_window,LINE CLEAR AVAILED,planned_or_line_clear,BANGALORE 66 66KV WELCAST STEEL - ABBIGERE WELCAST 13:56 14:42 00:46 LINE CLEAR AVAILED
OUTAGES JAN-26.pdf,17,473,04/01/26,04-Jan-26,BANGALORE,66,66KV YARANDANAHALLI 220 - CHANDAPURACHANDAPURA,,10:30,10:39,0:09,9,10,solar_window,LINE CLEAR AVAILED,planned_or_line_clear,BANGALORE 6666KV YARANDANAHALLI 220 - CHANDAPURACHANDAPURA 10:30 10:39 00:09 LINE CLEAR AVAILED
OUTAGES JAN-26.pdf,17,474,04/01/26,04-Jan-26,BANGALORE,66,HV1 ANJANAPURA,,23:00,23:25,0:25,25,23,night_offpeak,LINE CLEAR AVAILED,planned_or_line_clear,BANGALORE 66 HV1 ANJANAPURA 23:00 23:25 00:25 LINE CLEAR AVAILED
OUTAGES JAN-26.pdf,17,475,04/01/26,04-Jan-26,BANGALORE,66,HV1 TEKAL,,12:40,14:30,1:50,110,12,solar_window,LINE CLEAR AVAILED,planned_or_line_clear,BANGALORE 66 HV1 TEKAL 12:40 14:30 01:50 LINE CLEAR AVAILED
OUTAGES JAN-26.pdf,18,476,04/01/26,04-Jan-26,BANGALORE,66,HV1 VENKATARAYANADODDI,,11:00,11:10,0:10,10,11,solar_window,TRIPPED ON FAULT,forced,BANGALORE 66 HV1 VENKATARAYANADODDI 11:00 11:10 00:10 TRIPPED ON FAULT
OUTAGES JAN-26.pdf,18,477,04/01/26,04-Jan-26,BANGALORE,66,HV1 MAGADI 220,,10:02,18:00,7:58,478,10,solar_window,LINE CLEAR AVAILED,planned_or_line_clear,BANGALORE 66 HV1 MAGADI 220 10:02 18:00 07:58 LINE CLEAR AVAILED
OUTAGES JAN-26.pdf,18,478,04/01/26,04-Jan-26,BANGALORE,66,HV1 NELAMANGALA 66,,14:02,14:12,0:10,10,14,solar_window,LINE CLEAR AVAILED,planned_or_line_clear,BANGALORE 66 HV1 NELAMANGALA 66 14:02 14:12 00:10 LINE CLEAR AVAILED
OUTAGES JAN-26.pdf,18,479,04/01/26,04-Jan-26,BANGALORE,66,HV2 LR BANDE,,22:55,23:00,0:05,5,22,evening_peak,LINE CLEAR AVAILED,planned_or_line_clear,BANGALORE 66 HV2 LR BANDE 22:55 23:00 00:05 LINE CLEAR AVAILED
OUTAGES JAN-26.pdf,18,480,04/01/26,04-Jan-26,BANGALORE,66,HV2 POTTERY ROAD,,16:01,16:05,0:04,4,16,day_other,LINE CLEAR AVAILED,planned_or_line_clear,BANGALORE 66 HV2 POTTERY ROAD 16:01 16:05 00:04 LINE CLEAR AVAILED
OUTAGES JAN-26.pdf,18,481,04/01/26,04-Jan-26,BANGALORE,66,HV2 VOLVO,,12:05,12:25,0:20,20,12,solar_window,TRIPPED ON FAULT,forced,BANGALORE 66 HV2 VOLVO 12:05 12:25 00:20 TRIPPED ON FAULT
OUTAGES JAN-26.pdf,18,482,04/01/26,04-Jan-26,BANGALORE,66,HV2 VOLVO,,12:25,14:05,1:40,100,12,solar_window,LINE CLEAR AVAILED,planned_or_line_clear,BANGALORE 66 HV2 VOLVO 12:25 14:05 01:40 LINE CLEAR AVAILED
OUTAGES JAN-26.pdf,18,483,04/01/26,04-Jan-26,BANGALORE,66,HV2 VEMAGAL,,11:15,11:20,0:05,5,11,solar_window,LINE CLEAR AVAILED,planned_or_line_clear,BANGALORE 66 HV2 VEMAGAL 11:15 11:20 00:05 LINE CLEAR AVAILED
OUTAGES JAN-26.pdf,18,484,04/01/26,04-Jan-26,BANGALORE,66,HV2 TEKAL,,11:00,12:35,1:35,95,11,solar_window,LINE CLEAR AVAILED,planned_or_line_clear,BANGALORE 66 HV2 TEKAL 11:00 12:35 01:35 LINE CLEAR AVAILED
OUTAGES JAN-26.pdf,18,485,04/01/26,04-Jan-26,BANGALORE,66,HV2 VENKATARAYANADODDI,,11:00,11:10,0:10,10,11,solar_window,TRIPPED ON FAULT,forced,BANGALORE 66 HV2 VENKATARAYANADODDI 11:00 11:10 00:10 TRIPPED ON FAULT
OUTAGES JAN-26.pdf,18,486,04/01/26,04-Jan-26,BANGALORE,66,HV2 ANEKAL,,13:38,13:43,0:05,5,13,solar_window,TRIPPED ON FAULT,forced,BANGALORE 66 HV2 ANEKAL 13:38 13:43 00:05 TRIPPED ON FAULT
OUTAGES JAN-26.pdf,18,487,04/01/26,04-Jan-26,BANGALORE,66,HV3 YARANDANAHALLI 220,,13:40,13:43,0:03,3,13,solar_window,TRIPPED ON FAULT,forced,BANGALORE 66 HV3 YARANDANAHALLI 220 13:40 13:43 00:03 TRIPPED ON FAULT
OUTAGES JAN-26.pdf,18,488,04/01/26,04-Jan-26,BANGALORE,66,HV3 YARANDANAHALLI 220,,13:43,14:18,0:35,35,13,solar_window,LINE CLEAR AVAILED,planned_or_line_clear,BANGALORE 66 HV3 YARANDANAHALLI 220 13:43 14:18 00:35 LINE CLEAR AVAILED
OUTAGES JAN-26.pdf,18,489,04/01/26,04-Jan-26,BANGALORE,220,220KV CHANNAPATNA 220 - TUBINAKERE 220 (MANDYA)NO STATION AFFECTED,,6:05,7:06,1:01,61,6,day_other,TRIPPED ON FAULT,forced,BANGALORE 220220KV CHANNAPATNA 220 - TUBINAKERE 220 (MANDYA)NO STATION AFFECTED 06:05 07:06 01:01 TRIPPED ON FAULT
OUTAGES JAN-26.pdf,18,490,04/01/26,04-Jan-26,BANGALORE,220,220KV DABASPETE 220 - KADUR 220 NO STATION AFFECTED,,11:34,17:07,5:33,333,11,solar_window,TRIPPED ON FAULT,forced,BANGALORE 220 220KV DABASPETE 220 - KADUR 220 NO STATION AFFECTED 11:34 17:07 05:33 TRIPPED ON FAULT
OUTAGES JAN-26.pdf,18,491,04/01/26,04-Jan-26,BANGALORE,220,220KV DEVANAHALLI 400 GIS - NRS DB PURA 220 2NO STATION AFFECTED,,0:00,23:59,23:59,1439,0,night_offpeak,TRIPPED ON FAULT,forced,BANGALORE 220220KV DEVANAHALLI 400 GIS - NRS DB PURA 220 2NO STATION AFFECTED 00:00 23:59 23:59 TRIPPED ON FAULT
OUTAGES JAN-26.pdf,18,492,04/01/26,04-Jan-26,BANGALORE,220,HV1 MAGADI 220,,10:02,18:00,7:58,478,10,solar_window,LINE CLEAR AVAILED,planned_or_line_clear,BANGALORE 220 HV1 MAGADI 220 10:02 18:00 07:58 LINE CLEAR AVAILED
OUTAGES JAN-26.pdf,18,493,04/01/26,04-Jan-26,BANGALORE,220,HV2 MAGADI 220,,10:02,18:00,7:58,478,10,solar_window,LINE CLEAR AVAILED,planned_or_line_clear,BANGALORE 220 HV2 MAGADI 220 10:02 18:00 07:58 LINE CLEAR AVAILED
OUTAGES JAN-26.pdf,23,629,05/01/26,05-Jan-26,BANGALORE,66,66KV BIDADI 220 - HEJJALA 2 HEJJALA,,17:30,17:55,0:25,25,17,day_other,LINE CLEAR AVAILED,planned_or_line_clear,BANGALORE 66 66KV BIDADI 220 - HEJJALA 2 HEJJALA 17:30 17:55 00:25 LINE CLEAR AVAILED
OUTAGES JAN-26.pdf,23,630,05/01/26,05-Jan-26,BANGALORE,66,"66KV CHANNAPATNA 220 - KOTHIPURA 2 - BEVOORDASHAWRA, BEVOOR, SANKALAGERE, VANDARAGUPPE",,12:51,13:02,0:11,11,12,solar_window,TRIPPED ON FAULT,forced,"BANGALORE 6666KV CHANNAPATNA 220 - KOTHIPURA 2 - BEVOORDASHAWRA, BEVOOR, SANKALAGERE, VANDARAGUPPE12:51 13:02 00:11 TRIPPED ON FAULT"
OUTAGES JAN-26.pdf,23,631,05/01/26,05-Jan-26,BANGALORE,66,66KV HBR LAYOUT 220 - POTTERY ROAD POTTERY ROAD,,11:37,11:40,0:03,3,11,solar_window,LINE CLEAR AVAILED,planned_or_line_clear,BANGALORE 66 66KV HBR LAYOUT 220 - POTTERY ROAD POTTERY ROAD 11:37 11:40 00:03 LINE CLEAR AVAILED
OUTAGES JAN-26.pdf,23,632,05/01/26,05-Jan-26,BANGALORE,66,66KV HOODY 220 - ITI 220 (POTTERYROAD) POTTERY ROAD,,20:03,20:06,0:03,3,20,evening_peak,LINE CLEAR AVAILED,planned_or_line_clear,BANGALORE 66 66KV HOODY 220 - ITI 220 (POTTERYROAD) POTTERY ROAD 20:03 20:06 00:03 LINE CLEAR AVAILED
OUTAGES JAN-26.pdf,23,633,05/01/26,05-Jan-26,BANGALORE,66,"66KV KANAKAPURA 220 - ACHALU66/11 KV ACCHALU, HONNIGANAHALLI, HALAGUR S/ S",,11:23,11:25,0:02,2,11,solar_window,TRIPPED ON FAULT,forced,"BANGALORE 66 66KV KANAKAPURA 220 - ACHALU66/11 KV ACCHALU, HONNIGANAHALLI, HALAGUR S/ S11:23 11:25 00:02 TRIPPED ON FAULT"
OUTAGES JAN-26.pdf,23,634,05/01/26,05-Jan-26,BANGALORE,66,"66KV KANAKAPURA 220 - ACHALU66/11 KV ACCHALU, HONNIGANAHALLI, HALAGUR S/ S",,16:00,16:06,0:06,6,16,day_other,TRIPPED ON FAULT,forced,"BANGALORE 66 66KV KANAKAPURA 220 - ACHALU66/11 KV ACCHALU, HONNIGANAHALLI, HALAGUR S/ S16:00 16:06 00:06 TRIPPED ON FAULT"
OUTAGES JAN-26.pdf,23,635,05/01/26,05-Jan-26,BANGALORE,66,66KV KENGERI SATELLITE TOWN - SIR MV LAYOUTKENGERI,,9:45,9:50,0:05,5,9,day_other,LINE CLEAR AVAILED,planned_or_line_clear,BANGALORE 6666KV KENGERI SATELLITE TOWN - SIR MV LAYOUTKENGERI 09:45 09:50 00:05 LINE CLEAR AVAILED
OUTAGES JAN-26.pdf,23,636,05/01/26,05-Jan-26,BANGALORE,66,"66KV KOLAR 220 - VOKKALERIVOKKALERI, KC VALLEY PUMPHOUSE EHT",,17:30,17:45,0:15,15,17,day_other,TRIPPED ON FAULT,forced,"BANGALORE 66 66KV KOLAR 220 - VOKKALERIVOKKALERI, KC VALLEY PUMPHOUSE EHT17:30 17:45 00:15 TRIPPED ON FAULT"
OUTAGES JAN-26.pdf,23,637,05/01/26,05-Jan-26,BANGALORE,66,"66KV KOTHIPURA 220 - SHIVANAHALLI - CHIKKENAHALLICHIKKENAHALLI 66KV, ALLIMARANAHALLI 66KV, SHIVANAHALLI 66KV",,8:07,8:24,0:17,17,8,day_other,TRIPPED ON FAULT,forced,"BANGALORE 6666KV KOTHIPURA 220 - SHIVANAHALLI - CHIKKENAHALLICHIKKENAHALLI 66KV, ALLIMARANAHALLI 66KV, SHIVANAHALLI 66KV08:07 08:24 00:17 TRIPPED ON FAULT"
OUTAGES JAN-26.pdf,23,638,05/01/26,05-Jan-26,BANGALORE,66,66KV KUMBALAGODU 220 - DODDERI66KV CHANDRAPPA- DODERI STN,,7:08,8:04,0:56,56,7,day_other,TRIPPED ON FAULT,forced,BANGALORE 66 66KV KUMBALAGODU 220 - DODDERI66KV CHANDRAPPA- DODERI STN07:08 08:04 00:56 TRIPPED ON FAULT
OUTAGES JAN-26.pdf,23,639,05/01/26,05-Jan-26,BANGALORE,66,66KV KUMBALAGODU 220 - HEJJALA 66KV HEJJALA STN,,7:08,7:47,0:39,39,7,day_other,TRIPPED ON FAULT,forced,BANGALORE 66 66KV KUMBALAGODU 220 - HEJJALA 66KV HEJJALA STN 07:08 07:47 00:39 TRIPPED ON FAULT
OUTAGES JAN-26.pdf,23,640,05/01/26,05-Jan-26,BANGALORE,66,66KV KUMBALAGODU 220 - KENGERI SATELLITE TOWN 1KENGERI,,7:08,7:45,0:37,37,7,day_other,TRIPPED ON FAULT,forced,BANGALORE 6666KV KUMBALAGODU 220 - KENGERI SATELLITE TOWN 1KENGERI 07:08 07:45 00:37 TRIPPED ON FAULT
OUTAGES JAN-26.pdf,23,641,05/01/26,05-Jan-26,BANGALORE,66,66KV POTTERY ROAD - ITC EHT POTTERY ROAD,,20:03,20:06,0:03,3,20,evening_peak,LINE CLEAR AVAILED,planned_or_line_clear,BANGALORE 66 66KV POTTERY ROAD - ITC EHT POTTERY ROAD 20:03 20:06 00:03 LINE CLEAR AVAILED
OUTAGES JAN-26.pdf,23,642,05/01/26,05-Jan-26,BANGALORE,66,66KV POTTERY ROAD - ITC EHT POTTERY ROAD,,11:37,11:40,0:03,3,11,solar_window,LINE CLEAR AVAILED,planned_or_line_clear,BANGALORE 66 66KV POTTERY ROAD - ITC EHT POTTERY ROAD 11:37 11:40 00:03 LINE CLEAR AVAILED
OUTAGES JAN-26.pdf,23,643,05/01/26,05-Jan-26,BANGALORE,66,66KV SUBRAMANYAPURA 220 - SHOBHA FOREST VIEW - KHODAYS 220SHOBHA FOREST VIEW,,10:16,10:20,0:04,4,10,solar_window,LINE CLEAR AVAILED,planned_or_line_clear,BANGALORE 6666KV SUBRAMANYAPURA 220 - SHOBHA FOREST VIEW - KHODAYS 220SHOBHA FOREST VIEW 10:16 10:20 00:04 LINE CLEAR AVAILED
OUTAGES JAN-26.pdf,24,644,05/01/26,05-Jan-26,BANGALORE,66,66KV T GOLLAHALLI 220 - KGF 1 NO STATION AFFECTED,,0:00,23:59,23:59,1439,0,night_offpeak,LINE CLEAR AVAILED,planned_or_line_clear,BANGALORE 66 66KV T GOLLAHALLI 220 - KGF 1 NO STATION AFFECTED 00:00 23:59 23:59 LINE CLEAR AVAILED
OUTAGES JAN-26.pdf,24,645,05/01/26,05-Jan-26,BANGALORE,66,"66KV T GOLLAHALLI 220 - MULBAGAL - BYRAKUR - NANGLINANGALI, BYRAKURU",,13:42,13:56,0:14,14,13,solar_window,TRIPPED ON FAULT,forced,"BANGALORE 6666KV T GOLLAHALLI 220 - MULBAGAL - BYRAKUR - NANGLINANGALI, BYRAKURU 13:42 13:56 00:14 TRIPPED ON FAULT"
OUTAGES JAN-26.pdf,24,646,05/01/26,05-Jan-26,BANGALORE,66,"66KV YENNIGADALE - SOMANATHAPURA - CHELURCHELUR, CHAKAVELU, YENIGADALE",,7:15,7:25,0:10,10,7,day_other,TRIPPED ON FAULT,forced,"BANGALORE 6666KV YENNIGADALE - SOMANATHAPURA - CHELURCHELUR, CHAKAVELU, YENIGADALE07:15 07:25 00:10 TRIPPED ON FAULT"
OUTAGES JAN-26.pdf,24,647,05/01/26,05-Jan-26,BANGALORE,66,66KV YENNIGADALE - SOMANATHAPURA - CHELURCHAKAVELU,,14:05,14:10,0:05,5,14,solar_window,LINE CLEAR AVAILED,planned_or_line_clear,BANGALORE 6666KV YENNIGADALE - SOMANATHAPURA - CHELURCHAKAVELU 14:05 14:10 00:05 LINE CLEAR AVAILED
OUTAGES JAN-26.pdf,24,648,05/01/26,05-Jan-26,BANGALORE,66,HV1 B STATION MUSS,,6:40,6:45,0:05,5,6,day_other,LINE CLEAR AVAILED,planned_or_line_clear,BANGALORE 66 HV1 B STATION MUSS 06:40 06:45 00:05 LINE CLEAR AVAILED
OUTAGES JAN-26.pdf,24,649,05/01/26,05-Jan-26,BANGALORE,66,HV1 YENIGADALE,,11:27,19:18,7:51,471,11,solar_window,LINE CLEAR AVAILED,planned_or_line_clear,BANGALORE 66 HV1 YENIGADALE 11:27 19:18 07:51 LINE CLEAR AVAILED
OUTAGES JAN-26.pdf,24,650,05/01/26,05-Jan-26,BANGALORE,66,HV1 APPARELPARK,,20:05,20:35,0:30,30,20,evening_peak,TRIPPED ON FAULT,forced,BANGALORE 66 HV1 APPARELPARK 20:05 20:35 00:30 TRIPPED ON FAULT
OUTAGES JAN-26.pdf,24,651,05/01/26,05-Jan-26,BANGALORE,66,HV1 CHAKAVELU,,13:00,13:10,0:10,10,13,solar_window,LINE CLEAR AVAILED,planned_or_line_clear,BANGALORE 66 HV1 CHAKAVELU 13:00 13:10 00:10 LINE CLEAR AVAILED
OUTAGES JAN-26.pdf,24,652,05/01/26,05-Jan-26,BANGALORE,66,HV1 CHELUR,,13:20,13:30,0:10,10,13,solar_window,TRIPPED ON FAULT,forced,BANGALORE 66 HV1 CHELUR 13:20 13:30 00:10 TRIPPED ON FAULT
OUTAGES JAN-26.pdf,24,653,05/01/26,05-Jan-26,BANGALORE,66,HV1 SUGATUR,,22:38,22:48,0:10,10,22,evening_peak,TRIPPED ON FAULT,forced,BANGALORE 66 HV1 SUGATUR 22:38 22:48 00:10 TRIPPED ON FAULT
OUTAGES JAN-26.pdf,24,654,05/01/26,05-Jan-26,BANGALORE,66,HV1 BUDIKOTE,,16:35,17:35,1:00,60,16,day_other,LINE CLEAR AVAILED,planned_or_line_clear,BANGALORE 66 HV1 BUDIKOTE 16:35 17:35 01:00 LINE CLEAR AVAILED
OUTAGES JAN-26.pdf,24,655,05/01/26,05-Jan-26,BANGALORE,66,HV1 NELAMANGALA,,10:01,10:28,0:27,27,10,solar_window,LINE CLEAR AVAILED,planned_or_line_clear,BANGALORE 66 HV1 NELAMANGALA 10:01 10:28 00:27 LINE CLEAR AVAILED
OUTAGES JAN-26.pdf,24,656,05/01/26,05-Jan-26,BANGALORE,66,HV2 YELAHANKA,,16:20,16:48,0:28,28,16,day_other,TRIPPED ON FAULT,forced,BANGALORE 66 HV2 YELAHANKA 16:20 16:48 00:28 TRIPPED ON FAULT
OUTAGES JAN-26.pdf,24,657,05/01/26,05-Jan-26,BANGALORE,66,HV2 ANJANAPURA,,7:35,7:40,0:05,5,7,day_other,TRIPPED ON FAULT,forced,BANGALORE 66 HV2 ANJANAPURA 07:35 07:40 00:05 TRIPPED ON FAULT
OUTAGES JAN-26.pdf,24,658,05/01/26,05-Jan-26,BANGALORE,66,HV2 YENIGADALE,,15:13,15:42,0:29,29,15,solar_window,LINE CLEAR AVAILED,planned_or_line_clear,BANGALORE 66 HV2 YENIGADALE 15:13 15:42 00:29 LINE CLEAR AVAILED
OUTAGES JAN-26.pdf,24,659,05/01/26,05-Jan-26,BANGALORE,66,HV2 YENIGADALE,,16:27,16:54,0:27,27,16,day_other,LINE CLEAR AVAILED,planned_or_line_clear,BANGALORE 66 HV2 YENIGADALE 16:27 16:54 00:27 LINE CLEAR AVAILED
OUTAGES JAN-26.pdf,24,660,05/01/26,05-Jan-26,BANGALORE,66,HV2 CHELUR,,9:05,16:00,6:55,415,9,day_other,LINE CLEAR AVAILED,planned_or_line_clear,BANGALORE 66 HV2 CHELUR 09:05 16:00 06:55 LINE CLEAR AVAILED
OUTAGES JAN-26.pdf,24,661,05/01/26,05-Jan-26,BANGALORE,66,HV2 BUDIKOTE,,14:30,15:10,0:40,40,14,solar_window,LINE CLEAR AVAILED,planned_or_line_clear,BANGALORE 66 HV2 BUDIKOTE 14:30 15:10 00:40 LINE CLEAR AVAILED
OUTAGES JAN-26.pdf,24,662,05/01/26,05-Jan-26,BANGALORE,66,HV2 NELAMANGALA,,9:37,10:01,0:24,24,9,day_other,LINE CLEAR AVAILED,planned_or_line_clear,BANGALORE 66 HV2 NELAMANGALA 09:37 10:01 00:24 LINE CLEAR AVAILED
OUTAGES JAN-26.pdf,24,663,05/01/26,05-Jan-26,BANGALORE,66,HV3 B STATION MUSS,,7:56,8:00,0:04,4,7,day_other,LINE CLEAR AVAILED,planned_or_line_clear,BANGALORE 66 HV3 B STATION MUSS 07:56 08:00 00:04 LINE CLEAR AVAILED
OUTAGES JAN-26.pdf,24,664,05/01/26,05-Jan-26,BANGALORE,66,HV3 ANJANAPURA,,7:53,8:10,0:17,17,7,day_other,TRIPPED ON FAULT,forced,BANGALORE 66 HV3 ANJANAPURA 07:53 08:10 00:17 TRIPPED ON FAULT
OUTAGES JAN-26.pdf,24,665,05/01/26,05-Jan-26,BANGALORE,220,220KV DEVANAHALLI 400 GIS - NRS DB PURA 220 2NO STATION AFFECTED,,0:00,23:59,23:59,1439,0,night_offpeak,TRIPPED ON FAULT,forced,BANGALORE 220220KV DEVANAHALLI 400 GIS - NRS DB PURA 220 2NO STATION AFFECTED 00:00 23:59 23:59 TRIPPED ON FAULT
OUTAGES JAN-26.pdf,28,778,06/01/26,06-Jan-26,BANGALORE,66,66KV A STATION 220 - SHOBHA INDRAPRASTHA (A1)SHOBHA INDRAPRASTHA,,19:18,19:23,0:05,5,19,evening_peak,LINE CLEAR AVAILED,planned_or_line_clear,BANGALORE 6666KV A STATION 220 - SHOBHA INDRAPRASTHA (A1)SHOBHA INDRAPRASTHA 19:18 19:23 00:05 LINE CLEAR AVAILED
OUTAGES JAN-26.pdf,28,779,06/01/26,06-Jan-26,BANGALORE,66,66KV BIDADI 220 - HEJJALA 2 HEJJALA,,18:05,18:10,0:05,5,18,evening_peak,LINE CLEAR AVAILED,planned_or_line_clear,BANGALORE 66 66KV BIDADI 220 - HEJJALA 2 HEJJALA 18:05 18:10 00:05 LINE CLEAR AVAILED
OUTAGES JAN-26.pdf,28,780,06/01/26,06-Jan-26,BANGALORE,66,"66KV GOWRIBIDANUR 220 - KODIGENAHALLIKODIGENAHALLI, ID HALLI",,11:11,11:21,0:10,10,11,solar_window,TRIPPED ON FAULT,forced,"BANGALORE 6666KV GOWRIBIDANUR 220 - KODIGENAHALLIKODIGENAHALLI, ID HALLI 11:11 11:21 00:10 TRIPPED ON FAULT"
OUTAGES JAN-26.pdf,28,781,06/01/26,06-Jan-26,BANGALORE,66,66KV GOWRIBIDANUR 220 - VATADAHOSAHALLI - MITTEMARI 220VATADAHOSAHALLI,,14:12,14:47,0:35,35,14,solar_window,LINE CLEAR AVAILED,planned_or_line_clear,BANGALORE 6666KV GOWRIBIDANUR 220 - VATADAHOSAHALLI - MITTEMARI 220VATADAHOSAHALLI 14:12 14:47 00:35 LINE CLEAR AVAILED
OUTAGES JAN-26.pdf,28,782,06/01/26,06-Jan-26,BANGALORE,66,66KV HOODY 220 - HOSKOTE 66 HOSKOTE 66,,12:25,12:42,0:17,17,12,solar_window,LINE CLEAR AVAILED,planned_or_line_clear,BANGALORE 66 66KV HOODY 220 - HOSKOTE 66 HOSKOTE 66 12:25 12:42 00:17 LINE CLEAR AVAILED
OUTAGES JAN-26.pdf,28,783,06/01/26,06-Jan-26,BANGALORE,66,66KV HOODY 220 - HOSKOTE 66 HOSKOTE 66,,13:29,13:32,0:03,3,13,solar_window,LINE CLEAR AVAILED,planned_or_line_clear,BANGALORE 66 66KV HOODY 220 - HOSKOTE 66 HOSKOTE 66 13:29 13:32 00:03 LINE CLEAR AVAILED
OUTAGES JAN-26.pdf,28,784,06/01/26,06-Jan-26,BANGALORE,66,66KV HOODY 220 - HOSKOTE 66 HOSKOTE 66,,17:38,18:06,0:28,28,17,day_other,LINE CLEAR AVAILED,planned_or_line_clear,BANGALORE 66 66KV HOODY 220 - HOSKOTE 66 HOSKOTE 66 17:38 18:06 00:28 LINE CLEAR AVAILED
OUTAGES JAN-26.pdf,28,785,06/01/26,06-Jan-26,BANGALORE,66,66KV KENGERI SATELLITE TOWN - SIR MV LAYOUTKENGERI,,10:04,10:08,0:04,4,10,solar_window,LINE CLEAR AVAILED,planned_or_line_clear,BANGALORE 6666KV KENGERI SATELLITE TOWN - SIR MV LAYOUTKENGERI 10:04 10:08 00:04 LINE CLEAR AVAILED
OUTAGES JAN-26.pdf,28,786,06/01/26,06-Jan-26,BANGALORE,66,66KV KUDURU - SRIGIRIPURA SRIGIRIPURA,,9:49,9:54,0:05,5,9,day_other,MAIN SUPPLY FAILED,forced,BANGALORE 66 66KV KUDURU - SRIGIRIPURA SRIGIRIPURA 09:49 09:54 00:05 MAIN SUPPLY FAILED
OUTAGES JAN-26.pdf,28,787,06/01/26,06-Jan-26,BANGALORE,66,"66KV KUMBALAGODU 220 - DODDERIDODDERI, CHANDRAPPA CIRCLE",,8:01,8:26,0:25,25,8,day_other,TRIPPED ON FAULT,forced,"BANGALORE 66 66KV KUMBALAGODU 220 - DODDERIDODDERI, CHANDRAPPA CIRCLE08:01 08:26 00:25 TRIPPED ON FAULT"
OUTAGES JAN-26.pdf,28,788,06/01/26,06-Jan-26,BANGALORE,66,66KV KUMBALAGODU 220 - HEJJALA HEJJALA,,8:01,8:21,0:20,20,8,day_other,TRIPPED ON FAULT,forced,BANGALORE 66 66KV KUMBALAGODU 220 - HEJJALA HEJJALA 08:01 08:21 00:20 TRIPPED ON FAULT
OUTAGES JAN-26.pdf,29,789,06/01/26,06-Jan-26,BANGALORE,66,66KV KUMBALAGODU 220 - KENGERI SATELLITE TOWN 1KENGERI,,8:01,8:22,0:21,21,8,day_other,TRIPPED ON FAULT,forced,BANGALORE 6666KV KUMBALAGODU 220 - KENGERI SATELLITE TOWN 1KENGERI 08:01 08:22 00:21 TRIPPED ON FAULT
OUTAGES JAN-26.pdf,29,790,06/01/26,06-Jan-26,BANGALORE,66,66KV NRS 220 - NANDINI LAYOUT NANDINI LAYOUT,,21:37,21:41,0:04,4,21,evening_peak,LINE CLEAR AVAILED,planned_or_line_clear,BANGALORE 66 66KV NRS 220 - NANDINI LAYOUT NANDINI LAYOUT 21:37 21:41 00:04 LINE CLEAR AVAILED
OUTAGES JAN-26.pdf,29,791,06/01/26,06-Jan-26,BANGALORE,66,66KV SRS PEENYA 220 - NANDINI LAYOUT NANDINI LAYOUT,,9:27,9:32,0:05,5,9,day_other,LINE CLEAR AVAILED,planned_or_line_clear,BANGALORE 66 66KV SRS PEENYA 220 - NANDINI LAYOUT NANDINI LAYOUT 09:27 09:32 00:05 LINE CLEAR AVAILED
OUTAGES JAN-26.pdf,29,792,06/01/26,06-Jan-26,BANGALORE,66,66KV T GOLLAHALLI 220 - KGF 1 NO STATION AFFECTED,,0:00,23:59,23:59,1439,0,night_offpeak,LINE CLEAR AVAILED,planned_or_line_clear,BANGALORE 66 66KV T GOLLAHALLI 220 - KGF 1 NO STATION AFFECTED 00:00 23:59 23:59 LINE CLEAR AVAILED
OUTAGES JAN-26.pdf,29,793,06/01/26,06-Jan-26,BANGALORE,66,HV1 KENGERI,,15:30,15:34,0:04,4,15,solar_window,LINE CLEAR AVAILED,planned_or_line_clear,BANGALORE 66 HV1 KENGERI 15:30 15:34 00:04 LINE CLEAR AVAILED
OUTAGES JAN-26.pdf,29,794,06/01/26,06-Jan-26,BANGALORE,66,HV1 APPAREL PARK,,20:05,20:35,0:30,30,20,evening_peak,TRIPPED ON FAULT,forced,BANGALORE 66 HV1 APPAREL PARK 20:05 20:35 00:30 TRIPPED ON FAULT
OUTAGES JAN-26.pdf,29,795,06/01/26,06-Jan-26,BANGALORE,66,HV1 AGALKOTE,,14:35,14:37,0:02,2,14,solar_window,LINE CLEAR AVAILED,planned_or_line_clear,BANGALORE 66 HV1 AGALKOTE 14:35 14:37 00:02 LINE CLEAR AVAILED
OUTAGES JAN-26.pdf,29,796,06/01/26,06-Jan-26,BANGALORE,66,HV2 TALAGAWARA,,10:29,10:50,0:21,21,10,solar_window,TRIPPED ON FAULT,forced,BANGALORE 66 HV2 TALAGAWARA 10:29 10:50 00:21 TRIPPED ON FAULT
OUTAGES JAN-26.pdf,29,797,06/01/26,06-Jan-26,BANGALORE,66,HV2 GUDIBANDE,,12:35,13:50,1:15,75,12,solar_window,LINE CLEAR AVAILED,planned_or_line_clear,BANGALORE 66 HV2 GUDIBANDE 12:35 13:50 01:15 LINE CLEAR AVAILED
OUTAGES JAN-26.pdf,29,798,06/01/26,06-Jan-26,BANGALORE,66,HV2 AGALKOTE,,17:30,17:32,0:02,2,17,day_other,LINE CLEAR AVAILED,planned_or_line_clear,BANGALORE 66 HV2 AGALKOTE 17:30 17:32 00:02 LINE CLEAR AVAILED
OUTAGES JAN-26.pdf,29,799,06/01/26,06-Jan-26,BANGALORE,220,220KV DEVANAHALLI 400 GIS - NRS DB PURA 220 2NO STATION AFFECTED,,0:00,23:59,23:59,1439,0,night_offpeak,TRIPPED ON FAULT,forced,BANGALORE 220220KV DEVANAHALLI 400 GIS - NRS DB PURA 220 2NO STATION AFFECTED 00:00 23:59 23:59 TRIPPED ON FAULT
OUTAGES JAN-26.pdf,29,800,06/01/26,06-Jan-26,BANGALORE,220,220KV HOODY 400 - HAL 1 NO STATION AFFECTED,,18:56,23:59,5:03,303,18,evening_peak,TRIPPED ON FAULT,forced,BANGALORE 220 220KV HOODY 400 - HAL 1 NO STATION AFFECTED 18:56 23:59 05:03 TRIPPED ON FAULT
OUTAGES JAN-26.pdf,29,801,06/01/26,06-Jan-26,BANGALORE,220,HV3 SRS PEENYA 220,,8:52,10:37,1:45,105,8,day_other,TRIPPED ON FAULT,forced,BANGALORE 220 HV3 SRS PEENYA 220 08:52 10:37 01:45 TRIPPED ON FAULT
OUTAGES JAN-26.pdf,34,961,07/01/26,07-Jan-26,BANGALORE,66,"66KV ANCHEPALYA 220 - HULLENAHALLIHULLENAHALLI, KUDUR, SRIGIRIPURA",,16:58,17:15,0:17,17,16,day_other,TRIPPED ON FAULT,forced,"BANGALORE 66 66KV ANCHEPALYA 220 - HULLENAHALLIHULLENAHALLI, KUDUR, SRIGIRIPURA16:58 17:15 00:17 TRIPPED ON FAULT"
OUTAGES JAN-26.pdf,34,962,07/01/26,07-Jan-26,BANGALORE,66,66KV BRIGADE GATEWAY - PALLADIUM BRIGADE GATEWAY,,2:38,3:10,0:32,32,2,night_offpeak,TRIPPED ON FAULT,forced,BANGALORE 66 66KV BRIGADE GATEWAY - PALLADIUM BRIGADE GATEWAY 02:38 03:10 00:32 TRIPPED ON FAULT
OUTAGES JAN-26.pdf,34,963,07/01/26,07-Jan-26,BANGALORE,66,"66KV CHINTAMANI 220 - SIDDALAGHATTA SIDDALAGHATTA, MELUR",,6:45,7:05,0:20,20,6,day_other,TRIPPED ON FAULT,forced,"BANGALORE 66 66KV CHINTAMANI 220 - SIDDALAGHATTA SIDDALAGHATTA, MELUR 06:45 07:05 00:20 TRIPPED ON FAULT"
OUTAGES JAN-26.pdf,34,964,07/01/26,07-Jan-26,BANGALORE,66,66KV EDC 220 - AUSTIN TOWN AUSTIN TOWN,,2:49,2:56,0:07,7,2,night_offpeak,LINE CLEAR AVAILED,planned_or_line_clear,BANGALORE 66 66KV EDC 220 - AUSTIN TOWN AUSTIN TOWN 02:49 02:56 00:07 LINE CLEAR AVAILED
OUTAGES JAN-26.pdf,34,965,07/01/26,07-Jan-26,BANGALORE,66,66KV EDC 220 - KANTEERAVA KANTEERAVA 66kV GIS,,11:02,11:05,0:03,3,11,solar_window,LINE CLEAR AVAILED,planned_or_line_clear,BANGALORE 66 66KV EDC 220 - KANTEERAVA KANTEERAVA 66kV GIS 11:02 11:05 00:03 LINE CLEAR AVAILED
OUTAGES JAN-26.pdf,34,966,07/01/26,07-Jan-26,BANGALORE,66,"66KV GOWRIBIDANUR 220 - KODIGENAHALLIKODIGENAHALLI, ID HALLI",,5:02,5:18,0:16,16,5,night_offpeak,TRIPPED ON FAULT,forced,"BANGALORE 6666KV GOWRIBIDANUR 220 - KODIGENAHALLIKODIGENAHALLI, ID HALLI 05:02 05:18 00:16 TRIPPED ON FAULT"
OUTAGES JAN-26.pdf,34,967,07/01/26,07-Jan-26,BANGALORE,66,66KV HAL 220 - AMARJYOTHI 1 - LEELAVENTURE (TAP)LEELA VENTURE,,2:35,2:45,0:10,10,2,night_offpeak,LINE CLEAR AVAILED,planned_or_line_clear,BANGALORE 6666KV HAL 220 - AMARJYOTHI 1 - LEELAVENTURE (TAP)LEELA VENTURE 02:35 02:45 00:10 LINE CLEAR AVAILED
OUTAGES JAN-26.pdf,35,968,07/01/26,07-Jan-26,BANGALORE,66,66KV HAL 220 - AMARJYOTHI 1 - LEELAVENTURE (TAP)LEELA VENTURE,,6:00,6:30,0:30,30,6,day_other,LINE CLEAR AVAILED,planned_or_line_clear,BANGALORE 6666KV HAL 220 - AMARJYOTHI 1 - LEELAVENTURE (TAP)LEELA VENTURE 06:00 06:30 00:30 LINE CLEAR AVAILED
OUTAGES JAN-26.pdf,35,969,07/01/26,07-Jan-26,BANGALORE,66,66KV KENGERI SATELLITE TOWN - SIR MV LAYOUTKENGERI,,15:02,15:06,0:04,4,15,solar_window,LINE CLEAR AVAILED,planned_or_line_clear,BANGALORE 6666KV KENGERI SATELLITE TOWN - SIR MV LAYOUTKENGERI 15:02 15:06 00:04 LINE CLEAR AVAILED
OUTAGES JAN-26.pdf,35,970,07/01/26,07-Jan-26,BANGALORE,66,"66KV KOTHIPURA 220 - CHIKKENAHALLI LINKCHIKKENAHALLI, ALLIMARANAHALLI, SHIVANAHALLI",,23:52,23:59,0:07,7,23,night_offpeak,TRIPPED ON FAULT,forced,"BANGALORE 6666KV KOTHIPURA 220 - CHIKKENAHALLI LINKCHIKKENAHALLI, ALLIMARANAHALLI, SHIVANAHALLI23:52 23:59 00:07 TRIPPED ON FAULT"
OUTAGES JAN-26.pdf,35,971,07/01/26,07-Jan-26,BANGALORE,66,"66KV KUMBALAGODU 220 - DODDERIDODDERI, CHANDRAPPA CIRCLE",,7:29,7:42,0:13,13,7,day_other,TRIPPED ON FAULT,forced,"BANGALORE 66 66KV KUMBALAGODU 220 - DODDERIDODDERI, CHANDRAPPA CIRCLE07:29 07:42 00:13 TRIPPED ON FAULT"
OUTAGES JAN-26.pdf,35,972,07/01/26,07-Jan-26,BANGALORE,66,"66KV KUMBALAGODU 220 - DODDERIDODDERI, CHANDRAPPA CIRCLE",,8:02,8:09,0:07,7,8,day_other,TRIPPED ON FAULT,forced,"BANGALORE 66 66KV KUMBALAGODU 220 - DODDERIDODDERI, CHANDRAPPA CIRCLE08:02 08:09 00:07 TRIPPED ON FAULT"
OUTAGES JAN-26.pdf,35,973,07/01/26,07-Jan-26,BANGALORE,66,66KV KUMBALAGODU 220 - HEJJALA HEJJALA,,7:29,8:05,0:36,36,7,day_other,TRIPPED ON FAULT,forced,BANGALORE 66 66KV KUMBALAGODU 220 - HEJJALA HEJJALA 07:29 08:05 00:36 TRIPPED ON FAULT
OUTAGES JAN-26.pdf,35,974,07/01/26,07-Jan-26,BANGALORE,66,66KV KUMBALAGODU 220 - KENGERI SATELLITE TOWN 1KENGERI,,7:29,7:45,0:16,16,7,day_other,TRIPPED ON FAULT,forced,BANGALORE 6666KV KUMBALAGODU 220 - KENGERI SATELLITE TOWN 1KENGERI 07:29 07:45 00:16 TRIPPED ON FAULT
OUTAGES JAN-26.pdf,35,975,07/01/26,07-Jan-26,BANGALORE,66,66KV LAKSHMIPURA - RAYALPADU RAYALPADU,,18:12,18:22,0:10,10,18,evening_peak,TRIPPED ON FAULT,forced,BANGALORE 66 66KV LAKSHMIPURA - RAYALPADU RAYALPADU 18:12 18:22 00:10 TRIPPED ON FAULT
OUTAGES JAN-26.pdf,35,976,07/01/26,07-Jan-26,BANGALORE,66,66KV T GOLLAHALLI 220 - KGF 1 NO STATION AFFECTED,,0:00,23:59,23:59,1439,0,night_offpeak,LINE CLEAR AVAILED,planned_or_line_clear,BANGALORE 66 66KV T GOLLAHALLI 220 - KGF 1 NO STATION AFFECTED 00:00 23:59 23:59 LINE CLEAR AVAILED
OUTAGES JAN-26.pdf,35,977,07/01/26,07-Jan-26,BANGALORE,66,66KV VRUSHBHAVATHI 220 - BANASHANKARIBANASHANKARI,,8:04,8:14,0:10,10,8,day_other,TRIPPED ON FAULT,forced,BANGALORE 6666KV VRUSHBHAVATHI 220 - BANASHANKARIBANASHANKARI 08:04 08:14 00:10 TRIPPED ON FAULT
OUTAGES JAN-26.pdf,35,978,07/01/26,07-Jan-26,BANGALORE,66,66KV VRUSHBHAVATHI 220 - SIR MV LAYOUTSIR MV LAYOUT,,8:04,8:18,0:14,14,8,day_other,TRIPPED ON FAULT,forced,BANGALORE 6666KV VRUSHBHAVATHI 220 - SIR MV LAYOUTSIR MV LAYOUT 08:04 08:18 00:14 TRIPPED ON FAULT
OUTAGES JAN-26.pdf,35,979,07/01/26,07-Jan-26,BANGALORE,66,HV1 VIJAYNAGAR,,22:03,22:09,0:06,6,22,evening_peak,LINE CLEAR AVAILED,planned_or_line_clear,BANGALORE 66 HV1 VIJAYNAGAR 22:03 22:09 00:06 LINE CLEAR AVAILED
OUTAGES JAN-26.pdf,35,980,07/01/26,07-Jan-26,BANGALORE,66,HV1 BYDRAHALLI,,15:09,16:06,0:57,57,15,solar_window,LINE CLEAR AVAILED,planned_or_line_clear,BANGALORE 66 HV1 BYDRAHALLI 15:09 16:06 00:57 LINE CLEAR AVAILED
OUTAGES JAN-26.pdf,35,981,07/01/26,07-Jan-26,BANGALORE,66,HV1 K RAGUTTAHALLI,,10:30,10:40,0:10,10,10,solar_window,LINE CLEAR AVAILED,planned_or_line_clear,BANGALORE 66 HV1 K RAGUTTAHALLI 10:30 10:40 00:10 LINE CLEAR AVAILED
OUTAGES JAN-26.pdf,35,982,07/01/26,07-Jan-26,BANGALORE,66,HV1CHIKKABALLAPURA INDUSTRIAL AREA,,17:35,18:20,0:45,45,17,day_other,TRIPPED ON FAULT,forced,BANGALORE 66 HV1CHIKKABALLAPURA INDUSTRIAL AREA17:35 18:20 00:45 TRIPPED ON FAULT
OUTAGES JAN-26.pdf,35,983,07/01/26,07-Jan-26,BANGALORE,66,HV1 GUDIBANDE,,17:05,18:00,0:55,55,17,day_other,TRIPPED ON FAULT,forced,BANGALORE 66 HV1 GUDIBANDE 17:05 18:00 00:55 TRIPPED ON FAULT
OUTAGES JAN-26.pdf,35,984,07/01/26,07-Jan-26,BANGALORE,66,HV1 HOSUR RAMAPURA,,0:20,0:50,0:30,30,0,night_offpeak,TRIPPED ON FAULT,forced,BANGALORE 66 HV1 HOSUR RAMAPURA 00:20 00:50 00:30 TRIPPED ON FAULT
OUTAGES JAN-26.pdf,35,985,07/01/26,07-Jan-26,BANGALORE,66,HV1 THIMMAMPALLI,,9:20,9:45,0:25,25,9,day_other,TRIPPED ON FAULT,forced,BANGALORE 66 HV1 THIMMAMPALLI 09:20 09:45 00:25 TRIPPED ON FAULT
OUTAGES JAN-26.pdf,35,986,07/01/26,07-Jan-26,BANGALORE,66,HV1 MATHIKERE 66,,11:05,11:50,0:45,45,11,solar_window,LINE CLEAR AVAILED,planned_or_line_clear,BANGALORE 66 HV1 MATHIKERE 66 11:05 11:50 00:45 LINE CLEAR AVAILED
OUTAGES JAN-26.pdf,35,987,07/01/26,07-Jan-26,BANGALORE,66,HV2CHIKKABALLAPURA INDUSTRIAL AREA,,17:35,18:12,0:37,37,17,day_other,TRIPPED ON FAULT,forced,BANGALORE 66 HV2CHIKKABALLAPURA INDUSTRIAL AREA17:35 18:12 00:37 TRIPPED ON FAULT
OUTAGES JAN-26.pdf,35,988,07/01/26,07-Jan-26,BANGALORE,66,HV2 BAGEPALLI,,12:40,12:45,0:05,5,12,solar_window,LINE CLEAR AVAILED,planned_or_line_clear,BANGALORE 66 HV2 BAGEPALLI 12:40 12:45 00:05 LINE CLEAR AVAILED
OUTAGES JAN-26.pdf,35,989,07/01/26,07-Jan-26,BANGALORE,220,220KV DEVANAHALLI 400 GIS - NRS DB PURA 220 2NO STATION AFFECTED,,0:00,23:59,23:59,1439,0,night_offpeak,TRIPPED ON FAULT,forced,BANGALORE 220220KV DEVANAHALLI 400 GIS - NRS DB PURA 220 2NO STATION AFFECTED 00:00 23:59 23:59 TRIPPED ON FAULT
OUTAGES JAN-26.pdf,35,990,07/01/26,07-Jan-26,BANGALORE,220,220KV HOODY 400 - HAL 1 NO STATION AFFECTED,,0:00,5:18,5:18,318,0,night_offpeak,TRIPPED ON FAULT,forced,BANGALORE 220 220KV HOODY 400 - HAL 1 NO STATION AFFECTED 00:00 05:18 05:18 TRIPPED ON FAULT
OUTAGES JAN-26.pdf,35,991,07/01/26,07-Jan-26,BANGALORE,220,220KV HOODY 400 - HAL 2 NO STATION AFFECTED,,3:29,5:41,2:12,132,3,night_offpeak,LINE CLEAR AVAILED,planned_or_line_clear,BANGALORE 220 220KV HOODY 400 - HAL 2 NO STATION AFFECTED 03:29 05:41 02:12 LINE CLEAR AVAILED
OUTAGES JAN-26.pdf,41,1158,08/01/26,08-Jan-26,BANGALORE,66,"66KV CHANNAPATNA 220 - KOTHIPURA 2 - BEVOORDASHAVARA, BEVOOR, SANKALGERE, VANDARAGUPPE",,13:10,13:33,0:23,23,13,solar_window,LINE CLEAR AVAILED,planned_or_line_clear,"BANGALORE 6666KV CHANNAPATNA 220 - KOTHIPURA 2 - BEVOORDASHAVARA, BEVOOR, SANKALGERE, VANDARAGUPPE13:10 13:33 00:23 LINE CLEAR AVAILED"
OUTAGES JAN-26.pdf,41,1159,08/01/26,08-Jan-26,BANGALORE,66,"66KV EKARAJAPURA 220 - PILLAGUMPA - VOLVO - NANDAGUDIVOLVO, NANDAGUDI",,10:40,11:05,0:25,25,10,solar_window,LINE CLEAR AVAILED,planned_or_line_clear,"BANGALORE 6666KV EKARAJAPURA 220 - PILLAGUMPA - VOLVO - NANDAGUDIVOLVO, NANDAGUDI 10:40 11:05 00:25 LINE CLEAR AVAILED"
OUTAGES JAN-26.pdf,41,1160,08/01/26,08-Jan-26,BANGALORE,66,"66KV GOWRIBIDANUR 220 - KODIGENAHALLIKODIGENAHALLI, ID HALLI",,11:35,12:22,0:47,47,11,solar_window,LINE CLEAR AVAILED,planned_or_line_clear,"BANGALORE 6666KV GOWRIBIDANUR 220 - KODIGENAHALLIKODIGENAHALLI, ID HALLI 11:35 12:22 00:47 LINE CLEAR AVAILED"
OUTAGES JAN-26.pdf,41,1161,08/01/26,08-Jan-26,BANGALORE,66,"66KV KOTHIPURA 220 - CHIKKENAHALLI LINKCHIKKENAHALLI, ALLIMARANAHALLI, SHIVANAHALLI",,0:00,0:27,0:27,27,0,night_offpeak,TRIPPED ON FAULT,forced,"BANGALORE 6666KV KOTHIPURA 220 - CHIKKENAHALLI LINKCHIKKENAHALLI, ALLIMARANAHALLI, SHIVANAHALLI00:00 00:27 00:27 TRIPPED ON FAULT"
OUTAGES JAN-26.pdf,41,1162,08/01/26,08-Jan-26,BANGALORE,66,66KV MITTEMARI 220 - BAGEPALLI 2 BAGEPALLI,,16:30,16:45,0:15,15,16,day_other,TRIPPED ON FAULT,forced,BANGALORE 66 66KV MITTEMARI 220 - BAGEPALLI 2 BAGEPALLI 16:30 16:45 00:15 TRIPPED ON FAULT
OUTAGES JAN-26.pdf,41,1163,08/01/26,08-Jan-26,BANGALORE,66,66KV MITTEMARI 220 - JULPALYA JULUPALYA,,6:15,6:29,0:14,14,6,day_other,TRIPPED ON FAULT,forced,BANGALORE 66 66KV MITTEMARI 220 - JULPALYA JULUPALYA 06:15 06:29 00:14 TRIPPED ON FAULT
OUTAGES JAN-26.pdf,41,1164,08/01/26,08-Jan-26,BANGALORE,66,66KV T GOLLAHALLI 220 - KGF 1 NO STATION AFFECTED,,0:00,23:59,23:59,1439,0,night_offpeak,LINE CLEAR AVAILED,planned_or_line_clear,BANGALORE 66 66KV T GOLLAHALLI 220 - KGF 1 NO STATION AFFECTED 00:00 23:59 23:59 LINE CLEAR AVAILED
OUTAGES JAN-26.pdf,41,1165,08/01/26,08-Jan-26,BANGALORE,66,"66KV T GOLLAHALLI 220 - MUDIYANUR - H GOLAHALLIH GOLLAHALLI, MUDIYANUR, KEMBODI",,8:10,8:22,0:12,12,8,day_other,TRIPPED ON FAULT,forced,"BANGALORE 6666KV T GOLLAHALLI 220 - MUDIYANUR - H GOLAHALLIH GOLLAHALLI, MUDIYANUR, KEMBODI08:10 08:22 00:12 TRIPPED ON FAULT"
OUTAGES JAN-26.pdf,41,1166,08/01/26,08-Jan-26,BANGALORE,66,HV1 VIJAYNAGAR,,7:54,7:58,0:04,4,7,day_other,LINE CLEAR AVAILED,planned_or_line_clear,BANGALORE 66 HV1 VIJAYNAGAR 07:54 07:58 00:04 LINE CLEAR AVAILED
OUTAGES JAN-26.pdf,41,1167,08/01/26,08-Jan-26,BANGALORE,66,HV1 NANDAGUDI,,11:29,11:40,0:11,11,11,solar_window,TRIPPED ON FAULT,forced,BANGALORE 66 HV1 NANDAGUDI 11:29 11:40 00:11 TRIPPED ON FAULT
OUTAGES JAN-26.pdf,41,1168,08/01/26,08-Jan-26,BANGALORE,66,HV1 CHINTAMANI 66,,14:25,14:32,0:07,7,14,solar_window,LINE CLEAR AVAILED,planned_or_line_clear,BANGALORE 66 HV1 CHINTAMANI 66 14:25 14:32 00:07 LINE CLEAR AVAILED
OUTAGES JAN-26.pdf,41,1169,08/01/26,08-Jan-26,BANGALORE,66,HV1 BAGEPALLI,,16:30,16:45,0:15,15,16,day_other,TRIPPED ON FAULT,forced,BANGALORE 66 HV1 BAGEPALLI 16:30 16:45 00:15 TRIPPED ON FAULT
OUTAGES JAN-26.pdf,41,1170,08/01/26,08-Jan-26,BANGALORE,66,HV2 SIR MV LAYOUT,,11:35,11:40,0:05,5,11,solar_window,LINE CLEAR AVAILED,planned_or_line_clear,BANGALORE 66 HV2 SIR MV LAYOUT 11:35 11:40 00:05 LINE CLEAR AVAILED
OUTAGES JAN-26.pdf,41,1171,08/01/26,08-Jan-26,BANGALORE,66,HV2 CHINTAMANI 66,,11:04,11:11,0:07,7,11,solar_window,LINE CLEAR AVAILED,planned_or_line_clear,BANGALORE 66 HV2 CHINTAMANI 66 11:04 11:11 00:07 LINE CLEAR AVAILED
OUTAGES JAN-26.pdf,41,1172,08/01/26,08-Jan-26,BANGALORE,66,HV2 SADALI,,11:40,12:45,1:05,65,11,solar_window,LINE CLEAR AVAILED,planned_or_line_clear,BANGALORE 66 HV2 SADALI 11:40 12:45 01:05 LINE CLEAR AVAILED
OUTAGES JAN-26.pdf,41,1173,08/01/26,08-Jan-26,BANGALORE,66,HV2 Y HUNASENAHALLI,,16:45,17:10,0:25,25,16,day_other,LINE CLEAR AVAILED,planned_or_line_clear,BANGALORE 66 HV2 Y HUNASENAHALLI 16:45 17:10 00:25 LINE CLEAR AVAILED
OUTAGES JAN-26.pdf,41,1174,08/01/26,08-Jan-26,BANGALORE,66,HV2 BAGEPALLI,,16:20,16:45,0:25,25,16,day_other,TRIPPED ON FAULT,forced,BANGALORE 66 HV2 BAGEPALLI 16:20 16:45 00:25 TRIPPED ON FAULT
OUTAGES JAN-26.pdf,41,1175,08/01/26,08-Jan-26,BANGALORE,66,HV2 VOKKALERI,,12:30,12:45,0:15,15,12,solar_window,LINE CLEAR AVAILED,planned_or_line_clear,BANGALORE 66 HV2 VOKKALERI 12:30 12:45 00:15 LINE CLEAR AVAILED
OUTAGES JAN-26.pdf,41,1176,08/01/26,08-Jan-26,BANGALORE,66,HV3 CHINTAMANI 66,,16:53,17:12,0:19,19,16,day_other,LINE CLEAR AVAILED,planned_or_line_clear,BANGALORE 66 HV3 CHINTAMANI 66 16:53 17:12 00:19 LINE CLEAR AVAILED
OUTAGES JAN-26.pdf,41,1177,08/01/26,08-Jan-26,BANGALORE,220,220KV DEVANAHALLI 400 GIS - NRS DB PURA 220 2NO STATION AFFECTED,,0:00,23:59,23:59,1439,0,night_offpeak,TRIPPED ON FAULT,forced,BANGALORE 220220KV DEVANAHALLI 400 GIS - NRS DB PURA 220 2NO STATION AFFECTED 00:00 23:59 23:59 TRIPPED ON FAULT
OUTAGES JAN-26.pdf,42,1178,08/01/26,08-Jan-26,BANGALORE,220,220KV SAHAKARNAGAR 220 - HEBBAL 220 - CPRICPRI 220,,12:55,18:25,5:30,330,12,solar_window,LINE CLEAR AVAILED,planned_or_line_clear,BANGALORE 220220KV SAHAKARNAGAR 220 - HEBBAL 220 - CPRICPRI 220 12:55 18:25 05:30 LINE CLEAR AVAILED
OUTAGES JAN-26.pdf,42,1179,08/01/26,08-Jan-26,BANGALORE,220,HV3 SRS PEENYA 220,,18:50,19:44,0:54,54,18,evening_peak,TRIPPED ON FAULT,forced,BANGALORE 220 HV3 SRS PEENYA 220 18:50 19:44 00:54 TRIPPED ON FAULT
OUTAGES JAN-26.pdf,45,1283,09/01/26,09-Jan-26,BANGALORE,66,"66KV CHANNAPATNA 220 - KOTHIPURA 2 - BEVOORDASHAVARA, BEVOOR, SANKALGERE, VANDARAGUPPE",,5:57,6:07,0:10,10,5,night_offpeak,TRIPPED ON FAULT,forced,"BANGALORE 6666KV CHANNAPATNA 220 - KOTHIPURA 2 - BEVOORDASHAVARA, BEVOOR, SANKALGERE, VANDARAGUPPE05:57 06:07 00:10 TRIPPED ON FAULT"
OUTAGES JAN-26.pdf,45,1284,09/01/26,09-Jan-26,BANGALORE,66,66KV CHANNAPATNA 220 - VANDARGUPPE - RAMANAGARA - DASHAVARA - SANKALAGERE - BEVOORBEVOOR,,11:08,11:23,0:15,15,11,solar_window,TRIPPED ON FAULT,forced,BANGALORE 6666KV CHANNAPATNA 220 - VANDARGUPPE - RAMANAGARA - DASHAVARA - SANKALAGERE - BEVOORBEVOOR 11:08 11:23 00:15 TRIPPED ON FAULT
OUTAGES JAN-26.pdf,45,1285,09/01/26,09-Jan-26,BANGALORE,66,66KV D PALYA - GUDIBANDE - MANDIKAL MANDIKAL,,17:30,17:35,0:05,5,17,day_other,LINE CLEAR AVAILED,planned_or_line_clear,BANGALORE 66 66KV D PALYA - GUDIBANDE - MANDIKAL MANDIKAL 17:30 17:35 00:05 LINE CLEAR AVAILED
OUTAGES JAN-26.pdf,45,1286,09/01/26,09-Jan-26,BANGALORE,66,66KV HAL 220 - BAIYAPPANAHALLI BMRCL (EHT)NO STATION AFFECTED,,17:09,23:59,6:50,410,17,day_other,TRIPPED ON FAULT,forced,BANGALORE 6666KV HAL 220 - BAIYAPPANAHALLI BMRCL (EHT)NO STATION AFFECTED 17:09 23:59 06:50 TRIPPED ON FAULT
OUTAGES JAN-26.pdf,45,1287,09/01/26,09-Jan-26,BANGALORE,66,"66KV KHODAYS 220 - BTM 4TH PHASEBTM 4TH PHASE, SAUDELA, DLF ANNABEL",,12:25,12:30,0:05,5,12,solar_window,LINE CLEAR AVAILED,planned_or_line_clear,"BANGALORE 66 66KV KHODAYS 220 - BTM 4TH PHASEBTM 4TH PHASE, SAUDELA, DLF ANNABEL12:25 12:30 00:05 LINE CLEAR AVAILED"
OUTAGES JAN-26.pdf,46,1288,09/01/26,09-Jan-26,BANGALORE,66,66KV NAGARABHAVI 220 - SRIGANDA KAVAL SRIGANDA KAVALU,,17:07,20:13,3:06,186,17,day_other,LINE CLEAR AVAILED,planned_or_line_clear,BANGALORE 66 66KV NAGARABHAVI 220 - SRIGANDA KAVAL SRIGANDA KAVALU 17:07 20:13 03:06 LINE CLEAR AVAILED
OUTAGES JAN-26.pdf,46,1289,09/01/26,09-Jan-26,BANGALORE,66,66KV NRS 220 - BRIGADE GATEWAY BRIGADE GATEWAY,,15:06,15:17,0:11,11,15,solar_window,LINE CLEAR AVAILED,planned_or_line_clear,BANGALORE 66 66KV NRS 220 - BRIGADE GATEWAY BRIGADE GATEWAY 15:06 15:17 00:11 LINE CLEAR AVAILED
OUTAGES JAN-26.pdf,46,1290,09/01/26,09-Jan-26,BANGALORE,66,66KV SRIGANDA KAVAL - BYADARAHALLI BYADARAHALLI,,17:07,18:00,0:53,53,17,day_other,LINE CLEAR AVAILED,planned_or_line_clear,BANGALORE 66 66KV SRIGANDA KAVAL - BYADARAHALLI BYADARAHALLI 17:07 18:00 00:53 LINE CLEAR AVAILED
OUTAGES JAN-26.pdf,46,1291,09/01/26,09-Jan-26,BANGALORE,66,"66KV SRS PEENYA 220 - MEI LAYOUT ALUR, BIEC",,12:15,13:56,1:41,101,12,solar_window,TRIPPED ON FAULT,forced,"BANGALORE 66 66KV SRS PEENYA 220 - MEI LAYOUT ALUR, BIEC 12:15 13:56 01:41 TRIPPED ON FAULT"
OUTAGES JAN-26.pdf,46,1292,09/01/26,09-Jan-26,BANGALORE,66,66KV SRS PEENYA 220 - MEI LAYOUT MEI LAYOUT,,12:15,12:23,0:08,8,12,solar_window,TRIPPED ON FAULT,forced,BANGALORE 66 66KV SRS PEENYA 220 - MEI LAYOUT MEI LAYOUT 12:15 12:23 00:08 TRIPPED ON FAULT
OUTAGES JAN-26.pdf,46,1293,09/01/26,09-Jan-26,BANGALORE,66,66KV T GOLLAHALLI 220 - KGF 1 NO STATION AFFECTED,,0:00,23:59,23:59,1439,0,night_offpeak,LINE CLEAR AVAILED,planned_or_line_clear,BANGALORE 66 66KV T GOLLAHALLI 220 - KGF 1 NO STATION AFFECTED 00:00 23:59 23:59 LINE CLEAR AVAILED
OUTAGES JAN-26.pdf,46,1294,09/01/26,09-Jan-26,BANGALORE,66,66KV VEMGAL - KYALANUR KYALANUR,,17:54,18:03,0:09,9,17,day_other,LINE CLEAR AVAILED,planned_or_line_clear,BANGALORE 66 66KV VEMGAL - KYALANUR KYALANUR 17:54 18:03 00:09 LINE CLEAR AVAILED
OUTAGES JAN-26.pdf,46,1295,09/01/26,09-Jan-26,BANGALORE,66,HV1 JANGAMAKOTE,,10:25,10:30,0:05,5,10,solar_window,LINE CLEAR AVAILED,planned_or_line_clear,BANGALORE 66 HV1 JANGAMAKOTE 10:25 10:30 00:05 LINE CLEAR AVAILED
OUTAGES JAN-26.pdf,46,1296,09/01/26,09-Jan-26,BANGALORE,66,HV1 DODDABELAVANGALA,,2:02,2:07,0:05,5,2,night_offpeak,TRIPPED ON FAULT,forced,BANGALORE 66 HV1 DODDABELAVANGALA 02:02 02:07 00:05 TRIPPED ON FAULT
OUTAGES JAN-26.pdf,46,1297,09/01/26,09-Jan-26,BANGALORE,66,HV1 MANDIKAL,,17:30,17:35,0:05,5,17,day_other,LINE CLEAR AVAILED,planned_or_line_clear,BANGALORE 66 HV1 MANDIKAL 17:30 17:35 00:05 LINE CLEAR AVAILED
OUTAGES JAN-26.pdf,46,1298,09/01/26,09-Jan-26,BANGALORE,66,HV1 CHIKKENAHALLI,,12:21,12:38,0:17,17,12,solar_window,LINE CLEAR AVAILED,planned_or_line_clear,BANGALORE 66 HV1 CHIKKENAHALLI 12:21 12:38 00:17 LINE CLEAR AVAILED
OUTAGES JAN-26.pdf,46,1299,09/01/26,09-Jan-26,BANGALORE,66,HV2 SIR MV LAYOUT SUBSTATION,,15:05,15:10,0:05,5,15,solar_window,LINE CLEAR AVAILED,planned_or_line_clear,BANGALORE 66 HV2 SIR MV LAYOUT SUBSTATION 15:05 15:10 00:05 LINE CLEAR AVAILED
OUTAGES JAN-26.pdf,46,1300,09/01/26,09-Jan-26,BANGALORE,66,HV2 ANJANAPURA,,14:01,14:06,0:05,5,14,solar_window,LINE CLEAR AVAILED,planned_or_line_clear,BANGALORE 66 HV2 ANJANAPURA 14:01 14:06 00:05 LINE CLEAR AVAILED
OUTAGES JAN-26.pdf,46,1301,09/01/26,09-Jan-26,BANGALORE,66,HV2 DODDABELAVANGALA,,7:00,7:05,0:05,5,7,day_other,TRIPPED ON FAULT,forced,BANGALORE 66 HV2 DODDABELAVANGALA 07:00 07:05 00:05 TRIPPED ON FAULT
OUTAGES JAN-26.pdf,46,1302,09/01/26,09-Jan-26,BANGALORE,66,HV2 MANDIKAL,,17:30,17:35,0:05,5,17,day_other,LINE CLEAR AVAILED,planned_or_line_clear,BANGALORE 66 HV2 MANDIKAL 17:30 17:35 00:05 LINE CLEAR AVAILED
OUTAGES JAN-26.pdf,46,1303,09/01/26,09-Jan-26,BANGALORE,66,HV2 NANGLI,,9:30,9:40,0:10,10,9,day_other,TRIPPED ON FAULT,forced,BANGALORE 66 HV2 NANGLI 09:30 09:40 00:10 TRIPPED ON FAULT
OUTAGES JAN-26.pdf,46,1304,09/01/26,09-Jan-26,BANGALORE,66,HV2 JIGANI 220,,17:57,18:00,0:03,3,17,day_other,LINE CLEAR AVAILED,planned_or_line_clear,BANGALORE 66 HV2 JIGANI 220 17:57 18:00 00:03 LINE CLEAR AVAILED
OUTAGES JAN-26.pdf,46,1305,09/01/26,09-Jan-26,BANGALORE,220,220KV DEVANAHALLI 400 GIS - NRS DB PURA 220 2NO STATION AFFECTED,,0:00,23:59,23:59,1439,0,night_offpeak,TRIPPED ON FAULT,forced,BANGALORE 220220KV DEVANAHALLI 400 GIS - NRS DB PURA 220 2NO STATION AFFECTED 00:00 23:59 23:59 TRIPPED ON FAULT
OUTAGES JAN-26.pdf,51,1437,10/01/26,10-Jan-26,BANGALORE,66,66KV DABASPETE 220 - SK STEEL SK STEEL(EHT),,21:14,21:58,0:44,44,21,evening_peak,TRIPPED ON FAULT,forced,BANGALORE 66 66KV DABASPETE 220 - SK STEEL SK STEEL(EHT) 21:14 21:58 00:44 TRIPPED ON FAULT
OUTAGES JAN-26.pdf,51,1438,10/01/26,10-Jan-26,BANGALORE,66,66KV EDC 220 - KANTEERAVA KANTEERAVA 66kV GIS,,20:13,20:15,0:02,2,20,evening_peak,LINE CLEAR AVAILED,planned_or_line_clear,BANGALORE 66 66KV EDC 220 - KANTEERAVA KANTEERAVA 66kV GIS 20:13 20:15 00:02 LINE CLEAR AVAILED
OUTAGES JAN-26.pdf,51,1439,10/01/26,10-Jan-26,BANGALORE,66,66KV GOWRIBIDANUR 220 - VIDHURASHWATHAVIDHURASHWATHA,,18:00,18:30,0:30,30,18,evening_peak,LINE CLEAR AVAILED,planned_or_line_clear,BANGALORE 6666KV GOWRIBIDANUR 220 - VIDHURASHWATHAVIDHURASHWATHA 18:00 18:30 00:30 LINE CLEAR AVAILED
OUTAGES JAN-26.pdf,51,1440,10/01/26,10-Jan-26,BANGALORE,66,66KV GUNDLU KOTHUR - BAGEPALLI GUNDLU KOTTUR,,19:50,19:55,0:05,5,19,evening_peak,LINE CLEAR AVAILED,planned_or_line_clear,BANGALORE 66 66KV GUNDLU KOTHUR - BAGEPALLI GUNDLU KOTTUR 19:50 19:55 00:05 LINE CLEAR AVAILED
OUTAGES JAN-26.pdf,51,1441,10/01/26,10-Jan-26,BANGALORE,66,66KV HAL 220 - BAIYAPPANAHALLI BMRCL (EHT)NO STATION AFFECTED,,0:00,23:59,23:59,1439,0,night_offpeak,TRIPPED ON FAULT,forced,BANGALORE 6666KV HAL 220 - BAIYAPPANAHALLI BMRCL (EHT)NO STATION AFFECTED 00:00 23:59 23:59 TRIPPED ON FAULT
OUTAGES JAN-26.pdf,51,1442,10/01/26,10-Jan-26,BANGALORE,66,66KV HSR LAYOUT 220 - NAGANATHAPURA 1NO STATION AFFECTED,,11:55,23:59,12:04,724,11,solar_window,TRIPPED ON FAULT,forced,BANGALORE 6666KV HSR LAYOUT 220 - NAGANATHAPURA 1NO STATION AFFECTED 11:55 23:59 12:04 TRIPPED ON FAULT
OUTAGES JAN-26.pdf,51,1443,10/01/26,10-Jan-26,BANGALORE,66,66kV KANTEERAVA GIS - VIDHANA SOUDHA KANTEERAVA 66kV GIS,,13:08,13:10,0:02,2,13,solar_window,LINE CLEAR AVAILED,planned_or_line_clear,BANGALORE 66 66kV KANTEERAVA GIS - VIDHANA SOUDHA KANTEERAVA 66kV GIS 13:08 13:10 00:02 LINE CLEAR AVAILED
OUTAGES JAN-26.pdf,51,1444,10/01/26,10-Jan-26,BANGALORE,66,"66KV KHODAYS 220 - BTM 4TH PHASEBTM 4TH PHASE, SAUDELA, DLF ANNABEL",,11:42,11:49,0:07,7,11,solar_window,LINE CLEAR AVAILED,planned_or_line_clear,"BANGALORE 66 66KV KHODAYS 220 - BTM 4TH PHASEBTM 4TH PHASE, SAUDELA, DLF ANNABEL11:42 11:49 00:07 LINE CLEAR AVAILED"
OUTAGES JAN-26.pdf,51,1445,10/01/26,10-Jan-26,BANGALORE,66,"66KV KHODAYS 220 - BTM 4TH PHASEBTM 4TH PHASE, SAUDELA, DLF ANNABEL",,11:54,12:13,0:19,19,11,solar_window,TRIPPED ON FAULT,forced,"BANGALORE 66 66KV KHODAYS 220 - BTM 4TH PHASEBTM 4TH PHASE, SAUDELA, DLF ANNABEL11:54 12:13 00:19 TRIPPED ON FAULT"
OUTAGES JAN-26.pdf,51,1446,10/01/26,10-Jan-26,BANGALORE,66,"66KV KOLAR 220 - PGCIL AUX - SUGUTUR - SM MANGALASUGUTUR, SM MANGALA",,8:36,8:49,0:13,13,8,day_other,TRIPPED ON FAULT,forced,"BANGALORE 6666KV KOLAR 220 - PGCIL AUX - SUGUTUR - SM MANGALASUGUTUR, SM MANGALA 08:36 08:49 00:13 TRIPPED ON FAULT"
OUTAGES JAN-26.pdf,51,1447,10/01/26,10-Jan-26,BANGALORE,66,66KV PUTTENAHALLI 220 - SOLADEVANAHALLI 66KV DC_SC _DG2SOLADEVANAHALLI,,9:35,18:57,9:22,562,9,day_other,LINE CLEAR AVAILED,planned_or_line_clear,BANGALORE 6666KV PUTTENAHALLI 220 - SOLADEVANAHALLI 66KV DC_SC _DG2SOLADEVANAHALLI 09:35 18:57 09:22 LINE CLEAR AVAILED
OUTAGES JAN-26.pdf,51,1448,10/01/26,10-Jan-26,BANGALORE,66,66KV SOMANAHALLI 220 - ISKCON ISKCON,,9:19,9:31,0:12,12,9,day_other,TRIPPED ON FAULT,forced,BANGALORE 66 66KV SOMANAHALLI 220 - ISKCON ISKCON 09:19 09:31 00:12 TRIPPED ON FAULT
OUTAGES JAN-26.pdf,51,1449,10/01/26,10-Jan-26,BANGALORE,66,"66KV SUBRAMANYAPURA 220 - REMCO 2 - RR NAGARA - GLOBAL (EHT)REMCO GIS, GLOBAL(EHT)",,15:58,16:07,0:09,9,15,solar_window,TRIPPED ON FAULT,forced,"BANGALORE 6666KV SUBRAMANYAPURA 220 - REMCO 2 - RR NAGARA - GLOBAL (EHT)REMCO GIS, GLOBAL(EHT) 15:58 16:07 00:09 TRIPPED ON FAULT"
OUTAGES JAN-26.pdf,51,1450,10/01/26,10-Jan-26,BANGALORE,66,66KV SUGUTUR - KC VALLEY (EHT) KC VALLEY(EHT),,12:30,12:45,0:15,15,12,solar_window,TRIPPED ON FAULT,forced,BANGALORE 66 66KV SUGUTUR - KC VALLEY (EHT) KC VALLEY(EHT) 12:30 12:45 00:15 TRIPPED ON FAULT
OUTAGES JAN-26.pdf,51,1451,10/01/26,10-Jan-26,BANGALORE,66,66KV T GOLLAHALLI 220 - KGF 1 NO STATION AFFECTED,,0:00,23:59,23:59,1439,0,night_offpeak,LINE CLEAR AVAILED,planned_or_line_clear,BANGALORE 66 66KV T GOLLAHALLI 220 - KGF 1 NO STATION AFFECTED 00:00 23:59 23:59 LINE CLEAR AVAILED
OUTAGES JAN-26.pdf,52,1452,10/01/26,10-Jan-26,BANGALORE,66,66KV VIDHURASHWATHA - GUNDLU KOTHURGUNDLU KOTTUR,,18:00,19:05,1:05,65,18,evening_peak,LINE CLEAR AVAILED,planned_or_line_clear,BANGALORE 6666KV VIDHURASHWATHA - GUNDLU KOTHURGUNDLU KOTTUR 18:00 19:05 01:05 LINE CLEAR AVAILED
OUTAGES JAN-26.pdf,52,1453,10/01/26,10-Jan-26,BANGALORE,66,HV1 BANASWADI,,21:23,22:10,0:47,47,21,evening_peak,TRIPPED ON FAULT,forced,BANGALORE 66 HV1 BANASWADI 21:23 22:10 00:47 TRIPPED ON FAULT
OUTAGES JAN-26.pdf,52,1454,10/01/26,10-Jan-26,BANGALORE,66,HV1 K RAGUTTAHALLI,,11:45,12:35,0:50,50,11,solar_window,LINE CLEAR AVAILED,planned_or_line_clear,BANGALORE 66 HV1 K RAGUTTAHALLI 11:45 12:35 00:50 LINE CLEAR AVAILED
OUTAGES JAN-26.pdf,52,1455,10/01/26,10-Jan-26,BANGALORE,66,HV1 DODDABELAVANGALA,,4:40,4:45,0:05,5,4,night_offpeak,TRIPPED ON FAULT,forced,BANGALORE 66 HV1 DODDABELAVANGALA 04:40 04:45 00:05 TRIPPED ON FAULT
OUTAGES JAN-26.pdf,52,1456,10/01/26,10-Jan-26,BANGALORE,66,HV1 VIDHURASHWATHA,,17:45,17:50,0:05,5,17,day_other,LINE CLEAR AVAILED,planned_or_line_clear,BANGALORE 66 HV1 VIDHURASHWATHA 17:45 17:50 00:05 LINE CLEAR AVAILED
OUTAGES JAN-26.pdf,52,1457,10/01/26,10-Jan-26,BANGALORE,66,HV1 TEKAL,,10:10,10:30,0:20,20,10,solar_window,TRIPPED ON FAULT,forced,BANGALORE 66 HV1 TEKAL 10:10 10:30 00:20 TRIPPED ON FAULT
OUTAGES JAN-26.pdf,52,1458,10/01/26,10-Jan-26,BANGALORE,66,HV1 ALLIMARANAHALLI,,10:16,10:28,0:12,12,10,solar_window,TRIPPED ON FAULT,forced,BANGALORE 66 HV1 ALLIMARANAHALLI 10:16 10:28 00:12 TRIPPED ON FAULT
OUTAGES JAN-26.pdf,52,1459,10/01/26,10-Jan-26,BANGALORE,66,HV2 PILAGUMPA,,15:15,15:40,0:25,25,15,solar_window,LINE CLEAR AVAILED,planned_or_line_clear,BANGALORE 66 HV2 PILAGUMPA 15:15 15:40 00:25 LINE CLEAR AVAILED
OUTAGES JAN-26.pdf,52,1460,10/01/26,10-Jan-26,BANGALORE,66,HV2 DODDABELAVANGALA,,21:50,21:55,0:05,5,21,evening_peak,TRIPPED ON FAULT,forced,BANGALORE 66 HV2 DODDABELAVANGALA 21:50 21:55 00:05 TRIPPED ON FAULT
OUTAGES JAN-26.pdf,52,1461,10/01/26,10-Jan-26,BANGALORE,66,HV2 DODDALAHALLI,,18:20,18:37,0:17,17,18,evening_peak,TRIPPED ON FAULT,forced,BANGALORE 66 HV2 DODDALAHALLI 18:20 18:37 00:17 TRIPPED ON FAULT
OUTAGES JAN-26.pdf,52,1462,10/01/26,10-Jan-26,BANGALORE,66,HV2 SAMANDURU,,10:00,10:05,0:05,5,10,solar_window,LINE CLEAR AVAILED,planned_or_line_clear,BANGALORE 66 HV2 SAMANDURU 10:00 10:05 00:05 LINE CLEAR AVAILED
OUTAGES JAN-26.pdf,52,1463,10/01/26,10-Jan-26,BANGALORE,220,220KV DEVANAHALLI 400 GIS - NRS DB PURA 220 2NO STATION AFFECTED,,0:00,23:59,23:59,1439,0,night_offpeak,TRIPPED ON FAULT,forced,BANGALORE 220220KV DEVANAHALLI 400 GIS - NRS DB PURA 220 2NO STATION AFFECTED 00:00 23:59 23:59 TRIPPED ON FAULT
OUTAGES JAN-26.pdf,56,1567,11/01/26,11-Jan-26,BANGALORE,66,66KV AVANI - MULABAGAL MULBAGAL,,6:35,6:50,0:15,15,6,day_other,TRIPPED ON FAULT,forced,BANGALORE 66 66KV AVANI - MULABAGAL MULBAGAL 06:35 06:50 00:15 TRIPPED ON FAULT
OUTAGES JAN-26.pdf,56,1568,11/01/26,11-Jan-26,BANGALORE,66,66KV BIDADI 220 - HEJJALA 2 HEJJALA,,12:53,12:58,0:05,5,12,solar_window,LINE CLEAR AVAILED,planned_or_line_clear,BANGALORE 66 66KV BIDADI 220 - HEJJALA 2 HEJJALA 12:53 12:58 00:05 LINE CLEAR AVAILED
OUTAGES JAN-26.pdf,56,1569,11/01/26,11-Jan-26,BANGALORE,66,66KV CB PURA I/A - CB PURA URBAN CHIKKABALLAPURA URBAN,,10:30,13:35,3:05,185,10,solar_window,LINE CLEAR AVAILED,planned_or_line_clear,BANGALORE 66 66KV CB PURA I/A - CB PURA URBAN CHIKKABALLAPURA URBAN 10:30 13:35 03:05 LINE CLEAR AVAILED
OUTAGES JAN-26.pdf,56,1570,11/01/26,11-Jan-26,BANGALORE,66,"66KV CHANNAPATNA 220 - KOTHIPURA 2 - BEVOORDASHAVARA, BEVOOR, SANKALGERE, VANDARAGUPPE",,13:16,13:25,0:09,9,13,solar_window,TRIPPED ON FAULT,forced,"BANGALORE 6666KV CHANNAPATNA 220 - KOTHIPURA 2 - BEVOORDASHAVARA, BEVOOR, SANKALGERE, VANDARAGUPPE13:16 13:25 00:09 TRIPPED ON FAULT"
OUTAGES JAN-26.pdf,56,1571,11/01/26,11-Jan-26,BANGALORE,66,66KV DABASPETE 220 - SK STEEL SK STEEL,,12:20,15:49,3:29,209,12,solar_window,LINE CLEAR AVAILED,planned_or_line_clear,BANGALORE 66 66KV DABASPETE 220 - SK STEEL SK STEEL 12:20 15:49 03:29 LINE CLEAR AVAILED
OUTAGES JAN-26.pdf,56,1572,11/01/26,11-Jan-26,BANGALORE,66,66KV EKARAJAPURA 220 - BUDIGERE 2 NO STATION AFFECTED,,6:38,7:17,0:39,39,6,day_other,TRIPPED ON FAULT,forced,BANGALORE 66 66KV EKARAJAPURA 220 - BUDIGERE 2 NO STATION AFFECTED 06:38 07:17 00:39 TRIPPED ON FAULT
OUTAGES JAN-26.pdf,56,1573,11/01/26,11-Jan-26,BANGALORE,66,"66KV EPIP 220 - KADUGODIKADUGODI, ARMY WELFARE HOUSING ORGANIZATION",,16:20,16:38,0:18,18,16,day_other,TRIPPED ON FAULT,forced,"BANGALORE 66 66KV EPIP 220 - KADUGODIKADUGODI, ARMY WELFARE HOUSING ORGANIZATION16:20 16:38 00:18 TRIPPED ON FAULT"
OUTAGES JAN-26.pdf,56,1574,11/01/26,11-Jan-26,BANGALORE,66,66KV GOWRIBIDANUR 220 - MANCHENAHALLI - GUNDAMGEREMANCHENAHALLI,,17:05,18:35,1:30,90,17,day_other,LINE CLEAR AVAILED,planned_or_line_clear,BANGALORE 6666KV GOWRIBIDANUR 220 - MANCHENAHALLI - GUNDAMGEREMANCHENAHALLI 17:05 18:35 01:30 LINE CLEAR AVAILED
OUTAGES JAN-26.pdf,56,1575,11/01/26,11-Jan-26,BANGALORE,66,66KV HAL 220 - BAIYAPPANAHALLI BMRCL (EHT)NO STATION AFFECTED,,0:00,23:59,23:59,1439,0,night_offpeak,TRIPPED ON FAULT,forced,BANGALORE 6666KV HAL 220 - BAIYAPPANAHALLI BMRCL (EHT)NO STATION AFFECTED 00:00 23:59 23:59 TRIPPED ON FAULT
OUTAGES JAN-26.pdf,56,1576,11/01/26,11-Jan-26,BANGALORE,66,66KV HBR LAYOUT 66 - MANYATA 66 - KONDASPURA (SAFAL) _DG3NO STATION AFFECTED,,6:26,10:39,4:13,253,6,day_other,TRIPPED ON FAULT,forced,BANGALORE 6666KV HBR LAYOUT 66 - MANYATA 66 - KONDASPURA (SAFAL) _DG3NO STATION AFFECTED 06:26 10:39 04:13 TRIPPED ON FAULT
OUTAGES JAN-26.pdf,56,1577,11/01/26,11-Jan-26,BANGALORE,66,"66KV KADUGODI - ARMY WELFARE HOUSING ORGANISATION - ALLEMBIC GLASS FACTORY [TAP]ARMY WELFARE HOUSING ORGANIZATION, NTT(EHT)",,16:20,16:26,0:06,6,16,day_other,TRIPPED ON FAULT,forced,"BANGALORE 6666KV KADUGODI - ARMY WELFARE HOUSING ORGANISATION - ALLEMBIC GLASS FACTORY [TAP]ARMY WELFARE HOUSING ORGANIZATION, NTT(EHT)16:20 16:26 00:06 TRIPPED ON FAULT"
OUTAGES JAN-26.pdf,56,1578,11/01/26,11-Jan-26,BANGALORE,66,66KV KOLAR 220 - BANGARPET 2 BANGARPETE,,10:05,10:15,0:10,10,10,solar_window,LINE CLEAR AVAILED,planned_or_line_clear,BANGALORE 66 66KV KOLAR 220 - BANGARPET 2 BANGARPETE 10:05 10:15 00:10 LINE CLEAR AVAILED
OUTAGES JAN-26.pdf,56,1579,11/01/26,11-Jan-26,BANGALORE,66,"66KV KOLAR 220 - NARASAPURA 1NARASAPURA, KC VALLEY, HONDA, WISTRON",,13:29,13:32,0:03,3,13,solar_window,LINE CLEAR AVAILED,planned_or_line_clear,"BANGALORE 66 66KV KOLAR 220 - NARASAPURA 1NARASAPURA, KC VALLEY, HONDA, WISTRON13:29 13:32 00:03 LINE CLEAR AVAILED"
OUTAGES JAN-26.pdf,56,1580,11/01/26,11-Jan-26,BANGALORE,66,66KV KOLAR 220 - NARASAPURA 1 NO STATION AFFECTED,,15:23,15:43,0:20,20,15,solar_window,TRIPPED ON FAULT,forced,BANGALORE 66 66KV KOLAR 220 - NARASAPURA 1 NO STATION AFFECTED 15:23 15:43 00:20 TRIPPED ON FAULT
OUTAGES JAN-26.pdf,56,1581,11/01/26,11-Jan-26,BANGALORE,66,66KV KOLAR 220 - NARASAPURA 2 NARASAPURA,,13:29,13:33,0:04,4,13,solar_window,LINE CLEAR AVAILED,planned_or_line_clear,BANGALORE 66 66KV KOLAR 220 - NARASAPURA 2 NARASAPURA 13:29 13:33 00:04 LINE CLEAR AVAILED
OUTAGES JAN-26.pdf,56,1582,11/01/26,11-Jan-26,BANGALORE,66,"66KV KOLAR 220 - TALAGUNDAVEMGAL, KYALANUR, TALAGUNDA",,10:05,10:12,0:07,7,10,solar_window,MAIN SUPPLY FAILED,forced,"BANGALORE 66 66KV KOLAR 220 - TALAGUNDAVEMGAL, KYALANUR, TALAGUNDA10:05 10:12 00:07 MAIN SUPPLY FAILED"
OUTAGES JAN-26.pdf,57,1583,11/01/26,11-Jan-26,BANGALORE,66,66KV KORAMANGALA 220 - AUSTIN TOWN 1 AUSTIN TOWN,,18:03,18:30,0:27,27,18,evening_peak,TRIPPED ON FAULT,forced,BANGALORE 66 66KV KORAMANGALA 220 - AUSTIN TOWN 1 AUSTIN TOWN 18:03 18:30 00:27 TRIPPED ON FAULT
OUTAGES JAN-26.pdf,57,1584,11/01/26,11-Jan-26,BANGALORE,66,66KV KUMBALAGODU 220 - HEJJALA HEJJALA,,19:25,19:30,0:05,5,19,evening_peak,LINE CLEAR AVAILED,planned_or_line_clear,BANGALORE 66 66KV KUMBALAGODU 220 - HEJJALA HEJJALA 19:25 19:30 00:05 LINE CLEAR AVAILED
OUTAGES JAN-26.pdf,57,1585,11/01/26,11-Jan-26,BANGALORE,66,"66KV KYALANUR - TALAGAWARAVEMGAL, KYALANUR, TALAGUNDA",,15:00,15:05,0:05,5,15,solar_window,LINE CLEAR AVAILED,planned_or_line_clear,"BANGALORE 66 66KV KYALANUR - TALAGAWARAVEMGAL, KYALANUR, TALAGUNDA15:00 15:05 00:05 LINE CLEAR AVAILED"
OUTAGES JAN-26.pdf,57,1586,11/01/26,11-Jan-26,BANGALORE,66,"66KV NAGANATHAPURA 220 - ELECTRONIC CITY PH 2 SEC 2 (MALGUDI) - TATA BP SOLAR - 2ELECTRONIC CITY PH2 SEC 2(MALGUDI), CHOKKASANDRA",,0:22,0:45,0:23,23,0,night_offpeak,TRIPPED ON FAULT,forced,"BANGALORE 6666KV NAGANATHAPURA 220 - ELECTRONIC CITY PH 2 SEC 2 (MALGUDI) - TATA BP SOLAR - 2ELECTRONIC CITY PH2 SEC 2(MALGUDI), CHOKKASANDRA00:22 00:45 00:23 TRIPPED ON FAULT"
OUTAGES JAN-26.pdf,57,1587,11/01/26,11-Jan-26,BANGALORE,66,66KV NELAMANGALA 66 - ALUR ALUR,,20:55,20:58,0:03,3,20,evening_peak,LINE CLEAR AVAILED,planned_or_line_clear,BANGALORE 66 66KV NELAMANGALA 66 - ALUR ALUR 20:55 20:58 00:03 LINE CLEAR AVAILED
OUTAGES JAN-26.pdf,57,1588,11/01/26,11-Jan-26,BANGALORE,66,66KV PUTTENAHALLI 220 - SOLADEVANAHALLI 66KV DC_SC _DG2SOLADEVANAHALLI,,7:37,7:55,0:18,18,7,day_other,LINE CLEAR AVAILED,planned_or_line_clear,BANGALORE 6666KV PUTTENAHALLI 220 - SOLADEVANAHALLI 66KV DC_SC _DG2SOLADEVANAHALLI 07:37 07:55 00:18 LINE CLEAR AVAILED
OUTAGES JAN-26.pdf,57,1589,11/01/26,11-Jan-26,BANGALORE,66,66KV SARJAPURA 220 - CHANDAPURA NO STATION AFFECTED,,1:52,7:07,5:15,315,1,night_offpeak,TRIPPED ON FAULT,forced,BANGALORE 66 66KV SARJAPURA 220 - CHANDAPURA NO STATION AFFECTED 01:52 07:07 05:15 TRIPPED ON FAULT
OUTAGES JAN-26.pdf,57,1590,11/01/26,11-Jan-26,BANGALORE,66,66KV SRS PEENYA 220 - SOLADEVANAHALLI TAP TO BIEC AND ALUR DG - IISOLADEVANAHALLI,,19:50,19:56,0:06,6,19,evening_peak,LINE CLEAR AVAILED,planned_or_line_clear,BANGALORE 6666KV SRS PEENYA 220 - SOLADEVANAHALLI TAP TO BIEC AND ALUR DG - IISOLADEVANAHALLI 19:50 19:56 00:06 LINE CLEAR AVAILED
OUTAGES JAN-26.pdf,57,1591,11/01/26,11-Jan-26,BANGALORE,66,66KV SRS PEENYA 220 - SOLADEVANAHALLI TAP TO BIEC AND ALUR DG - IIALUR,,7:20,7:26,0:06,6,7,day_other,LINE CLEAR AVAILED,planned_or_line_clear,BANGALORE 6666KV SRS PEENYA 220 - SOLADEVANAHALLI TAP TO BIEC AND ALUR DG - IIALUR 07:20 07:26 00:06 LINE CLEAR AVAILED
OUTAGES JAN-26.pdf,57,1592,11/01/26,11-Jan-26,BANGALORE,66,66KV T GOLLAHALLI 220 - KGF 1 NO STATION AFFECTED,,0:00,23:59,23:59,1439,0,night_offpeak,LINE CLEAR AVAILED,planned_or_line_clear,BANGALORE 66 66KV T GOLLAHALLI 220 - KGF 1 NO STATION AFFECTED 00:00 23:59 23:59 LINE CLEAR AVAILED
OUTAGES JAN-26.pdf,57,1593,11/01/26,11-Jan-26,BANGALORE,66,"66KV YARANDANAHALLI 220 - ANEKAL 2ANEKAL, ATTIBELE, SAMANDURU",,10:30,10:42,0:12,12,10,solar_window,MAIN SUPPLY FAILED,forced,"BANGALORE 66 66KV YARANDANAHALLI 220 - ANEKAL 2ANEKAL, ATTIBELE, SAMANDURU10:30 10:42 00:12 MAIN SUPPLY FAILED"
OUTAGES JAN-26.pdf,57,1594,11/01/26,11-Jan-26,BANGALORE,66,"66KV YARANDANAHALLI 220 - BOMMASANDRA I/A - BIOCON (ELECTRONIC CITY 2)BOMMASANDRA, BIOCON",,10:30,10:42,0:12,12,10,solar_window,MAIN SUPPLY FAILED,forced,"BANGALORE 6666KV YARANDANAHALLI 220 - BOMMASANDRA I/A - BIOCON (ELECTRONIC CITY 2)BOMMASANDRA, BIOCON 10:30 10:42 00:12 MAIN SUPPLY FAILED"
OUTAGES JAN-26.pdf,57,1595,11/01/26,11-Jan-26,BANGALORE,66,66KV YARANDANAHALLI 220 - CHANDAPURACHANDAPURA,,10:30,11:05,0:35,35,10,solar_window,MAIN SUPPLY FAILED,forced,BANGALORE 6666KV YARANDANAHALLI 220 - CHANDAPURACHANDAPURA 10:30 11:05 00:35 MAIN SUPPLY FAILED
OUTAGES JAN-26.pdf,57,1596,11/01/26,11-Jan-26,BANGALORE,66,66KV YARANDANAHALLI 220 - COLEMAN LTD TIMES OF INDIA EHTTIMES OF INDIA,,10:30,10:42,0:12,12,10,solar_window,MAIN SUPPLY FAILED,forced,BANGALORE 6666KV YARANDANAHALLI 220 - COLEMAN LTD TIMES OF INDIA EHTTIMES OF INDIA 10:30 10:42 00:12 MAIN SUPPLY FAILED
OUTAGES JAN-26.pdf,57,1597,11/01/26,11-Jan-26,BANGALORE,66,66KV YARANDANAHALLI 220 - JIGANI OLD STATIONNO STATION AFFECTED,,10:30,11:05,0:35,35,10,solar_window,TRIPPED ON FAULT,forced,BANGALORE 6666KV YARANDANAHALLI 220 - JIGANI OLD STATIONNO STATION AFFECTED 10:30 11:05 00:35 TRIPPED ON FAULT
OUTAGES JAN-26.pdf,57,1598,11/01/26,11-Jan-26,BANGALORE,66,"66KV YARANDANAHALLI 220 - SURYA CITYSURYA CITY, ANEKAL, ATTIBELE, SAMANDURU",,10:30,10:42,0:12,12,10,solar_window,MAIN SUPPLY FAILED,forced,"BANGALORE 66 66KV YARANDANAHALLI 220 - SURYA CITYSURYA CITY, ANEKAL, ATTIBELE, SAMANDURU10:30 10:42 00:12 MAIN SUPPLY FAILED"
OUTAGES JAN-26.pdf,57,1599,11/01/26,11-Jan-26,BANGALORE,66,HV1 NG HALLI MUSS,,10:15,10:25,0:10,10,10,solar_window,LINE CLEAR AVAILED,planned_or_line_clear,BANGALORE 66 HV1 NG HALLI MUSS 10:15 10:25 00:10 LINE CLEAR AVAILED
OUTAGES JAN-26.pdf,57,1600,11/01/26,11-Jan-26,BANGALORE,66,HV1 NAGANATHAPURA 220,,18:12,18:28,0:16,16,18,evening_peak,TRIPPED ON FAULT,forced,BANGALORE 66 HV1 NAGANATHAPURA 220 18:12 18:28 00:16 TRIPPED ON FAULT
OUTAGES JAN-26.pdf,57,1601,11/01/26,11-Jan-26,BANGALORE,66,HV1 KONADASPURA,,17:06,17:10,0:04,4,17,day_other,LINE CLEAR AVAILED,planned_or_line_clear,BANGALORE 66 HV1 KONADASPURA 17:06 17:10 00:04 LINE CLEAR AVAILED
OUTAGES JAN-26.pdf,57,1602,11/01/26,11-Jan-26,BANGALORE,66,HV1 MULBAGAL,,8:05,8:19,0:14,14,8,day_other,TRIPPED ON FAULT,forced,BANGALORE 66 HV1 MULBAGAL 08:05 08:19 00:14 TRIPPED ON FAULT
OUTAGES JAN-26.pdf,57,1603,11/01/26,11-Jan-26,BANGALORE,66,HV1 BIDADI 220,,10:16,14:20,4:04,244,10,solar_window,LINE CLEAR AVAILED,planned_or_line_clear,BANGALORE 66 HV1 BIDADI 220 10:16 14:20 04:04 LINE CLEAR AVAILED
OUTAGES JAN-26.pdf,57,1604,11/01/26,11-Jan-26,BANGALORE,66,HV1 YARANDANAHALLI 220,,10:30,10:50,0:20,20,10,solar_window,MAIN SUPPLY FAILED,forced,BANGALORE 66 HV1 YARANDANAHALLI 220 10:30 10:50 00:20 MAIN SUPPLY FAILED
OUTAGES JAN-26.pdf,57,1605,11/01/26,11-Jan-26,BANGALORE,66,HV2 NAGANATHAPURA 220,,15:30,18:10,2:40,160,15,solar_window,TRIPPED ON FAULT,forced,BANGALORE 66 HV2 NAGANATHAPURA 220 15:30 18:10 02:40 TRIPPED ON FAULT
OUTAGES JAN-26.pdf,58,1606,11/01/26,11-Jan-26,BANGALORE,66,HV2 NAGANATHAPURA 220,,18:10,20:39,2:29,149,18,evening_peak,TRIPPED ON FAULT,forced,BANGALORE 66 HV2 NAGANATHAPURA 220 18:10 20:39 02:29 TRIPPED ON FAULT
OUTAGES JAN-26.pdf,58,1607,11/01/26,11-Jan-26,BANGALORE,66,HV2 KONADASPURA,,17:06,17:10,0:04,4,17,day_other,LINE CLEAR AVAILED,planned_or_line_clear,BANGALORE 66 HV2 KONADASPURA 17:06 17:10 00:04 LINE CLEAR AVAILED
OUTAGES JAN-26.pdf,58,1608,11/01/26,11-Jan-26,BANGALORE,66,HV2 MULBAGAL,,8:05,8:19,0:14,14,8,day_other,TRIPPED ON FAULT,forced,BANGALORE 66 HV2 MULBAGAL 08:05 08:19 00:14 TRIPPED ON FAULT
OUTAGES JAN-26.pdf,58,1609,11/01/26,11-Jan-26,BANGALORE,66,HV2 VG DODDI,,18:15,18:20,0:05,5,18,evening_peak,TRIPPED ON FAULT,forced,BANGALORE 66 HV2 VG DODDI 18:15 18:20 00:05 TRIPPED ON FAULT
OUTAGES JAN-26.pdf,58,1610,11/01/26,11-Jan-26,BANGALORE,66,HV2 BIDADI 220,,10:17,14:23,4:06,246,10,solar_window,LINE CLEAR AVAILED,planned_or_line_clear,BANGALORE 66 HV2 BIDADI 220 10:17 14:23 04:06 LINE CLEAR AVAILED
OUTAGES JAN-26.pdf,58,1611,11/01/26,11-Jan-26,BANGALORE,66,HV3 BIDADI 220,,12:23,14:26,2:03,123,12,solar_window,LINE CLEAR AVAILED,planned_or_line_clear,BANGALORE 66 HV3 BIDADI 220 12:23 14:26 02:03 LINE CLEAR AVAILED
OUTAGES JAN-26.pdf,58,1612,11/01/26,11-Jan-26,BANGALORE,220,220KV DEVANAHALLI 400 GIS - NRS DB PURA 220 2NO STATION AFFECTED,,0:00,23:59,23:59,1439,0,night_offpeak,TRIPPED ON FAULT,forced,BANGALORE 220220KV DEVANAHALLI 400 GIS - NRS DB PURA 220 2NO STATION AFFECTED 00:00 23:59 23:59 TRIPPED ON FAULT
OUTAGES JAN-26.pdf,58,1613,11/01/26,11-Jan-26,BANGALORE,220,HV1 KOLAR 220,,10:05,13:25,3:20,200,10,solar_window,LINE CLEAR AVAILED,planned_or_line_clear,BANGALORE 220 HV1 KOLAR 220 10:05 13:25 03:20 LINE CLEAR AVAILED
OUTAGES JAN-26.pdf,58,1614,11/01/26,11-Jan-26,BANGALORE,220,HV1 YARANDANAHALLI 220,,10:30,10:41,0:11,11,10,solar_window,TRIPPED ON FAULT,forced,BANGALORE 220 HV1 YARANDANAHALLI 220 10:30 10:41 00:11 TRIPPED ON FAULT
OUTAGES JAN-26.pdf,58,1615,11/01/26,11-Jan-26,BANGALORE,220,HV2 YARANDANAHALLI 220,,10:30,10:41,0:11,11,10,solar_window,TRIPPED ON FAULT,forced,BANGALORE 220 HV2 YARANDANAHALLI 220 10:30 10:41 00:11 TRIPPED ON FAULT
OUTAGES JAN-26.pdf,62,1731,12/01/26,12-Jan-26,BANGALORE,66,"66KV DABASPETE 220 - THYAMAGONDLU - T BEGUR - NELAMANGALA 66 (CKT-2)THYAMAGONDLU, DODDABELE RAILWAYS(EHT)",,12:17,12:41,0:24,24,12,solar_window,TRIPPED ON FAULT,forced,"BANGALORE 6666KV DABASPETE 220 - THYAMAGONDLU - T BEGUR - NELAMANGALA 66 (CKT-2)THYAMAGONDLU, DODDABELE RAILWAYS(EHT)12:17 12:41 00:24 TRIPPED ON FAULT"
OUTAGES JAN-26.pdf,62,1732,12/01/26,12-Jan-26,BANGALORE,66,"66KV EKARAJAPURA 220 - HOSKOTE 66 - 12 POLE - GRINDWILL (EHT) - HENNURHENNUR ROAD, PURVANKARA PALM BEACH",,17:33,17:38,0:05,5,17,day_other,LINE CLEAR AVAILED,planned_or_line_clear,"BANGALORE 6666KV EKARAJAPURA 220 - HOSKOTE 66 - 12 POLE - GRINDWILL (EHT) - HENNURHENNUR ROAD, PURVANKARA PALM BEACH17:33 17:38 00:05 LINE CLEAR AVAILED"
OUTAGES JAN-26.pdf,62,1733,12/01/26,12-Jan-26,BANGALORE,66,"66KV GOWRIBIDANUR 220 - ALIPURA THONDEBHAVI, ALIPURA",,16:45,16:55,0:10,10,16,day_other,TRIPPED ON FAULT,forced,"BANGALORE 66 66KV GOWRIBIDANUR 220 - ALIPURA THONDEBHAVI, ALIPURA 16:45 16:55 00:10 TRIPPED ON FAULT"
OUTAGES JAN-26.pdf,62,1734,12/01/26,12-Jan-26,BANGALORE,66,"66KV GOWRIBIDANUR 220 - D PALYAD PALYA, GUDIBANDE, MANDIKAL",,15:02,15:20,0:18,18,15,solar_window,LINE CLEAR AVAILED,planned_or_line_clear,"BANGALORE 66 66KV GOWRIBIDANUR 220 - D PALYAD PALYA, GUDIBANDE, MANDIKAL15:02 15:20 00:18 LINE CLEAR AVAILED"
OUTAGES JAN-26.pdf,62,1735,12/01/26,12-Jan-26,BANGALORE,66,"66KV HAROBELE - KUNURUHAROBELE, HUKUNDA, KODIHALLI, BIJJAHALLI, HUNASENAHALLI",,13:02,13:07,0:05,5,13,solar_window,TRIPPED ON FAULT,forced,"BANGALORE 66 66KV HAROBELE - KUNURUHAROBELE, HUKUNDA, KODIHALLI, BIJJAHALLI, HUNASENAHALLI13:02 13:07 00:05 TRIPPED ON FAULT"
OUTAGES JAN-26.pdf,62,1736,12/01/26,12-Jan-26,BANGALORE,66,"66KV HBR LAYOUT 220 - SHOBHA CITY (TAP) - HENNUR (GEDDALAHALLI)_DG4HENNUR ROAD, PURVANKARA PALM BEACH",,14:08,14:21,0:13,13,14,solar_window,LINE CLEAR AVAILED,planned_or_line_clear,"BANGALORE 6666KV HBR LAYOUT 220 - SHOBHA CITY (TAP) - HENNUR (GEDDALAHALLI)_DG4HENNUR ROAD, PURVANKARA PALM BEACH14:08 14:21 00:13 LINE CLEAR AVAILED"
OUTAGES JAN-26.pdf,62,1737,12/01/26,12-Jan-26,BANGALORE,66,"66KV KANAKAPURA 220 - HAROBELE - TK HALLI 1KUNUR, HUKUNDA, HAROBELE, KODIHALLI, HUNASENAHALLI, BIJJAHALLI",,12:03,12:04,0:01,1,12,solar_window,LINE CLEAR AVAILED,planned_or_line_clear,"BANGALORE 6666KV KANAKAPURA 220 - HAROBELE - TK HALLI 1KUNUR, HUKUNDA, HAROBELE, KODIHALLI, HUNASENAHALLI, BIJJAHALLI12:03 12:04 00:01 LINE CLEAR AVAILED"
OUTAGES JAN-26.pdf,62,1738,12/01/26,12-Jan-26,BANGALORE,66,"66KV KANAKAPURA 220 - KUNURKUNUR, HUKUNDA, HAROBELE, KODIHALLI, HUNASENAHALLI, BIJJAHALLI",,8:35,8:50,0:15,15,8,day_other,TRIPPED ON FAULT,forced,"BANGALORE 66 66KV KANAKAPURA 220 - KUNURKUNUR, HUKUNDA, HAROBELE, KODIHALLI, HUNASENAHALLI, BIJJAHALLI08:35 08:50 00:15 TRIPPED ON FAULT"
OUTAGES JAN-26.pdf,62,1739,12/01/26,12-Jan-26,BANGALORE,66,"66KV KANAKAPURA 220 - KUNURKUNUR, HUKUNDA, HAROBELE, KODIHALLI, HUNASENAHALLI, BIJJAHALLI",,8:50,9:29,0:39,39,8,day_other,LINE CLEAR AVAILED,planned_or_line_clear,"BANGALORE 66 66KV KANAKAPURA 220 - KUNURKUNUR, HUKUNDA, HAROBELE, KODIHALLI, HUNASENAHALLI, BIJJAHALLI08:50 09:29 00:39 LINE CLEAR AVAILED"
OUTAGES JAN-26.pdf,62,1740,12/01/26,12-Jan-26,BANGALORE,66,66KV MEI LAYOUT - WIDIA MEI LAYOUT,,9:55,9:58,0:03,3,9,day_other,LINE CLEAR AVAILED,planned_or_line_clear,BANGALORE 66 66KV MEI LAYOUT - WIDIA MEI LAYOUT 09:55 09:58 00:03 LINE CLEAR AVAILED
OUTAGES JAN-26.pdf,63,1741,12/01/26,12-Jan-26,BANGALORE,66,"66KV SRS PEENYA 220 - MEI LAYOUT MEI, BIEC, ALUR",,7:35,8:50,1:15,75,7,day_other,TRIPPED ON FAULT,forced,"BANGALORE 66 66KV SRS PEENYA 220 - MEI LAYOUT MEI, BIEC, ALUR 07:35 08:50 01:15 TRIPPED ON FAULT"
OUTAGES JAN-26.pdf,63,1742,12/01/26,12-Jan-26,BANGALORE,66,"66KV SRS PEENYA 220 - MEI LAYOUT MEI, BIEC, ALUR",,18:36,20:33,1:57,117,18,evening_peak,TRIPPED ON FAULT,forced,"BANGALORE 66 66KV SRS PEENYA 220 - MEI LAYOUT MEI, BIEC, ALUR 18:36 20:33 01:57 TRIPPED ON FAULT"
OUTAGES JAN-26.pdf,63,1743,12/01/26,12-Jan-26,BANGALORE,66,66KV T GOLLAHALLI 220 - KGF 1 NO STATION AFFECTED,,0:00,23:59,23:59,1439,0,night_offpeak,LINE CLEAR AVAILED,planned_or_line_clear,BANGALORE 66 66KV T GOLLAHALLI 220 - KGF 1 NO STATION AFFECTED 00:00 23:59 23:59 LINE CLEAR AVAILED
OUTAGES JAN-26.pdf,63,1744,12/01/26,12-Jan-26,BANGALORE,66,66KV YENNIGADALE - SOMANATHAPURA - CHELURYENIGADALE,,16:32,16:39,0:07,7,16,day_other,LINE CLEAR AVAILED,planned_or_line_clear,BANGALORE 6666KV YENNIGADALE - SOMANATHAPURA - CHELURYENIGADALE 16:32 16:39 00:07 LINE CLEAR AVAILED
OUTAGES JAN-26.pdf,63,1745,12/01/26,12-Jan-26,BANGALORE,66,HV1 LEELA VENTURE,,13:05,13:20,0:15,15,13,solar_window,LINE CLEAR AVAILED,planned_or_line_clear,BANGALORE 66 HV1 LEELA VENTURE 13:05 13:20 00:15 LINE CLEAR AVAILED
OUTAGES JAN-26.pdf,63,1746,12/01/26,12-Jan-26,BANGALORE,66,HV1 KONADASPURA,,7:00,8:00,1:00,60,7,day_other,LINE CLEAR AVAILED,planned_or_line_clear,BANGALORE 66 HV1 KONADASPURA 07:00 08:00 01:00 LINE CLEAR AVAILED
OUTAGES JAN-26.pdf,63,1747,12/01/26,12-Jan-26,BANGALORE,66,HV1 KONADASPURA,,10:40,11:00,0:20,20,10,solar_window,LINE CLEAR AVAILED,planned_or_line_clear,BANGALORE 66 HV1 KONADASPURA 10:40 11:00 00:20 LINE CLEAR AVAILED
OUTAGES JAN-26.pdf,63,1748,12/01/26,12-Jan-26,BANGALORE,66,HV1 MALLASANDRA,,12:30,12:55,0:25,25,12,solar_window,TRIPPED ON FAULT,forced,BANGALORE 66 HV1 MALLASANDRA 12:30 12:55 00:25 TRIPPED ON FAULT
OUTAGES JAN-26.pdf,63,1749,12/01/26,12-Jan-26,BANGALORE,66,HV1 ANDERSONPET,,7:30,12:05,4:35,275,7,day_other,LINE CLEAR AVAILED,planned_or_line_clear,BANGALORE 66 HV1 ANDERSONPET 07:30 12:05 04:35 LINE CLEAR AVAILED
OUTAGES JAN-26.pdf,63,1750,12/01/26,12-Jan-26,BANGALORE,66,HV1 KGF,,15:27,15:56,0:29,29,15,solar_window,LINE CLEAR AVAILED,planned_or_line_clear,BANGALORE 66 HV1 KGF 15:27 15:56 00:29 LINE CLEAR AVAILED
OUTAGES JAN-26.pdf,63,1751,12/01/26,12-Jan-26,BANGALORE,66,HV2 HENNUR ROAD,,11:28,11:33,0:05,5,11,solar_window,LINE CLEAR AVAILED,planned_or_line_clear,BANGALORE 66 HV2 HENNUR ROAD 11:28 11:33 00:05 LINE CLEAR AVAILED
OUTAGES JAN-26.pdf,63,1752,12/01/26,12-Jan-26,BANGALORE,66,HV2 NAGANATHAPURA 220,,13:30,13:33,0:03,3,13,solar_window,LINE CLEAR AVAILED,planned_or_line_clear,BANGALORE 66 HV2 NAGANATHAPURA 220 13:30 13:33 00:03 LINE CLEAR AVAILED
OUTAGES JAN-26.pdf,63,1753,12/01/26,12-Jan-26,BANGALORE,66,HV2 LEELA VENTURE,,14:00,14:05,0:05,5,14,solar_window,LINE CLEAR AVAILED,planned_or_line_clear,BANGALORE 66 HV2 LEELA VENTURE 14:00 14:05 00:05 LINE CLEAR AVAILED
OUTAGES JAN-26.pdf,63,1754,12/01/26,12-Jan-26,BANGALORE,66,HV2 LEELA VENTURE,,16:44,16:46,0:02,2,16,day_other,LINE CLEAR AVAILED,planned_or_line_clear,BANGALORE 66 HV2 LEELA VENTURE 16:44 16:46 00:02 LINE CLEAR AVAILED
OUTAGES JAN-26.pdf,63,1755,12/01/26,12-Jan-26,BANGALORE,66,HV2HARALURU MUDDENAHALLI 22002:17,,2:35,0:18,,,2,night_offpeak,TRIPPED ON FAULT,forced,BANGALORE 66 HV2HARALURU MUDDENAHALLI 22002:17 02:35 00:18 TRIPPED ON FAULT
OUTAGES JAN-26.pdf,63,1756,12/01/26,12-Jan-26,BANGALORE,66,HV2HARALURU MUDDENAHALLI 22002:35,,3:30,0:55,,,3,night_offpeak,LINE CLEAR AVAILED,planned_or_line_clear,BANGALORE 66 HV2HARALURU MUDDENAHALLI 22002:35 03:30 00:55 LINE CLEAR AVAILED
OUTAGES JAN-26.pdf,63,1757,12/01/26,12-Jan-26,BANGALORE,66,HV2 ANDERSONPET,,7:30,12:05,4:35,275,7,day_other,LINE CLEAR AVAILED,planned_or_line_clear,BANGALORE 66 HV2 ANDERSONPET 07:30 12:05 04:35 LINE CLEAR AVAILED
OUTAGES JAN-26.pdf,63,1758,12/01/26,12-Jan-26,BANGALORE,66,HV2 KGF,,13:20,13:37,0:17,17,13,solar_window,LINE CLEAR AVAILED,planned_or_line_clear,BANGALORE 66 HV2 KGF 13:20 13:37 00:17 LINE CLEAR AVAILED
OUTAGES JAN-26.pdf,63,1759,12/01/26,12-Jan-26,BANGALORE,66,HV2 BEVOOR,,16:12,16:26,0:14,14,16,day_other,TRIPPED ON FAULT,forced,BANGALORE 66 HV2 BEVOOR 16:12 16:26 00:14 TRIPPED ON FAULT
OUTAGES JAN-26.pdf,63,1760,12/01/26,12-Jan-26,BANGALORE,220,220KV DEVANAHALLI 400 GIS - NRS DB PURA 220 2NO STATION AFFECTED,,0:00,23:59,23:59,1439,0,night_offpeak,TRIPPED ON FAULT,forced,BANGALORE 220220KV DEVANAHALLI 400 GIS - NRS DB PURA 220 2NO STATION AFFECTED 00:00 23:59 23:59 TRIPPED ON FAULT
OUTAGES JAN-26.pdf,63,1761,12/01/26,12-Jan-26,BANGALORE,220,220KV KIADB DEVANAHALLI HP 220 - EKARAJAPURA 2NO STATION AFFECTED,,15:45,15:50,0:05,5,15,solar_window,LINE CLEAR AVAILED,planned_or_line_clear,BANGALORE 220220KV KIADB DEVANAHALLI HP 220 - EKARAJAPURA 2NO STATION AFFECTED 15:45 15:50 00:05 LINE CLEAR AVAILED
OUTAGES JAN-26.pdf,69,1905,13/01/26,13-Jan-26,BANGALORE,66,66KV CHINTAMANI 66 - SM MANGALA NO STATION AFFECTED,,16:48,17:06,0:18,18,16,day_other,TRIPPED ON FAULT,forced,BANGALORE 66 66KV CHINTAMANI 66 - SM MANGALA NO STATION AFFECTED 16:48 17:06 00:18 TRIPPED ON FAULT
OUTAGES JAN-26.pdf,69,1906,13/01/26,13-Jan-26,BANGALORE,66,"66KV DABASPETE 220 - HIREHALLI HIREHALLI, HONNUDIKE",,15:02,15:10,0:08,8,15,solar_window,LINE CLEAR AVAILED,planned_or_line_clear,"BANGALORE 66 66KV DABASPETE 220 - HIREHALLI HIREHALLI, HONNUDIKE 15:02 15:10 00:08 LINE CLEAR AVAILED"
OUTAGES JAN-26.pdf,69,1907,13/01/26,13-Jan-26,BANGALORE,66,66KV DABASPETE 220 - SK STEEL SK STEEL,,12:15,13:54,1:39,99,12,solar_window,LINE CLEAR AVAILED,planned_or_line_clear,BANGALORE 66 66KV DABASPETE 220 - SK STEEL SK STEEL 12:15 13:54 01:39 LINE CLEAR AVAILED
OUTAGES JAN-26.pdf,69,1908,13/01/26,13-Jan-26,BANGALORE,66,66KV GOWRIBIDANUR 220 - MANCHENAHALLI - GUNDAMGEREMANCHENAHALLI,,13:55,17:45,3:50,230,13,solar_window,LINE CLEAR AVAILED,planned_or_line_clear,BANGALORE 6666KV GOWRIBIDANUR 220 - MANCHENAHALLI - GUNDAMGEREMANCHENAHALLI 13:55 17:45 03:50 LINE CLEAR AVAILED
OUTAGES JAN-26.pdf,69,1909,13/01/26,13-Jan-26,BANGALORE,66,"66KV GUNDAMGERE - D CROSS GUNDAMGERE,SASALU",,13:35,14:05,0:30,30,13,solar_window,LINE CLEAR AVAILED,planned_or_line_clear,"BANGALORE 66 66KV GUNDAMGERE - D CROSS GUNDAMGERE,SASALU 13:35 14:05 00:30 LINE CLEAR AVAILED"
OUTAGES JAN-26.pdf,69,1910,13/01/26,13-Jan-26,BANGALORE,66,"66KV GUNDAMGERE - D CROSS GUNDAMGERE,SASALU",,14:37,14:50,0:13,13,14,solar_window,LINE CLEAR AVAILED,planned_or_line_clear,"BANGALORE 66 66KV GUNDAMGERE - D CROSS GUNDAMGERE,SASALU 14:37 14:50 00:13 LINE CLEAR AVAILED"
OUTAGES JAN-26.pdf,69,1911,13/01/26,13-Jan-26,BANGALORE,66,"66KV GUNDAMGERE - D CROSS GUNDAMGERE,SASALU",,17:53,18:23,0:30,30,17,day_other,LINE CLEAR AVAILED,planned_or_line_clear,"BANGALORE 66 66KV GUNDAMGERE - D CROSS GUNDAMGERE,SASALU 17:53 18:23 00:30 LINE CLEAR AVAILED"
OUTAGES JAN-26.pdf,69,1912,13/01/26,13-Jan-26,BANGALORE,66,66KV HBR LAYOUT 220 - BANASAWADI 1 BANASWADI,,10:00,13:00,3:00,180,10,solar_window,LINE CLEAR AVAILED,planned_or_line_clear,BANGALORE 66 66KV HBR LAYOUT 220 - BANASAWADI 1 BANASWADI 10:00 13:00 03:00 LINE CLEAR AVAILED
OUTAGES JAN-26.pdf,69,1913,13/01/26,13-Jan-26,BANGALORE,66,"66KV HBR LAYOUT 220 - SHOBHA CITY (TAP) - HENNUR (GEDDALAHALLI)_DG4HENNUR, PURVANKARA PALM BEACH",,5:48,6:22,0:34,34,5,night_offpeak,TRIPPED ON FAULT,forced,"BANGALORE 6666KV HBR LAYOUT 220 - SHOBHA CITY (TAP) - HENNUR (GEDDALAHALLI)_DG4HENNUR, PURVANKARA PALM BEACH05:48 06:22 00:34 TRIPPED ON FAULT"
OUTAGES JAN-26.pdf,69,1914,13/01/26,13-Jan-26,BANGALORE,66,66KV HONNIGANAHALLI - HALAGURU HALAGURU,,7:00,7:13,0:13,13,7,day_other,TRIPPED ON FAULT,forced,BANGALORE 66 66KV HONNIGANAHALLI - HALAGURU HALAGURU 07:00 07:13 00:13 TRIPPED ON FAULT
OUTAGES JAN-26.pdf,69,1915,13/01/26,13-Jan-26,BANGALORE,66,66KV ITI 220 – BANASAWADI -1 BANASWADI,,10:00,13:00,3:00,180,10,solar_window,LINE CLEAR AVAILED,planned_or_line_clear,BANGALORE 66 66KV ITI 220 – BANASAWADI -1 BANASWADI 10:00 13:00 03:00 LINE CLEAR AVAILED
OUTAGES JAN-26.pdf,69,1916,13/01/26,13-Jan-26,BANGALORE,66,66KV KOLAR 220 - NARASAPURA 2 NO STATION AFFECTED,,6:25,6:35,0:10,10,6,day_other,TRIPPED ON FAULT,forced,BANGALORE 66 66KV KOLAR 220 - NARASAPURA 2 NO STATION AFFECTED 06:25 06:35 00:10 TRIPPED ON FAULT
OUTAGES JAN-26.pdf,69,1917,13/01/26,13-Jan-26,BANGALORE,66,"66KV MALUR 220 - LAKKUR LAKKUR, DEVANAGUNDI",,17:07,17:23,0:16,16,17,day_other,TRIPPED ON FAULT,forced,"BANGALORE 66 66KV MALUR 220 - LAKKUR LAKKUR, DEVANAGUNDI 17:07 17:23 00:16 TRIPPED ON FAULT"
OUTAGES JAN-26.pdf,69,1918,13/01/26,13-Jan-26,BANGALORE,66,66KV MALUR 220 - MALUR I/A - JADIGENAHALLI (HOSKOTE -1)JADIGENAHALLI,,17:07,17:15,0:08,8,17,day_other,MAIN SUPPLY FAILED,forced,BANGALORE 6666KV MALUR 220 - MALUR I/A - JADIGENAHALLI (HOSKOTE -1)JADIGENAHALLI 17:07 17:15 00:08 MAIN SUPPLY FAILED
OUTAGES JAN-26.pdf,69,1919,13/01/26,13-Jan-26,BANGALORE,66,"66KV MALUR 220 - TEKAL - KGF 1TEKAL, BUDIKOTE, THORALAKKI",,17:07,17:15,0:08,8,17,day_other,MAIN SUPPLY FAILED,forced,"BANGALORE 66 66KV MALUR 220 - TEKAL - KGF 1TEKAL, BUDIKOTE, THORALAKKI17:07 17:15 00:08 MAIN SUPPLY FAILED"
OUTAGES JAN-26.pdf,69,1920,13/01/26,13-Jan-26,BANGALORE,66,66KV NALLIMARADANAHALLI - DIBBURHALLI - SADALIDIBBURAHALLI,,7:42,7:47,0:05,5,7,day_other,LINE CLEAR AVAILED,planned_or_line_clear,BANGALORE 6666KV NALLIMARADANAHALLI - DIBBURHALLI - SADALIDIBBURAHALLI 07:42 07:47 00:05 LINE CLEAR AVAILED
OUTAGES JAN-26.pdf,69,1921,13/01/26,13-Jan-26,BANGALORE,66,66KV SARJAPURA 220 - CHANDAPURA CHANDAPURA,,13:23,14:05,0:42,42,13,solar_window,LINE CLEAR AVAILED,planned_or_line_clear,BANGALORE 66 66KV SARJAPURA 220 - CHANDAPURA CHANDAPURA 13:23 14:05 00:42 LINE CLEAR AVAILED
OUTAGES JAN-26.pdf,69,1922,13/01/26,13-Jan-26,BANGALORE,66,66KV T GOLLAHALLI 220 - KGF 1 NO STATION AFFECTED,,0:00,23:59,23:59,1439,0,night_offpeak,LINE CLEAR AVAILED,planned_or_line_clear,BANGALORE 66 66KV T GOLLAHALLI 220 - KGF 1 NO STATION AFFECTED 00:00 23:59 23:59 LINE CLEAR AVAILED
OUTAGES JAN-26.pdf,69,1923,13/01/26,13-Jan-26,BANGALORE,66,"66KV T GOLLAHALLI 220 - THAYALURTAYALURU, NG HULKUR, MN HALLI",,7:30,7:48,0:18,18,7,day_other,TRIPPED ON FAULT,forced,"BANGALORE 66 66KV T GOLLAHALLI 220 - THAYALURTAYALURU, NG HULKUR, MN HALLI07:30 07:48 00:18 TRIPPED ON FAULT"
OUTAGES JAN-26.pdf,69,1924,13/01/26,13-Jan-26,BANGALORE,66,66KV YARANDANAHALLI 220 - CHANDAPURACHANDAPURA,,11:45,11:47,0:02,2,11,solar_window,LINE CLEAR AVAILED,planned_or_line_clear,BANGALORE 6666KV YARANDANAHALLI 220 - CHANDAPURACHANDAPURA 11:45 11:47 00:02 LINE CLEAR AVAILED
OUTAGES JAN-26.pdf,69,1925,13/01/26,13-Jan-26,BANGALORE,66,HV1 DLF ANNABELE,,15:46,16:10,0:24,24,15,solar_window,TRIPPED ON FAULT,forced,BANGALORE 66 HV1 DLF ANNABELE 15:46 16:10 00:24 TRIPPED ON FAULT
OUTAGES JAN-26.pdf,69,1926,13/01/26,13-Jan-26,BANGALORE,66,HV1 MALLASANDRA,,11:40,12:02,0:22,22,11,solar_window,TRIPPED ON FAULT,forced,BANGALORE 66 HV1 MALLASANDRA 11:40 12:02 00:22 TRIPPED ON FAULT
OUTAGES JAN-26.pdf,69,1927,13/01/26,13-Jan-26,BANGALORE,66,HV1 NG HULKUR,,12:10,13:30,1:20,80,12,solar_window,LINE CLEAR AVAILED,planned_or_line_clear,BANGALORE 66 HV1 NG HULKUR 12:10 13:30 01:20 LINE CLEAR AVAILED
OUTAGES JAN-26.pdf,69,1928,13/01/26,13-Jan-26,BANGALORE,66,HV2 DODDABELAVANGALA,,14:15,14:35,0:20,20,14,solar_window,LINE CLEAR AVAILED,planned_or_line_clear,BANGALORE 66 HV2 DODDABELAVANGALA 14:15 14:35 00:20 LINE CLEAR AVAILED
OUTAGES JAN-26.pdf,69,1929,13/01/26,13-Jan-26,BANGALORE,66,HV2 ATTIBELE,,19:12,19:32,0:20,20,19,evening_peak,LINE CLEAR AVAILED,planned_or_line_clear,BANGALORE 66 HV2 ATTIBELE 19:12 19:32 00:20 LINE CLEAR AVAILED
OUTAGES JAN-26.pdf,69,1930,13/01/26,13-Jan-26,BANGALORE,220,220KV DEVANAHALLI 400 GIS - NRS DB PURA 220 2NO STATION AFFECTED,,0:00,23:59,23:59,1439,0,night_offpeak,TRIPPED ON FAULT,forced,BANGALORE 220220KV DEVANAHALLI 400 GIS - NRS DB PURA 220 2NO STATION AFFECTED 00:00 23:59 23:59 TRIPPED ON FAULT
OUTAGES JAN-26.pdf,69,1931,13/01/26,13-Jan-26,BANGALORE,220,LV1 MALUR 220,,17:07,17:15,0:08,8,17,day_other,TRIPPED ON FAULT,forced,BANGALORE 220 LV1 MALUR 220 17:07 17:15 00:08 TRIPPED ON FAULT
OUTAGES JAN-26.pdf,76,2125,14/01/26,14-Jan-26,BANGALORE,66,66KV BIDADI 220 - HEJJALA 2 HEJJALA,,18:03,18:18,0:15,15,18,evening_peak,LINE CLEAR AVAILED,planned_or_line_clear,BANGALORE 66 66KV BIDADI 220 - HEJJALA 2 HEJJALA 18:03 18:18 00:15 LINE CLEAR AVAILED
OUTAGES JAN-26.pdf,76,2126,14/01/26,14-Jan-26,BANGALORE,66,"66KV CESSNA BUSINESS PARK 220 - EXORA 66EXORA 66, KALYANI TECH PARK, ORACLE(EHT)",,13:02,13:20,0:18,18,13,solar_window,MAIN SUPPLY FAILED,forced,"BANGALORE 6666KV CESSNA BUSINESS PARK 220 - EXORA 66EXORA 66, KALYANI TECH PARK, ORACLE(EHT)13:02 13:20 00:18 MAIN SUPPLY FAILED"
OUTAGES JAN-26.pdf,76,2127,14/01/26,14-Jan-26,BANGALORE,66,"66KV CHANNAPATNA 220 - KOTHIPURA 2 - BEVOORDASHAVARA, VANDARAGUPPE, SANKALGERE, BEVOOR",,11:50,12:06,0:16,16,11,solar_window,TRIPPED ON FAULT,forced,"BANGALORE 6666KV CHANNAPATNA 220 - KOTHIPURA 2 - BEVOORDASHAVARA, VANDARAGUPPE, SANKALGERE, BEVOOR11:50 12:06 00:16 TRIPPED ON FAULT"
OUTAGES JAN-26.pdf,76,2128,14/01/26,14-Jan-26,BANGALORE,66,"66KV CHANNAPATNA 220 - KOTHIPURA 2 - BEVOORDASHAVARA, VANDARAGUPPE, SANKALGERE, BEVOOR",,13:00,14:26,1:26,86,13,solar_window,LINE CLEAR AVAILED,planned_or_line_clear,"BANGALORE 6666KV CHANNAPATNA 220 - KOTHIPURA 2 - BEVOORDASHAVARA, VANDARAGUPPE, SANKALGERE, BEVOOR13:00 14:26 01:26 LINE CLEAR AVAILED"
OUTAGES JAN-26.pdf,76,2129,14/01/26,14-Jan-26,BANGALORE,66,"66KV CHINTAMANI 220 - 66KV CHINTAMANICHINTAMANI 66, RAILWAY TRACTION",,1:30,2:07,0:37,37,1,night_offpeak,MAIN SUPPLY FAILED,forced,"BANGALORE 66 66KV CHINTAMANI 220 - 66KV CHINTAMANICHINTAMANI 66, RAILWAY TRACTION01:30 02:07 00:37 MAIN SUPPLY FAILED"
OUTAGES JAN-26.pdf,77,2130,14/01/26,14-Jan-26,BANGALORE,66,"66KV CHINTAMANI 220 - GANJIGUNTE 1GANJIGUNTE, PALLICHERLU, Y HUNASENAHALLI, DIBBURAHALLI, BURUDAGUNTE",,1:30,2:14,0:44,44,1,night_offpeak,MAIN SUPPLY FAILED,forced,"BANGALORE 66 66KV CHINTAMANI 220 - GANJIGUNTE 1GANJIGUNTE, PALLICHERLU, Y HUNASENAHALLI, DIBBURAHALLI, BURUDAGUNTE01:30 02:14 00:44 MAIN SUPPLY FAILED"
OUTAGES JAN-26.pdf,77,2131,14/01/26,14-Jan-26,BANGALORE,66,"66KV CHINTAMANI 220 - GANJIGUNTE 2GANJIGUNTE, PALLICHERLU, Y HUNASENAHALLI, DIBBURAHALLI, BURUDAGUNTE",,1:30,2:14,0:44,44,1,night_offpeak,MAIN SUPPLY FAILED,forced,"BANGALORE 66 66KV CHINTAMANI 220 - GANJIGUNTE 2GANJIGUNTE, PALLICHERLU, Y HUNASENAHALLI, DIBBURAHALLI, BURUDAGUNTE01:30 02:14 00:44 MAIN SUPPLY FAILED"
OUTAGES JAN-26.pdf,77,2132,14/01/26,14-Jan-26,BANGALORE,66,"66KV CHINTAMANI 220 - MASTHENAHALLIMASTHENAHALLI KIADB, TALAGAWARA, CHEEMANGALA",,1:30,2:14,0:44,44,1,night_offpeak,MAIN SUPPLY FAILED,forced,"BANGALORE 66 66KV CHINTAMANI 220 - MASTHENAHALLIMASTHENAHALLI KIADB, TALAGAWARA, CHEEMANGALA01:30 02:14 00:44 MAIN SUPPLY FAILED"
OUTAGES JAN-26.pdf,77,2133,14/01/26,14-Jan-26,BANGALORE,66,"66KV CHINTAMANI 220 - SIDDALAGHATTA SIDDLAGHATTA, MELUR",,1:30,2:14,0:44,44,1,night_offpeak,MAIN SUPPLY FAILED,forced,"BANGALORE 66 66KV CHINTAMANI 220 - SIDDALAGHATTA SIDDLAGHATTA, MELUR 01:30 02:14 00:44 MAIN SUPPLY FAILED"
OUTAGES JAN-26.pdf,77,2134,14/01/26,14-Jan-26,BANGALORE,66,66KV GOKULA - HMT EHT HMT(EHT),,15:44,16:01,0:17,17,15,solar_window,TRIPPED ON FAULT,forced,BANGALORE 66 66KV GOKULA - HMT EHT HMT(EHT) 15:44 16:01 00:17 TRIPPED ON FAULT
OUTAGES JAN-26.pdf,77,2135,14/01/26,14-Jan-26,BANGALORE,66,"66KV HSR 220 - JAKKASANDRA JAKKASANDRA, ADUGODI",,16:20,16:38,0:18,18,16,day_other,MAIN SUPPLY FAILED,forced,"BANGALORE 66 66KV HSR 220 - JAKKASANDRA JAKKASANDRA, ADUGODI 16:20 16:38 00:18 MAIN SUPPLY FAILED"
OUTAGES JAN-26.pdf,77,2136,14/01/26,14-Jan-26,BANGALORE,66,66KV HSR LAYOUT 220 - DEVARABISANAHALLI - GLOBAL TECH PARKDEVARABISANAHALLI,,16:20,16:38,0:18,18,16,day_other,MAIN SUPPLY FAILED,forced,BANGALORE 6666KV HSR LAYOUT 220 - DEVARABISANAHALLI - GLOBAL TECH PARKDEVARABISANAHALLI 16:20 16:38 00:18 MAIN SUPPLY FAILED
OUTAGES JAN-26.pdf,77,2137,14/01/26,14-Jan-26,BANGALORE,66,66KV HSR LAYOUT 220 - SHOBHA JASMINE APARTMENTSHOBHA APARTMENT,,16:20,16:38,0:18,18,16,day_other,MAIN SUPPLY FAILED,forced,BANGALORE 6666KV HSR LAYOUT 220 - SHOBHA JASMINE APARTMENTSHOBHA APARTMENT 16:20 16:38 00:18 MAIN SUPPLY FAILED
OUTAGES JAN-26.pdf,77,2138,14/01/26,14-Jan-26,BANGALORE,66,66KV KEPPEL PURAVANKARA - SHOBHA FOREST VIEWSHOBHA FOREST VIEW,,15:34,15:38,0:04,4,15,solar_window,LINE CLEAR AVAILED,planned_or_line_clear,BANGALORE 6666KV KEPPEL PURAVANKARA - SHOBHA FOREST VIEWSHOBHA FOREST VIEW 15:34 15:38 00:04 LINE CLEAR AVAILED
OUTAGES JAN-26.pdf,77,2139,14/01/26,14-Jan-26,BANGALORE,66,"66KV KIADB HAROHALLI 220 - VR DODDIVR DODDI, GURUVINAPURA, BV HALLI",,19:00,19:05,0:05,5,19,evening_peak,LINE CLEAR AVAILED,planned_or_line_clear,"BANGALORE 66 66KV KIADB HAROHALLI 220 - VR DODDIVR DODDI, GURUVINAPURA, BV HALLI19:00 19:05 00:05 LINE CLEAR AVAILED"
OUTAGES JAN-26.pdf,77,2140,14/01/26,14-Jan-26,BANGALORE,66,"66KV MITTEMARI 220 - SOMANATHAPURASOMANATHAPURA, CHELUR, CHAKAVELU",,6:25,6:35,0:10,10,6,day_other,TRIPPED ON FAULT,forced,"BANGALORE 66 66KV MITTEMARI 220 - SOMANATHAPURASOMANATHAPURA, CHELUR, CHAKAVELU06:25 06:35 00:10 TRIPPED ON FAULT"
OUTAGES JAN-26.pdf,77,2141,14/01/26,14-Jan-26,BANGALORE,66,66KV SARJAPURA 220 - CHANDAPURA CHANDAPURA,,15:25,15:38,0:13,13,15,solar_window,LINE CLEAR AVAILED,planned_or_line_clear,BANGALORE 66 66KV SARJAPURA 220 - CHANDAPURA CHANDAPURA 15:25 15:38 00:13 LINE CLEAR AVAILED
OUTAGES JAN-26.pdf,77,2142,14/01/26,14-Jan-26,BANGALORE,66,66KV T GOLLAHALLI 220 - KGF 1 NO STATION AFFECTED,,0:00,23:59,23:59,1439,0,night_offpeak,LINE CLEAR AVAILED,planned_or_line_clear,BANGALORE 66 66KV T GOLLAHALLI 220 - KGF 1 NO STATION AFFECTED 00:00 23:59 23:59 LINE CLEAR AVAILED
OUTAGES JAN-26.pdf,77,2143,14/01/26,14-Jan-26,BANGALORE,66,"66KV TK HALLI 220 - GURUVINAPURA - V R DODDIGURUVINAPURA, BV HALLI",,18:58,19:05,0:07,7,18,evening_peak,LINE CLEAR AVAILED,planned_or_line_clear,"BANGALORE 6666KV TK HALLI 220 - GURUVINAPURA - V R DODDIGURUVINAPURA, BV HALLI 18:58 19:05 00:07 LINE CLEAR AVAILED"
OUTAGES JAN-26.pdf,77,2144,14/01/26,14-Jan-26,BANGALORE,66,66KV VIDHURASHWATHA - GUNDLU KOTHURGUNDLU KOTTUR,,18:05,18:45,0:40,40,18,evening_peak,TRIPPED ON FAULT,forced,BANGALORE 6666KV VIDHURASHWATHA - GUNDLU KOTHURGUNDLU KOTTUR 18:05 18:45 00:40 TRIPPED ON FAULT
OUTAGES JAN-26.pdf,77,2145,14/01/26,14-Jan-26,BANGALORE,66,66KV VIKAS TECH PARK 220 - EMBASSY 1 EMBASSY,,13:02,13:32,0:30,30,13,solar_window,MAIN SUPPLY FAILED,forced,BANGALORE 66 66KV VIKAS TECH PARK 220 - EMBASSY 1 EMBASSY 13:02 13:32 00:30 MAIN SUPPLY FAILED
OUTAGES JAN-26.pdf,77,2146,14/01/26,14-Jan-26,BANGALORE,66,66KV VIKAS TECH PARK 220 - EMBASSY 2 EMBASSY,,13:02,13:32,0:30,30,13,solar_window,MAIN SUPPLY FAILED,forced,BANGALORE 66 66KV VIKAS TECH PARK 220 - EMBASSY 2 EMBASSY 13:02 13:32 00:30 MAIN SUPPLY FAILED
OUTAGES JAN-26.pdf,78,2147,14/01/26,14-Jan-26,BANGALORE,66,66KV VIKAS TECH PARK 220 - GLOBAL TECH PARKGLOBAL TECH PARK,,16:19,16:39,0:20,20,16,day_other,MAIN SUPPLY FAILED,forced,BANGALORE 6666KV VIKAS TECH PARK 220 - GLOBAL TECH PARKGLOBAL TECH PARK 16:19 16:39 00:20 MAIN SUPPLY FAILED
OUTAGES JAN-26.pdf,78,2148,14/01/26,14-Jan-26,BANGALORE,66,66KV VIKAS TECH PARK 220 - PRIMAL PRIMAL,,16:20,16:45,0:25,25,16,day_other,MAIN SUPPLY FAILED,forced,BANGALORE 66 66KV VIKAS TECH PARK 220 - PRIMAL PRIMAL 16:20 16:45 00:25 MAIN SUPPLY FAILED
OUTAGES JAN-26.pdf,78,2149,14/01/26,14-Jan-26,BANGALORE,66,66KV VIKAS TECH PARK 220 - RMZ ECO WORLD ADARSHA PALM VILLA RETREATRMZ ECO WORLD,,13:02,13:32,0:30,30,13,solar_window,MAIN SUPPLY FAILED,forced,BANGALORE 6666KV VIKAS TECH PARK 220 - RMZ ECO WORLD ADARSHA PALM VILLA RETREATRMZ ECO WORLD 13:02 13:32 00:30 MAIN SUPPLY FAILED
OUTAGES JAN-26.pdf,78,2150,14/01/26,14-Jan-26,BANGALORE,66,66KV YARANDANAHALLI 220 - CHANDAPURACHANDAPURA,,11:20,11:28,0:08,8,11,solar_window,LINE CLEAR AVAILED,planned_or_line_clear,BANGALORE 6666KV YARANDANAHALLI 220 - CHANDAPURACHANDAPURA 11:20 11:28 00:08 LINE CLEAR AVAILED
OUTAGES JAN-26.pdf,78,2151,14/01/26,14-Jan-26,BANGALORE,66,HV1HSR LAYOUT RECEIVING STATION 22016:20,,16:30,0:10,,,16,day_other,MAIN SUPPLY FAILED,forced,BANGALORE 66 HV1HSR LAYOUT RECEIVING STATION 22016:20 16:30 00:10 MAIN SUPPLY FAILED
OUTAGES JAN-26.pdf,78,2152,14/01/26,14-Jan-26,BANGALORE,66,HV1 VIKAS TECHNICAL PARK 220,,13:02,13:32,0:30,30,13,solar_window,MAIN SUPPLY FAILED,forced,BANGALORE 66 HV1 VIKAS TECHNICAL PARK 220 13:02 13:32 00:30 MAIN SUPPLY FAILED
OUTAGES JAN-26.pdf,78,2153,14/01/26,14-Jan-26,BANGALORE,66,HV1 MALLASANDRA,,12:32,12:46,0:14,14,12,solar_window,TRIPPED ON FAULT,forced,BANGALORE 66 HV1 MALLASANDRA 12:32 12:46 00:14 TRIPPED ON FAULT
OUTAGES JAN-26.pdf,78,2154,14/01/26,14-Jan-26,BANGALORE,66,HV1 MALLASANDRA,,12:55,16:30,3:35,215,12,solar_window,TRIPPED ON FAULT,forced,BANGALORE 66 HV1 MALLASANDRA 12:55 16:30 03:35 TRIPPED ON FAULT
OUTAGES JAN-26.pdf,78,2155,14/01/26,14-Jan-26,BANGALORE,66,HV1 JIGANI 220,,9:30,9:44,0:14,14,9,day_other,TRIPPED ON FAULT,forced,BANGALORE 66 HV1 JIGANI 220 09:30 09:44 00:14 TRIPPED ON FAULT
OUTAGES JAN-26.pdf,78,2156,14/01/26,14-Jan-26,BANGALORE,66,HV1 BOMMASANDRA,,18:05,19:30,1:25,85,18,evening_peak,LINE CLEAR AVAILED,planned_or_line_clear,BANGALORE 66 HV1 BOMMASANDRA 18:05 19:30 01:25 LINE CLEAR AVAILED
OUTAGES JAN-26.pdf,78,2157,14/01/26,14-Jan-26,BANGALORE,66,HV2HSR LAYOUT RECEIVING STATION 22016:20,,16:28,0:08,,,16,day_other,MAIN SUPPLY FAILED,forced,BANGALORE 66 HV2HSR LAYOUT RECEIVING STATION 22016:20 16:28 00:08 MAIN SUPPLY FAILED
OUTAGES JAN-26.pdf,78,2158,14/01/26,14-Jan-26,BANGALORE,66,HV2 SHOBHA APARTMENT,,14:09,14:55,0:46,46,14,solar_window,LINE CLEAR AVAILED,planned_or_line_clear,BANGALORE 66 HV2 SHOBHA APARTMENT 14:09 14:55 00:46 LINE CLEAR AVAILED
OUTAGES JAN-26.pdf,78,2159,14/01/26,14-Jan-26,BANGALORE,66,HV2 VIKAS TECHNICAL PARK 220,,13:02,13:32,0:30,30,13,solar_window,MAIN SUPPLY FAILED,forced,BANGALORE 66 HV2 VIKAS TECHNICAL PARK 220 13:02 13:32 00:30 MAIN SUPPLY FAILED
OUTAGES JAN-26.pdf,78,2160,14/01/26,14-Jan-26,BANGALORE,66,HV2CHIKKABALLAPURA INDUSTRIAL AREA,,21:50,22:10,0:20,20,21,evening_peak,TRIPPED ON FAULT,forced,BANGALORE 66 HV2CHIKKABALLAPURA INDUSTRIAL AREA21:50 22:10 00:20 TRIPPED ON FAULT
OUTAGES JAN-26.pdf,78,2161,14/01/26,14-Jan-26,BANGALORE,66,HV2 MAGADI 66,,20:37,21:02,0:25,25,20,evening_peak,TRIPPED ON FAULT,forced,BANGALORE 66 HV2 MAGADI 66 20:37 21:02 00:25 TRIPPED ON FAULT
OUTAGES JAN-26.pdf,78,2162,14/01/26,14-Jan-26,BANGALORE,66,HV2 BEVOOR,,15:35,15:45,0:10,10,15,solar_window,TRIPPED ON FAULT,forced,BANGALORE 66 HV2 BEVOOR 15:35 15:45 00:10 TRIPPED ON FAULT
OUTAGES JAN-26.pdf,78,2163,14/01/26,14-Jan-26,BANGALORE,66,HV2 BOMMASANDRA,,18:05,18:39,0:34,34,18,evening_peak,LINE CLEAR AVAILED,planned_or_line_clear,BANGALORE 66 HV2 BOMMASANDRA 18:05 18:39 00:34 LINE CLEAR AVAILED
OUTAGES JAN-26.pdf,78,2164,14/01/26,14-Jan-26,BANGALORE,66,HV3HSR LAYOUT RECEIVING STATION 22016:20,,16:30,0:10,,,16,day_other,MAIN SUPPLY FAILED,forced,BANGALORE 66 HV3HSR LAYOUT RECEIVING STATION 22016:20 16:30 00:10 MAIN SUPPLY FAILED
OUTAGES JAN-26.pdf,78,2165,14/01/26,14-Jan-26,BANGALORE,220,220KV DEVANAHALLI 400 GIS - NRS DB PURA 220 2NO STATION AFFECTED,,0:00,23:59,23:59,1439,0,night_offpeak,TRIPPED ON FAULT,forced,BANGALORE 220220KV DEVANAHALLI 400 GIS - NRS DB PURA 220 2NO STATION AFFECTED 00:00 23:59 23:59 TRIPPED ON FAULT
OUTAGES JAN-26.pdf,78,2166,14/01/26,14-Jan-26,BANGALORE,220,"220KV HOODY 220 - MALUR 220VIKAS TECH PARK 220, EXORA 22013:02",,13:32,0:30,,,13,solar_window,TRIPPED ON FAULT,forced,"BANGALORE 220 220KV HOODY 220 - MALUR 220VIKAS TECH PARK 220, EXORA 22013:02 13:32 00:30 TRIPPED ON FAULT"
OUTAGES JAN-26.pdf,78,2167,14/01/26,14-Jan-26,BANGALORE,220,220KV MAGADI 220 - ANCHEPALYA CKT 2 NO STATION AFFECTED,,6:46,8:49,2:03,123,6,day_other,TRIPPED ON FAULT,forced,BANGALORE 220 220KV MAGADI 220 - ANCHEPALYA CKT 2 NO STATION AFFECTED 06:46 08:49 02:03 TRIPPED ON FAULT
OUTAGES JAN-26.pdf,78,2168,14/01/26,14-Jan-26,BANGALORE,220,HV1HSR LAYOUT RECEIVING STATION 22016:20,,16:28,0:08,,,16,day_other,TRIPPED ON FAULT,forced,BANGALORE 220 HV1HSR LAYOUT RECEIVING STATION 22016:20 16:28 00:08 TRIPPED ON FAULT
OUTAGES JAN-26.pdf,78,2169,14/01/26,14-Jan-26,BANGALORE,220,HV2 VIKAS TECHNICAL PARK 220,,13:02,13:32,0:30,30,13,solar_window,MAIN SUPPLY FAILED,forced,BANGALORE 220 HV2 VIKAS TECHNICAL PARK 220 13:02 13:32 00:30 MAIN SUPPLY FAILED
OUTAGES JAN-26.pdf,78,2170,14/01/26,14-Jan-26,BANGALORE,220,HV2 CHINTAMANI 220,,1:30,2:14,0:44,44,1,night_offpeak,TRIPPED ON FAULT,forced,BANGALORE 220 HV2 CHINTAMANI 220 01:30 02:14 00:44 TRIPPED ON FAULT
OUTAGES JAN-26.pdf,79,2171,14/01/26,14-Jan-26,BANGALORE,220,HV3HSR LAYOUT RECEIVING STATION 22016:20,,16:28,0:08,,,16,day_other,TRIPPED ON FAULT,forced,BANGALORE 220 HV3HSR LAYOUT RECEIVING STATION 22016:20 16:28 00:08 TRIPPED ON FAULT
OUTAGES JAN-26.pdf,79,2172,14/01/26,14-Jan-26,BANGALORE,220,HV3 CHINTAMANI 220,,1:30,2:06,0:36,36,1,night_offpeak,TRIPPED ON FAULT,forced,BANGALORE 220 HV3 CHINTAMANI 220 01:30 02:06 00:36 TRIPPED ON FAULT
OUTAGES JAN-26.pdf,86,2362,15/01/26,15-Jan-26,BANGALORE,66,66KV A STATION 220 - A STATION 66/11KV (A2)A STATION 66,,10:04,10:09,0:05,5,10,solar_window,MAIN SUPPLY FAILED,forced,BANGALORE 6666KV A STATION 220 - A STATION 66/11KV (A2)A STATION 66 10:04 10:09 00:05 MAIN SUPPLY FAILED
OUTAGES JAN-26.pdf,86,2363,15/01/26,15-Jan-26,BANGALORE,66,"66KV CHANNAPATNA 220 - KOTHIPURA 2 - BEVOORDASHAVARA, BEVOOR, SANKALGERE, VANDARAGUPPE",,11:52,12:00,0:08,8,11,solar_window,TRIPPED ON FAULT,forced,"BANGALORE 6666KV CHANNAPATNA 220 - KOTHIPURA 2 - BEVOORDASHAVARA, BEVOOR, SANKALGERE, VANDARAGUPPE11:52 12:00 00:08 TRIPPED ON FAULT"
OUTAGES JAN-26.pdf,86,2364,15/01/26,15-Jan-26,BANGALORE,66,66KV GOWRIBIDANUR 220 - MANCHENAHALLI - GUNDAMGEREMANCHENAHALLI,,18:10,18:20,0:10,10,18,evening_peak,TRIPPED ON FAULT,forced,BANGALORE 6666KV GOWRIBIDANUR 220 - MANCHENAHALLI - GUNDAMGEREMANCHENAHALLI 18:10 18:20 00:10 TRIPPED ON FAULT
OUTAGES JAN-26.pdf,86,2365,15/01/26,15-Jan-26,BANGALORE,66,66KV GUNDLU KOTHUR - BAGEPALLI GUNDLU KOTTUR,,18:30,18:35,0:05,5,18,evening_peak,LINE CLEAR AVAILED,planned_or_line_clear,BANGALORE 66 66KV GUNDLU KOTHUR - BAGEPALLI GUNDLU KOTTUR 18:30 18:35 00:05 LINE CLEAR AVAILED
OUTAGES JAN-26.pdf,86,2366,15/01/26,15-Jan-26,BANGALORE,66,66KV HAL 220 - AMARJYOTHI 1 - LEELAVENTURE (TAP)LEELA VENTURE,,23:17,23:23,0:06,6,23,night_offpeak,LINE CLEAR AVAILED,planned_or_line_clear,BANGALORE 6666KV HAL 220 - AMARJYOTHI 1 - LEELAVENTURE (TAP)LEELA VENTURE 23:17 23:23 00:06 LINE CLEAR AVAILED
OUTAGES JAN-26.pdf,86,2367,15/01/26,15-Jan-26,BANGALORE,66,66KV HAL 220 - AMARJYOTHI 2 - LEELAVENTURE (TAP)LEELA VENTURE,,23:17,23:23,0:06,6,23,night_offpeak,LINE CLEAR AVAILED,planned_or_line_clear,BANGALORE 6666KV HAL 220 - AMARJYOTHI 2 - LEELAVENTURE (TAP)LEELA VENTURE 23:17 23:23 00:06 LINE CLEAR AVAILED
OUTAGES JAN-26.pdf,86,2368,15/01/26,15-Jan-26,BANGALORE,66,66KV MALUR 220 - MALUR I/A MALUR I/A,,17:48,18:49,1:01,61,17,day_other,LINE CLEAR AVAILED,planned_or_line_clear,BANGALORE 66 66KV MALUR 220 - MALUR I/A MALUR I/A 17:48 18:49 01:01 LINE CLEAR AVAILED
OUTAGES JAN-26.pdf,86,2369,15/01/26,15-Jan-26,BANGALORE,66,"66KV MALUR 220 - MALUR I/A - JADIGENAHALLI (HOSKOTE -1)MALUR I/A, BEST STEEL(EHT)",,16:13,16:50,0:37,37,16,day_other,TRIPPED ON FAULT,forced,"BANGALORE 6666KV MALUR 220 - MALUR I/A - JADIGENAHALLI (HOSKOTE -1)MALUR I/A, BEST STEEL(EHT) 16:13 16:50 00:37 TRIPPED ON FAULT"
OUTAGES JAN-26.pdf,86,2370,15/01/26,15-Jan-26,BANGALORE,66,66KV MALUR 220 - MALUR TOWN MALUR 66,,16:13,16:23,0:10,10,16,day_other,MAIN SUPPLY FAILED,forced,BANGALORE 66 66KV MALUR 220 - MALUR TOWN MALUR 66 16:13 16:23 00:10 MAIN SUPPLY FAILED
OUTAGES JAN-26.pdf,86,2371,15/01/26,15-Jan-26,BANGALORE,66,66KV MALUR 220 - MASTHI MASTHI,,16:13,16:23,0:10,10,16,day_other,MAIN SUPPLY FAILED,forced,BANGALORE 66 66KV MALUR 220 - MASTHI MASTHI 16:13 16:23 00:10 MAIN SUPPLY FAILED
OUTAGES JAN-26.pdf,86,2372,15/01/26,15-Jan-26,BANGALORE,66,66KV NRS 220 - BRIGADE GATEWAY BRIGADE GATEWAY,,10:04,10:09,0:05,5,10,solar_window,MAIN SUPPLY FAILED,forced,BANGALORE 66 66KV NRS 220 - BRIGADE GATEWAY BRIGADE GATEWAY 10:04 10:09 00:05 MAIN SUPPLY FAILED
OUTAGES JAN-26.pdf,86,2373,15/01/26,15-Jan-26,BANGALORE,66,66KV NRS 220 - MAHALAKSHMI LAYOUT NO STATION AFFECTED,,10:04,10:26,0:22,22,10,solar_window,TRIPPED ON FAULT,forced,BANGALORE 66 66KV NRS 220 - MAHALAKSHMI LAYOUT NO STATION AFFECTED 10:04 10:26 00:22 TRIPPED ON FAULT
OUTAGES JAN-26.pdf,86,2374,15/01/26,15-Jan-26,BANGALORE,66,66KV NRS 220 - PALLADIUM PALLADIUM,,10:04,10:14,0:10,10,10,solar_window,MAIN SUPPLY FAILED,forced,BANGALORE 66 66KV NRS 220 - PALLADIUM PALLADIUM 10:04 10:14 00:10 MAIN SUPPLY FAILED
OUTAGES JAN-26.pdf,86,2375,15/01/26,15-Jan-26,BANGALORE,66,66KV NRS 220 - SHOBHA INDRAPRASTHA (A1)SHOBHA INDRAPRASTHA,,10:04,10:16,0:12,12,10,solar_window,MAIN SUPPLY FAILED,forced,BANGALORE 6666KV NRS 220 - SHOBHA INDRAPRASTHA (A1)SHOBHA INDRAPRASTHA 10:04 10:16 00:12 MAIN SUPPLY FAILED
OUTAGES JAN-26.pdf,86,2376,15/01/26,15-Jan-26,BANGALORE,66,66KV T GOLLAHALLI 220 - KGF 1 NO STATION AFFECTED,,0:00,23:59,23:59,1439,0,night_offpeak,LINE CLEAR AVAILED,planned_or_line_clear,BANGALORE 66 66KV T GOLLAHALLI 220 - KGF 1 NO STATION AFFECTED 00:00 23:59 23:59 LINE CLEAR AVAILED
OUTAGES JAN-26.pdf,86,2377,15/01/26,15-Jan-26,BANGALORE,66,66KV TK HALLI 220 - AKKURMOLE AKKURMOLE,,9:03,9:18,0:15,15,9,day_other,MAIN SUPPLY FAILED,forced,BANGALORE 66 66KV TK HALLI 220 - AKKURMOLE AKKURMOLE 09:03 09:18 00:15 MAIN SUPPLY FAILED
OUTAGES JAN-26.pdf,86,2378,15/01/26,15-Jan-26,BANGALORE,66,"66KV TK HALLI 220 - ETHAMBADI ETHAMBADI, IGGALUR",,9:03,9:18,0:15,15,9,day_other,MAIN SUPPLY FAILED,forced,"BANGALORE 66 66KV TK HALLI 220 - ETHAMBADI ETHAMBADI, IGGALUR 09:03 09:18 00:15 MAIN SUPPLY FAILED"
OUTAGES JAN-26.pdf,86,2379,15/01/26,15-Jan-26,BANGALORE,66,"66KV TK HALLI 220 - GURUVINAPURA - V R DODDIVR DODDI, GURUVINAPURA, BV HALLI",,9:03,9:18,0:15,15,9,day_other,MAIN SUPPLY FAILED,forced,"BANGALORE 6666KV TK HALLI 220 - GURUVINAPURA - V R DODDIVR DODDI, GURUVINAPURA, BV HALLI09:03 09:18 00:15 MAIN SUPPLY FAILED"
OUTAGES JAN-26.pdf,86,2380,15/01/26,15-Jan-26,BANGALORE,66,"66KV TK HALLI 220 - HALAGURUHALAGURU, HONNIGANAHALLI, ACHALU",,9:03,9:18,0:15,15,9,day_other,MAIN SUPPLY FAILED,forced,"BANGALORE 66 66KV TK HALLI 220 - HALAGURUHALAGURU, HONNIGANAHALLI, ACHALU09:03 09:18 00:15 MAIN SUPPLY FAILED"
OUTAGES JAN-26.pdf,86,2381,15/01/26,15-Jan-26,BANGALORE,66,"66kV VIDHANA SOUDHA -KANTEERAVAKANTEERAVA, VIDHANA SOUDHA",,10:04,10:09,0:05,5,10,solar_window,MAIN SUPPLY FAILED,forced,"BANGALORE 66 66kV VIDHANA SOUDHA -KANTEERAVAKANTEERAVA, VIDHANA SOUDHA10:04 10:09 00:05 MAIN SUPPLY FAILED"
OUTAGES JAN-26.pdf,87,2382,15/01/26,15-Jan-26,BANGALORE,66,HV1 AKKURMOLE,,9:18,10:28,1:10,70,9,day_other,TRIPPED ON FAULT,forced,BANGALORE 66 HV1 AKKURMOLE 09:18 10:28 01:10 TRIPPED ON FAULT
OUTAGES JAN-26.pdf,87,2383,15/01/26,15-Jan-26,BANGALORE,66,HV1 AKKURMOLE,,10:35,11:00,0:25,25,10,solar_window,LINE CLEAR AVAILED,planned_or_line_clear,BANGALORE 66 HV1 AKKURMOLE 10:35 11:00 00:25 LINE CLEAR AVAILED
OUTAGES JAN-26.pdf,87,2384,15/01/26,15-Jan-26,BANGALORE,66,HV2 NRS RAJAJINAGAR 220,,10:04,10:31,0:27,27,10,solar_window,MAIN SUPPLY FAILED,forced,BANGALORE 66 HV2 NRS RAJAJINAGAR 220 10:04 10:31 00:27 MAIN SUPPLY FAILED
OUTAGES JAN-26.pdf,87,2385,15/01/26,15-Jan-26,BANGALORE,66,HV2 VIJAYNAGAR,,9:50,10:09,0:19,19,9,day_other,MAIN SUPPLY FAILED,forced,BANGALORE 66 HV2 VIJAYNAGAR 09:50 10:09 00:19 MAIN SUPPLY FAILED
OUTAGES JAN-26.pdf,87,2386,15/01/26,15-Jan-26,BANGALORE,66,HV2 NAGANATHAPURA 220,,18:03,18:13,0:10,10,18,evening_peak,TRIPPED ON FAULT,forced,BANGALORE 66 HV2 NAGANATHAPURA 220 18:03 18:13 00:10 TRIPPED ON FAULT
OUTAGES JAN-26.pdf,87,2387,15/01/26,15-Jan-26,BANGALORE,66,HV2 DODDABELAVANGALA,,5:39,5:44,0:05,5,5,night_offpeak,TRIPPED ON FAULT,forced,BANGALORE 66 HV2 DODDABELAVANGALA 05:39 05:44 00:05 TRIPPED ON FAULT
OUTAGES JAN-26.pdf,87,2388,15/01/26,15-Jan-26,BANGALORE,66,HV2 VENKATARAYANADODDI,,18:15,18:25,0:10,10,18,evening_peak,TRIPPED ON FAULT,forced,BANGALORE 66 HV2 VENKATARAYANADODDI 18:15 18:25 00:10 TRIPPED ON FAULT
OUTAGES JAN-26.pdf,87,2389,15/01/26,15-Jan-26,BANGALORE,66,HV2 BEVOOR,,12:32,12:37,0:05,5,12,solar_window,TRIPPED ON FAULT,forced,BANGALORE 66 HV2 BEVOOR 12:32 12:37 00:05 TRIPPED ON FAULT
OUTAGES JAN-26.pdf,87,2390,15/01/26,15-Jan-26,BANGALORE,66,HV3 A_STATION 66,,10:04,10:09,0:05,5,10,solar_window,MAIN SUPPLY FAILED,forced,BANGALORE 66 HV3 A_STATION 66 10:04 10:09 00:05 MAIN SUPPLY FAILED
OUTAGES JAN-26.pdf,87,2391,15/01/26,15-Jan-26,BANGALORE,66,HV4 A_STATION 66,,10:04,10:09,0:05,5,10,solar_window,MAIN SUPPLY FAILED,forced,BANGALORE 66 HV4 A_STATION 66 10:04 10:09 00:05 MAIN SUPPLY FAILED
OUTAGES JAN-26.pdf,87,2392,15/01/26,15-Jan-26,BANGALORE,220,220KV DEVANAHALLI 400 GIS - NRS DB PURA 220 2NO STATION AFFECTED,,0:00,23:59,23:59,1439,0,night_offpeak,TRIPPED ON FAULT,forced,BANGALORE 220220KV DEVANAHALLI 400 GIS - NRS DB PURA 220 2NO STATION AFFECTED 00:00 23:59 23:59 TRIPPED ON FAULT
OUTAGES JAN-26.pdf,87,2393,15/01/26,15-Jan-26,BANGALORE,220,220KV NRS 220 - VRUSHABHAVATI 220 NRS RAJAJINAGAR 220,,10:04,10:26,0:22,22,10,solar_window,TRIPPED ON FAULT,forced,BANGALORE 220 220KV NRS 220 - VRUSHABHAVATI 220 NRS RAJAJINAGAR 220 10:04 10:26 00:22 TRIPPED ON FAULT
OUTAGES JAN-26.pdf,87,2394,15/01/26,15-Jan-26,BANGALORE,220,HV2 MALUR 220,,16:13,16:23,0:10,10,16,day_other,TRIPPED ON FAULT,forced,BANGALORE 220 HV2 MALUR 220 16:13 16:23 00:10 TRIPPED ON FAULT
OUTAGES JAN-26.pdf,87,2395,15/01/26,15-Jan-26,BANGALORE,220,HV2 TK HALLI 220,,9:03,9:18,0:15,15,9,day_other,MAIN SUPPLY FAILED,forced,BANGALORE 220 HV2 TK HALLI 220 09:03 09:18 00:15 MAIN SUPPLY FAILED
OUTAGES JAN-26.pdf,87,2396,15/01/26,15-Jan-26,BANGALORE,220,HV3 TK HALLI 220,,9:03,9:18,0:15,15,9,day_other,MAIN SUPPLY FAILED,forced,BANGALORE 220 HV3 TK HALLI 220 09:03 09:18 00:15 MAIN SUPPLY FAILED
OUTAGES JAN-26.pdf,91,2505,16/01/26,16-Jan-26,BANGALORE,66,66KV ABBIGERE - ATTURU - MANYATA DG-3 ABBIGERE,,9:26,9:29,0:03,3,9,day_other,LINE CLEAR AVAILED,planned_or_line_clear,BANGALORE 66 66KV ABBIGERE - ATTURU - MANYATA DG-3 ABBIGERE 09:26 09:29 00:03 LINE CLEAR AVAILED
OUTAGES JAN-26.pdf,91,2506,16/01/26,16-Jan-26,BANGALORE,66,"66KV ATTURU - PLATINUM CITY - SAHAKARNAGAR 66 DG-4ATTUR YELAHANKA, ESCORT(EHT), RAIL WHEEL FACTORY",,7:30,7:48,0:18,18,7,day_other,TRIPPED ON FAULT,forced,"BANGALORE 6666KV ATTURU - PLATINUM CITY - SAHAKARNAGAR 66 DG-4ATTUR YELAHANKA, ESCORT(EHT), RAIL WHEEL FACTORY07:30 07:48 00:18 TRIPPED ON FAULT"
OUTAGES JAN-26.pdf,91,2507,16/01/26,16-Jan-26,BANGALORE,66,66KV CHINTAMANI 66 - SM MANGALA SM MANGALA,,18:00,18:06,0:06,6,18,evening_peak,LINE CLEAR AVAILED,planned_or_line_clear,BANGALORE 66 66KV CHINTAMANI 66 - SM MANGALA SM MANGALA 18:00 18:06 00:06 LINE CLEAR AVAILED
OUTAGES JAN-26.pdf,91,2508,16/01/26,16-Jan-26,BANGALORE,66,66KV DABASPETE 220 - SK STEEL NO STATION AFFECTED,,6:36,13:45,7:09,429,6,day_other,TRIPPED ON FAULT,forced,BANGALORE 66 66KV DABASPETE 220 - SK STEEL NO STATION AFFECTED 06:36 13:45 07:09 TRIPPED ON FAULT
OUTAGES JAN-26.pdf,91,2509,16/01/26,16-Jan-26,BANGALORE,66,"66KV EKARAJAPURA 220 - PILLAGUMPA - VOLVO - NANDAGUDIVOLVO, NANDAGUDI",,6:46,7:11,0:25,25,6,day_other,TRIPPED ON FAULT,forced,"BANGALORE 6666KV EKARAJAPURA 220 - PILLAGUMPA - VOLVO - NANDAGUDIVOLVO, NANDAGUDI 06:46 07:11 00:25 TRIPPED ON FAULT"
OUTAGES JAN-26.pdf,91,2510,16/01/26,16-Jan-26,BANGALORE,66,"66KV GOWRIBIDANUR 220 - ALIPURA THONDEBHAVI, ALIPURA",,15:45,16:06,0:21,21,15,solar_window,MAIN SUPPLY FAILED,forced,"BANGALORE 66 66KV GOWRIBIDANUR 220 - ALIPURA THONDEBHAVI, ALIPURA 15:45 16:06 00:21 MAIN SUPPLY FAILED"
OUTAGES JAN-26.pdf,91,2511,16/01/26,16-Jan-26,BANGALORE,66,"66KV GOWRIBIDANUR 220 - D PALYAD PALYA, GUDIBANDE, MANDIKAL",,15:45,17:52,2:07,127,15,solar_window,MAIN SUPPLY FAILED,forced,"BANGALORE 66 66KV GOWRIBIDANUR 220 - D PALYAD PALYA, GUDIBANDE, MANDIKAL15:45 17:52 02:07 MAIN SUPPLY FAILED"
OUTAGES JAN-26.pdf,91,2512,16/01/26,16-Jan-26,BANGALORE,66,66KV GOWRIBIDANUR 220 - MANCHENAHALLI - GUNDAMGEREMANCHENAHALLI,,15:45,16:06,0:21,21,15,solar_window,MAIN SUPPLY FAILED,forced,BANGALORE 6666KV GOWRIBIDANUR 220 - MANCHENAHALLI - GUNDAMGEREMANCHENAHALLI 15:45 16:06 00:21 MAIN SUPPLY FAILED
OUTAGES JAN-26.pdf,91,2513,16/01/26,16-Jan-26,BANGALORE,66,66KV GOWRIBIDANUR 220 - RAMAPURA HOSUR RAMAPURA,,15:45,17:19,1:34,94,15,solar_window,MAIN SUPPLY FAILED,forced,BANGALORE 66 66KV GOWRIBIDANUR 220 - RAMAPURA HOSUR RAMAPURA 15:45 17:19 01:34 MAIN SUPPLY FAILED
OUTAGES JAN-26.pdf,91,2514,16/01/26,16-Jan-26,BANGALORE,66,"66KV HAL 220 - BAGAMANE TECH PARK (TAPPED TO ADE/GTRE)BAGAMANE TECH PARK, GTRE(EHT)",,3:13,3:38,0:25,25,3,night_offpeak,MAIN SUPPLY FAILED,forced,"BANGALORE 6666KV HAL 220 - BAGAMANE TECH PARK (TAPPED TO ADE/GTRE)BAGAMANE TECH PARK, GTRE(EHT)03:13 03:38 00:25 MAIN SUPPLY FAILED"
OUTAGES JAN-26.pdf,91,2515,16/01/26,16-Jan-26,BANGALORE,66,66KV HAL 220 - ISRO EHT ISRO(EHT),,3:13,3:38,0:25,25,3,night_offpeak,MAIN SUPPLY FAILED,forced,BANGALORE 66 66KV HAL 220 - ISRO EHT ISRO(EHT) 03:13 03:38 00:25 MAIN SUPPLY FAILED
OUTAGES JAN-26.pdf,91,2516,16/01/26,16-Jan-26,BANGALORE,66,66KV ITI 220 - DRDO (EHT) DRDO(EHT),,21:20,22:12,0:52,52,21,evening_peak,TRIPPED ON FAULT,forced,BANGALORE 66 66KV ITI 220 - DRDO (EHT) DRDO(EHT) 21:20 22:12 00:52 TRIPPED ON FAULT
OUTAGES JAN-26.pdf,92,2517,16/01/26,16-Jan-26,BANGALORE,66,"66KV KANAKAPURA 220 - SHIVANAHALLI KMF - DODDALAHALLI - TK HALLIDODDALAHALLI, SHIVANAHALLI KMF",,9:22,9:32,0:10,10,9,day_other,TRIPPED ON FAULT,forced,"BANGALORE 6666KV KANAKAPURA 220 - SHIVANAHALLI KMF - DODDALAHALLI - TK HALLIDODDALAHALLI, SHIVANAHALLI KMF09:22 09:32 00:10 TRIPPED ON FAULT"
OUTAGES JAN-26.pdf,92,2518,16/01/26,16-Jan-26,BANGALORE,66,66KV KOLAR 220 - NARASAPURA 1 NARASAPURA,,15:28,15:33,0:05,5,15,solar_window,LINE CLEAR AVAILED,planned_or_line_clear,BANGALORE 66 66KV KOLAR 220 - NARASAPURA 1 NARASAPURA 15:28 15:33 00:05 LINE CLEAR AVAILED
OUTAGES JAN-26.pdf,92,2519,16/01/26,16-Jan-26,BANGALORE,66,66KV KOLAR 220 - NARASAPURA 2 NO STATION AFFECTED,,3:31,3:42,0:11,11,3,night_offpeak,TRIPPED ON FAULT,forced,BANGALORE 66 66KV KOLAR 220 - NARASAPURA 2 NO STATION AFFECTED 03:31 03:42 00:11 TRIPPED ON FAULT
OUTAGES JAN-26.pdf,92,2520,16/01/26,16-Jan-26,BANGALORE,66,66KV KOLAR 220 - NARASAPURA 2 NARASAPURA,,15:28,15:33,0:05,5,15,solar_window,LINE CLEAR AVAILED,planned_or_line_clear,BANGALORE 66 66KV KOLAR 220 - NARASAPURA 2 NARASAPURA 15:28 15:33 00:05 LINE CLEAR AVAILED
OUTAGES JAN-26.pdf,92,2521,16/01/26,16-Jan-26,BANGALORE,66,66KV KOLAR 220 - PGCIL AUX - SUGUTUR - SM MANGALASM MANGALA,,10:12,10:15,0:03,3,10,solar_window,LINE CLEAR AVAILED,planned_or_line_clear,BANGALORE 6666KV KOLAR 220 - PGCIL AUX - SUGUTUR - SM MANGALASM MANGALA 10:12 10:15 00:03 LINE CLEAR AVAILED
OUTAGES JAN-26.pdf,92,2522,16/01/26,16-Jan-26,BANGALORE,66,"66KV KOLAR 220 - TALAGUNDATALAGUNDA, VEMGAL, KYALANUR",,10:33,10:40,0:07,7,10,solar_window,LINE CLEAR AVAILED,planned_or_line_clear,"BANGALORE 66 66KV KOLAR 220 - TALAGUNDATALAGUNDA, VEMGAL, KYALANUR10:33 10:40 00:07 LINE CLEAR AVAILED"
OUTAGES JAN-26.pdf,92,2523,16/01/26,16-Jan-26,BANGALORE,66,"66KV KYALANUR - TALAGAWARATALAGUNDA, VEMGAL, KYALANUR",,18:03,18:14,0:11,11,18,evening_peak,LINE CLEAR AVAILED,planned_or_line_clear,"BANGALORE 66 66KV KYALANUR - TALAGAWARATALAGUNDA, VEMGAL, KYALANUR18:03 18:14 00:11 LINE CLEAR AVAILED"
OUTAGES JAN-26.pdf,92,2524,16/01/26,16-Jan-26,BANGALORE,66,66KV MALUR 220 - MALUR I/A - JADIGENAHALLI (HOSKOTE -1)MALUR IND REA,,11:39,11:41,0:02,2,11,solar_window,MAIN SUPPLY FAILED,forced,BANGALORE 6666KV MALUR 220 - MALUR I/A - JADIGENAHALLI (HOSKOTE -1)MALUR IND REA 11:39 11:41 00:02 MAIN SUPPLY FAILED
OUTAGES JAN-26.pdf,92,2525,16/01/26,16-Jan-26,BANGALORE,66,66KV MALUR 220 - MALUR I/A - JADIGENAHALLI (HOSKOTE -1)MALUR IND REA,,16:39,16:44,0:05,5,16,day_other,LINE CLEAR AVAILED,planned_or_line_clear,BANGALORE 6666KV MALUR 220 - MALUR I/A - JADIGENAHALLI (HOSKOTE -1)MALUR IND REA 16:39 16:44 00:05 LINE CLEAR AVAILED
OUTAGES JAN-26.pdf,92,2526,16/01/26,16-Jan-26,BANGALORE,66,66KV MALUR 220 - MALUR TOWN MALUR 66,,11:39,11:41,0:02,2,11,solar_window,MAIN SUPPLY FAILED,forced,BANGALORE 66 66KV MALUR 220 - MALUR TOWN MALUR 66 11:39 11:41 00:02 MAIN SUPPLY FAILED
OUTAGES JAN-26.pdf,92,2527,16/01/26,16-Jan-26,BANGALORE,66,66KV MALUR 220 - MALUR TOWN MALUR 66,,16:39,16:44,0:05,5,16,day_other,LINE CLEAR AVAILED,planned_or_line_clear,BANGALORE 66 66KV MALUR 220 - MALUR TOWN MALUR 66 16:39 16:44 00:05 LINE CLEAR AVAILED
OUTAGES JAN-26.pdf,92,2528,16/01/26,16-Jan-26,BANGALORE,66,66KV MALUR 220 - MASTHI MASTHI,,11:39,11:41,0:02,2,11,solar_window,MAIN SUPPLY FAILED,forced,BANGALORE 66 66KV MALUR 220 - MASTHI MASTHI 11:39 11:41 00:02 MAIN SUPPLY FAILED
OUTAGES JAN-26.pdf,92,2529,16/01/26,16-Jan-26,BANGALORE,66,66KV MALUR 220 - MASTHI MASTHI,,16:39,16:44,0:05,5,16,day_other,LINE CLEAR AVAILED,planned_or_line_clear,BANGALORE 66 66KV MALUR 220 - MASTHI MASTHI 16:39 16:44 00:05 LINE CLEAR AVAILED
OUTAGES JAN-26.pdf,92,2530,16/01/26,16-Jan-26,BANGALORE,66,"66KV NAGANATHAPURA 220 - ELECTRONIC CITY PH 2 SEC 2 (MALGUDI) - 1MALGUDI, TATA BP SOLAR(EHT)",,9:47,10:27,0:40,40,9,day_other,TRIPPED ON FAULT,forced,"BANGALORE 6666KV NAGANATHAPURA 220 - ELECTRONIC CITY PH 2 SEC 2 (MALGUDI) - 1MALGUDI, TATA BP SOLAR(EHT)09:47 10:27 00:40 TRIPPED ON FAULT"
OUTAGES JAN-26.pdf,92,2531,16/01/26,16-Jan-26,BANGALORE,66,"66KV NRS DB PURA 220 - DEVANAHALLI 2DEVANAHALLI 66, BRIGADE ORCHADS",,12:24,15:26,3:02,182,12,solar_window,TRIPPED ON FAULT,forced,"BANGALORE 66 66KV NRS DB PURA 220 - DEVANAHALLI 2DEVANAHALLI 66, BRIGADE ORCHADS12:24 15:26 03:02 TRIPPED ON FAULT"
OUTAGES JAN-26.pdf,92,2532,16/01/26,16-Jan-26,BANGALORE,66,"66KV NRS DB PURA 220 - KUNDANA - DEVANAHALLI 1DEVANAHALLI 66, KUNDANA, BRIGADE ORCHADS",,12:24,15:26,3:02,182,12,solar_window,TRIPPED ON FAULT,forced,"BANGALORE 6666KV NRS DB PURA 220 - KUNDANA - DEVANAHALLI 1DEVANAHALLI 66, KUNDANA, BRIGADE ORCHADS12:24 15:26 03:02 TRIPPED ON FAULT"
OUTAGES JAN-26.pdf,92,2533,16/01/26,16-Jan-26,BANGALORE,66,66KV SRINIVASAPURA 220 - TADIGOL CROSS TADIGOL CROSS,,7:35,7:43,0:08,8,7,day_other,TRIPPED ON FAULT,forced,BANGALORE 66 66KV SRINIVASAPURA 220 - TADIGOL CROSS TADIGOL CROSS 07:35 07:43 00:08 TRIPPED ON FAULT
OUTAGES JAN-26.pdf,92,2534,16/01/26,16-Jan-26,BANGALORE,66,66KV SRS PEENYA 220 - WELCAST STEEL DG- 3WELCAST,,13:05,13:08,0:03,3,13,solar_window,LINE CLEAR AVAILED,planned_or_line_clear,BANGALORE 6666KV SRS PEENYA 220 - WELCAST STEEL DG- 3WELCAST 13:05 13:08 00:03 LINE CLEAR AVAILED
OUTAGES JAN-26.pdf,92,2535,16/01/26,16-Jan-26,BANGALORE,66,66KV T GOLLAHALLI 220 - KGF 1 NO STATION AFFECTED,,0:00,23:59,23:59,1439,0,night_offpeak,LINE CLEAR AVAILED,planned_or_line_clear,BANGALORE 66 66KV T GOLLAHALLI 220 - KGF 1 NO STATION AFFECTED 00:00 23:59 23:59 LINE CLEAR AVAILED
OUTAGES JAN-26.pdf,92,2536,16/01/26,16-Jan-26,BANGALORE,66,66KV WELCAST STEEL - ABBIGERE ABBIGERE,,10:05,10:08,0:03,3,10,solar_window,LINE CLEAR AVAILED,planned_or_line_clear,BANGALORE 66 66KV WELCAST STEEL - ABBIGERE ABBIGERE 10:05 10:08 00:03 LINE CLEAR AVAILED
OUTAGES JAN-26.pdf,92,2537,16/01/26,16-Jan-26,BANGALORE,66,66KV WELCAST STEEL - ABBIGERE WELCAST,,8:01,8:04,0:03,3,8,day_other,LINE CLEAR AVAILED,planned_or_line_clear,BANGALORE 66 66KV WELCAST STEEL - ABBIGERE WELCAST 08:01 08:04 00:03 LINE CLEAR AVAILED
OUTAGES JAN-26.pdf,92,2538,16/01/26,16-Jan-26,BANGALORE,66,HV1 YELAHANKA 66,,9:54,9:58,0:04,4,9,day_other,LINE CLEAR AVAILED,planned_or_line_clear,BANGALORE 66 HV1 YELAHANKA 66 09:54 09:58 00:04 LINE CLEAR AVAILED
OUTAGES JAN-26.pdf,92,2539,16/01/26,16-Jan-26,BANGALORE,66,HV1 KENGERI,,12:02,12:06,0:04,4,12,solar_window,LINE CLEAR AVAILED,planned_or_line_clear,BANGALORE 66 HV1 KENGERI 12:02 12:06 00:04 LINE CLEAR AVAILED
OUTAGES JAN-26.pdf,92,2540,16/01/26,16-Jan-26,BANGALORE,66,HV1 LEELA VENTURE,,2:20,2:32,0:12,12,2,night_offpeak,LINE CLEAR AVAILED,planned_or_line_clear,BANGALORE 66 HV1 LEELA VENTURE 02:20 02:32 00:12 LINE CLEAR AVAILED
OUTAGES JAN-26.pdf,92,2541,16/01/26,16-Jan-26,BANGALORE,66,HV1 AREHALLI,,13:53,14:28,0:35,35,13,solar_window,LINE CLEAR AVAILED,planned_or_line_clear,BANGALORE 66 HV1 AREHALLI 13:53 14:28 00:35 LINE CLEAR AVAILED
OUTAGES JAN-26.pdf,93,2542,16/01/26,16-Jan-26,BANGALORE,66,HV1 SULIBELE,,15:39,15:45,0:06,6,15,solar_window,LINE CLEAR AVAILED,planned_or_line_clear,BANGALORE 66 HV1 SULIBELE 15:39 15:45 00:06 LINE CLEAR AVAILED
OUTAGES JAN-26.pdf,93,2543,16/01/26,16-Jan-26,BANGALORE,66,HV1 MALLASANDRA,,13:25,13:30,0:05,5,13,solar_window,LINE CLEAR AVAILED,planned_or_line_clear,BANGALORE 66 HV1 MALLASANDRA 13:25 13:30 00:05 LINE CLEAR AVAILED
OUTAGES JAN-26.pdf,93,2544,16/01/26,16-Jan-26,BANGALORE,66,HV2 YELAHANKA 66,,9:54,9:58,0:04,4,9,day_other,LINE CLEAR AVAILED,planned_or_line_clear,BANGALORE 66 HV2 YELAHANKA 66 09:54 09:58 00:04 LINE CLEAR AVAILED
OUTAGES JAN-26.pdf,93,2545,16/01/26,16-Jan-26,BANGALORE,66,HV2 BAGHMANE,,11:15,11:17,0:02,2,11,solar_window,LINE CLEAR AVAILED,planned_or_line_clear,BANGALORE 66 HV2 BAGHMANE 11:15 11:17 00:02 LINE CLEAR AVAILED
OUTAGES JAN-26.pdf,93,2546,16/01/26,16-Jan-26,BANGALORE,66,HV2 LEELA VENTURE,,2:20,2:32,0:12,12,2,night_offpeak,LINE CLEAR AVAILED,planned_or_line_clear,BANGALORE 66 HV2 LEELA VENTURE 02:20 02:32 00:12 LINE CLEAR AVAILED
OUTAGES JAN-26.pdf,93,2547,16/01/26,16-Jan-26,BANGALORE,66,HV2 AREHALLI,,13:25,13:31,0:06,6,13,solar_window,LINE CLEAR AVAILED,planned_or_line_clear,BANGALORE 66 HV2 AREHALLI 13:25 13:31 00:06 LINE CLEAR AVAILED
OUTAGES JAN-26.pdf,93,2548,16/01/26,16-Jan-26,BANGALORE,66,HV3 KOLAR 220,,10:30,11:50,1:20,80,10,solar_window,LINE CLEAR AVAILED,planned_or_line_clear,BANGALORE 66 HV3 KOLAR 220 10:30 11:50 01:20 LINE CLEAR AVAILED
OUTAGES JAN-26.pdf,93,2549,16/01/26,16-Jan-26,BANGALORE,220,220KV DABASPETE 220 - KADUR 220 NO STATION AFFECTED,,19:49,20:43,0:54,54,19,evening_peak,TRIPPED ON FAULT,forced,BANGALORE 220 220KV DABASPETE 220 - KADUR 220 NO STATION AFFECTED 19:49 20:43 00:54 TRIPPED ON FAULT
OUTAGES JAN-26.pdf,93,2550,16/01/26,16-Jan-26,BANGALORE,220,220KV DEVANAHALLI 400 GIS - NRS DB PURA 220 2NO STATION AFFECTED,,0:00,23:59,23:59,1439,0,night_offpeak,TRIPPED ON FAULT,forced,BANGALORE 220220KV DEVANAHALLI 400 GIS - NRS DB PURA 220 2NO STATION AFFECTED 00:00 23:59 23:59 TRIPPED ON FAULT
OUTAGES JAN-26.pdf,93,2551,16/01/26,16-Jan-26,BANGALORE,220,220KV HOODY 400 - HAL 1 HAL 220,,3:13,3:38,0:25,25,3,night_offpeak,TRIPPED ON FAULT,forced,BANGALORE 220 220KV HOODY 400 - HAL 1 HAL 220 03:13 03:38 00:25 TRIPPED ON FAULT
OUTAGES JAN-26.pdf,93,2552,16/01/26,16-Jan-26,BANGALORE,220,HV1 KOLAR 220,,15:35,17:32,1:57,117,15,solar_window,LINE CLEAR AVAILED,planned_or_line_clear,BANGALORE 220 HV1 KOLAR 220 15:35 17:32 01:57 LINE CLEAR AVAILED
OUTAGES JAN-26.pdf,93,2553,16/01/26,16-Jan-26,BANGALORE,220,HV2 KOLAR 220,,10:33,14:55,4:22,262,10,solar_window,LINE CLEAR AVAILED,planned_or_line_clear,BANGALORE 220 HV2 KOLAR 220 10:33 14:55 04:22 LINE CLEAR AVAILED
OUTAGES JAN-26.pdf,93,2554,16/01/26,16-Jan-26,BANGALORE,220,HV2 MALUR 220,,11:39,11:41,0:02,2,11,solar_window,LINE CLEAR AVAILED,planned_or_line_clear,BANGALORE 220 HV2 MALUR 220 11:39 11:41 00:02 LINE CLEAR AVAILED
OUTAGES JAN-26.pdf,93,2555,16/01/26,16-Jan-26,BANGALORE,220,HV3 GOWRIBIDANUR 220,,15:48,17:50,2:02,122,15,solar_window,LINE CLEAR AVAILED,planned_or_line_clear,BANGALORE 220 HV3 GOWRIBIDANUR 220 15:48 17:50 02:02 LINE CLEAR AVAILED
OUTAGES JAN-26.pdf,98,2693,17/01/26,17-Jan-26,BANGALORE,66,"66KV EKARAJAPURA 220 - BELL CERAMIC (EHT) - KONDASPURA (SAFAL)KONDASAPURA, BELL CERAMIC(EHT)",,8:52,9:06,0:14,14,8,day_other,TRIPPED ON FAULT,forced,"BANGALORE 6666KV EKARAJAPURA 220 - BELL CERAMIC (EHT) - KONDASPURA (SAFAL)KONDASAPURA, BELL CERAMIC(EHT)08:52 09:06 00:14 TRIPPED ON FAULT"
OUTAGES JAN-26.pdf,98,2694,17/01/26,17-Jan-26,BANGALORE,66,"66KV GOWRIBIDANUR 220 - ALIPURA THONDEBHAVI, ALIPURA",,18:26,18:32,0:06,6,18,evening_peak,TRIPPED ON FAULT,forced,"BANGALORE 66 66KV GOWRIBIDANUR 220 - ALIPURA THONDEBHAVI, ALIPURA 18:26 18:32 00:06 TRIPPED ON FAULT"
OUTAGES JAN-26.pdf,98,2695,17/01/26,17-Jan-26,BANGALORE,66,"66KV KOLAR 220 - NARASAPURA 1NARASAPURA, KC VALLEY(EHT), WISTRON, HONDA(EHT)",,13:30,13:34,0:04,4,13,solar_window,LINE CLEAR AVAILED,planned_or_line_clear,"BANGALORE 66 66KV KOLAR 220 - NARASAPURA 1NARASAPURA, KC VALLEY(EHT), WISTRON, HONDA(EHT)13:30 13:34 00:04 LINE CLEAR AVAILED"
OUTAGES JAN-26.pdf,98,2696,17/01/26,17-Jan-26,BANGALORE,66,"66KV KOLAR 220 - NARASAPURA 2NARASAPURA, KC VALLEY(EHT), WISTRON, HONDA(EHT)",,13:30,13:34,0:04,4,13,solar_window,LINE CLEAR AVAILED,planned_or_line_clear,"BANGALORE 66 66KV KOLAR 220 - NARASAPURA 2NARASAPURA, KC VALLEY(EHT), WISTRON, HONDA(EHT)13:30 13:34 00:04 LINE CLEAR AVAILED"
OUTAGES JAN-26.pdf,98,2697,17/01/26,17-Jan-26,BANGALORE,66,"66KV KOLAR 220 - TALAGUNDAKYALANUR, TALAGUNDA, VEMGAL",,13:30,13:35,0:05,5,13,solar_window,LINE CLEAR AVAILED,planned_or_line_clear,"BANGALORE 66 66KV KOLAR 220 - TALAGUNDAKYALANUR, TALAGUNDA, VEMGAL13:30 13:35 00:05 LINE CLEAR AVAILED"
OUTAGES JAN-26.pdf,98,2698,17/01/26,17-Jan-26,BANGALORE,66,66KV KORAMANGALA 220 - AUSTIN TOWN-2 NO STATION AFFECTED,,8:32,12:56,4:24,264,8,day_other,TRIPPED ON FAULT,forced,BANGALORE 66 66KV KORAMANGALA 220 - AUSTIN TOWN-2 NO STATION AFFECTED 08:32 12:56 04:24 TRIPPED ON FAULT
OUTAGES JAN-26.pdf,98,2699,17/01/26,17-Jan-26,BANGALORE,66,66KV NRS 220 - MAHALAKSHMI LAYOUT MAHALAKSHMI LAYOUT,,11:28,11:33,0:05,5,11,solar_window,LINE CLEAR AVAILED,planned_or_line_clear,BANGALORE 66 66KV NRS 220 - MAHALAKSHMI LAYOUT MAHALAKSHMI LAYOUT 11:28 11:33 00:05 LINE CLEAR AVAILED
OUTAGES JAN-26.pdf,98,2700,17/01/26,17-Jan-26,BANGALORE,66,66KV NRS 220 - SHOBHA INDRAPRASTHA (A1)SHOBHA INDRAPRASTHA,,11:05,11:10,0:05,5,11,solar_window,LINE CLEAR AVAILED,planned_or_line_clear,BANGALORE 6666KV NRS 220 - SHOBHA INDRAPRASTHA (A1)SHOBHA INDRAPRASTHA 11:05 11:10 00:05 LINE CLEAR AVAILED
OUTAGES JAN-26.pdf,98,2701,17/01/26,17-Jan-26,BANGALORE,66,"66KV NRS DB PURA 220 - VIJAYAPURA JANGAMKOTE, VIJAYAPURA",,10:01,10:10,0:09,9,10,solar_window,LINE CLEAR AVAILED,planned_or_line_clear,"BANGALORE 66 66KV NRS DB PURA 220 - VIJAYAPURA JANGAMKOTE, VIJAYAPURA 10:01 10:10 00:09 LINE CLEAR AVAILED"
OUTAGES JAN-26.pdf,98,2702,17/01/26,17-Jan-26,BANGALORE,66,66KV SARAKKI - JAYADEVA 1 SARAKKI,,11:33,11:37,0:04,4,11,solar_window,LINE CLEAR AVAILED,planned_or_line_clear,BANGALORE 66 66KV SARAKKI - JAYADEVA 1 SARAKKI 11:33 11:37 00:04 LINE CLEAR AVAILED
OUTAGES JAN-26.pdf,98,2703,17/01/26,17-Jan-26,BANGALORE,66,66KV SARAKKI - JAYADEVA 2 SARAKKI,,11:33,11:37,0:04,4,11,solar_window,LINE CLEAR AVAILED,planned_or_line_clear,BANGALORE 66 66KV SARAKKI - JAYADEVA 2 SARAKKI 11:33 11:37 00:04 LINE CLEAR AVAILED
OUTAGES JAN-26.pdf,98,2704,17/01/26,17-Jan-26,BANGALORE,66,66KV SARJAPURA 220 - ATTIBELE ATTIBELE,,5:10,5:15,0:05,5,5,night_offpeak,LINE CLEAR AVAILED,planned_or_line_clear,BANGALORE 66 66KV SARJAPURA 220 - ATTIBELE ATTIBELE 05:10 05:15 00:05 LINE CLEAR AVAILED
OUTAGES JAN-26.pdf,98,2705,17/01/26,17-Jan-26,BANGALORE,66,66KV SRS PEENYA 220 - KHB DG-1 NO STATION AFFECTED,,13:48,21:04,7:16,436,13,solar_window,TRIPPED ON FAULT,forced,BANGALORE 66 66KV SRS PEENYA 220 - KHB DG-1 NO STATION AFFECTED 13:48 21:04 07:16 TRIPPED ON FAULT
OUTAGES JAN-26.pdf,98,2706,17/01/26,17-Jan-26,BANGALORE,66,"66KV SRS PEENYA 220 - SOLADEVANAHALLI TAP TO BIEC AND ALUR DG - IIBIEC, ALUR",,13:48,15:30,1:42,102,13,solar_window,TRIPPED ON FAULT,forced,"BANGALORE 6666KV SRS PEENYA 220 - SOLADEVANAHALLI TAP TO BIEC AND ALUR DG - IIBIEC, ALUR 13:48 15:30 01:42 TRIPPED ON FAULT"
OUTAGES JAN-26.pdf,98,2707,17/01/26,17-Jan-26,BANGALORE,66,66KV SUBRAMANYAPURA 220 - SARAKKI 2 SARAKKI,,17:25,17:28,0:03,3,17,day_other,LINE CLEAR AVAILED,planned_or_line_clear,BANGALORE 66 66KV SUBRAMANYAPURA 220 - SARAKKI 2 SARAKKI 17:25 17:28 00:03 LINE CLEAR AVAILED
OUTAGES JAN-26.pdf,98,2708,17/01/26,17-Jan-26,BANGALORE,66,66KV T GOLLAHALLI 220 - KGF 1 NO STATION AFFECTED,,0:00,23:59,23:59,1439,0,night_offpeak,LINE CLEAR AVAILED,planned_or_line_clear,BANGALORE 66 66KV T GOLLAHALLI 220 - KGF 1 NO STATION AFFECTED 00:00 23:59 23:59 LINE CLEAR AVAILED
OUTAGES JAN-26.pdf,99,2709,17/01/26,17-Jan-26,BANGALORE,66,"66KV VIJAYAPURA - JANGAMKOTE - MELUR JANGAMKOTE, MELUR",,18:51,18:56,0:05,5,18,evening_peak,LINE CLEAR AVAILED,planned_or_line_clear,"BANGALORE 66 66KV VIJAYAPURA - JANGAMKOTE - MELUR JANGAMKOTE, MELUR 18:51 18:56 00:05 LINE CLEAR AVAILED"
OUTAGES JAN-26.pdf,99,2710,17/01/26,17-Jan-26,BANGALORE,66,HV1 KOLAR 220,,10:45,10:55,0:10,10,10,solar_window,LINE CLEAR AVAILED,planned_or_line_clear,BANGALORE 66 HV1 KOLAR 220 10:45 10:55 00:10 LINE CLEAR AVAILED
OUTAGES JAN-26.pdf,99,2711,17/01/26,17-Jan-26,BANGALORE,66,HV1 VOKKALERI,,18:20,18:30,0:10,10,18,evening_peak,LINE CLEAR AVAILED,planned_or_line_clear,BANGALORE 66 HV1 VOKKALERI 18:20 18:30 00:10 LINE CLEAR AVAILED
OUTAGES JAN-26.pdf,99,2712,17/01/26,17-Jan-26,BANGALORE,66,HV1 HONNIGANAHALLI,,15:50,16:00,0:10,10,15,solar_window,TRIPPED ON FAULT,forced,BANGALORE 66 HV1 HONNIGANAHALLI 15:50 16:00 00:10 TRIPPED ON FAULT
OUTAGES JAN-26.pdf,99,2713,17/01/26,17-Jan-26,BANGALORE,66,HV1 MAGADI 66,,18:20,18:25,0:05,5,18,evening_peak,LINE CLEAR AVAILED,planned_or_line_clear,BANGALORE 66 HV1 MAGADI 66 18:20 18:25 00:05 LINE CLEAR AVAILED
OUTAGES JAN-26.pdf,99,2714,17/01/26,17-Jan-26,BANGALORE,66,HV2 NRS RAJAJINAGAR 220,,10:28,10:33,0:05,5,10,solar_window,LINE CLEAR AVAILED,planned_or_line_clear,BANGALORE 66 HV2 NRS RAJAJINAGAR 220 10:28 10:33 00:05 LINE CLEAR AVAILED
OUTAGES JAN-26.pdf,99,2715,17/01/26,17-Jan-26,BANGALORE,66,HV2 SIR MV LAYOUT SUBSTATION,,15:10,15:15,0:05,5,15,solar_window,LINE CLEAR AVAILED,planned_or_line_clear,BANGALORE 66 HV2 SIR MV LAYOUT SUBSTATION 15:10 15:15 00:05 LINE CLEAR AVAILED
OUTAGES JAN-26.pdf,99,2716,17/01/26,17-Jan-26,BANGALORE,66,HV2 VIJAYNAGAR,,9:31,9:36,0:05,5,9,day_other,LINE CLEAR AVAILED,planned_or_line_clear,BANGALORE 66 HV2 VIJAYNAGAR 09:31 09:36 00:05 LINE CLEAR AVAILED
OUTAGES JAN-26.pdf,99,2717,17/01/26,17-Jan-26,BANGALORE,66,HV2 BRIGADE GATEWAY,,21:25,23:16,1:51,111,21,evening_peak,TRIPPED ON FAULT,forced,BANGALORE 66 HV2 BRIGADE GATEWAY 21:25 23:16 01:51 TRIPPED ON FAULT
OUTAGES JAN-26.pdf,99,2718,17/01/26,17-Jan-26,BANGALORE,66,HV2 PRIMAL PROJECT,,12:40,12:50,0:10,10,12,solar_window,LINE CLEAR AVAILED,planned_or_line_clear,BANGALORE 66 HV2 PRIMAL PROJECT 12:40 12:50 00:10 LINE CLEAR AVAILED
OUTAGES JAN-26.pdf,99,2719,17/01/26,17-Jan-26,BANGALORE,66,HV2 CESSNA 66,,13:33,14:19,0:46,46,13,solar_window,LINE CLEAR AVAILED,planned_or_line_clear,BANGALORE 66 HV2 CESSNA 66 13:33 14:19 00:46 LINE CLEAR AVAILED
OUTAGES JAN-26.pdf,99,2720,17/01/26,17-Jan-26,BANGALORE,66,HV2 KADABISANAHALLI,,6:13,6:23,0:10,10,6,day_other,TRIPPED ON FAULT,forced,BANGALORE 66 HV2 KADABISANAHALLI 06:13 06:23 00:10 TRIPPED ON FAULT
OUTAGES JAN-26.pdf,99,2721,17/01/26,17-Jan-26,BANGALORE,66,HV2 KADABISANAHALLI,,9:33,9:42,0:09,9,9,day_other,TRIPPED ON FAULT,forced,BANGALORE 66 HV2 KADABISANAHALLI 09:33 09:42 00:09 TRIPPED ON FAULT
OUTAGES JAN-26.pdf,99,2722,17/01/26,17-Jan-26,BANGALORE,66,HV2 Y HUNASENAHALLI,,16:50,16:55,0:05,5,16,day_other,LINE CLEAR AVAILED,planned_or_line_clear,BANGALORE 66 HV2 Y HUNASENAHALLI 16:50 16:55 00:05 LINE CLEAR AVAILED
OUTAGES JAN-26.pdf,99,2723,17/01/26,17-Jan-26,BANGALORE,66,HV2 SM MANGALA,,15:31,15:34,0:03,3,15,solar_window,LINE CLEAR AVAILED,planned_or_line_clear,BANGALORE 66 HV2 SM MANGALA 15:31 15:34 00:03 LINE CLEAR AVAILED
OUTAGES JAN-26.pdf,99,2724,17/01/26,17-Jan-26,BANGALORE,66,HV2 HONNIGANAHALLI,,6:45,6:50,0:05,5,6,day_other,TRIPPED ON FAULT,forced,BANGALORE 66 HV2 HONNIGANAHALLI 06:45 06:50 00:05 TRIPPED ON FAULT
OUTAGES JAN-26.pdf,99,2725,17/01/26,17-Jan-26,BANGALORE,66,HV2 MAGADI 66,,21:22,21:27,0:05,5,21,evening_peak,LINE CLEAR AVAILED,planned_or_line_clear,BANGALORE 66 HV2 MAGADI 66 21:22 21:27 00:05 LINE CLEAR AVAILED
OUTAGES JAN-26.pdf,99,2726,17/01/26,17-Jan-26,BANGALORE,66,HV2 BEVOOR,,9:00,9:05,0:05,5,9,day_other,TRIPPED ON FAULT,forced,BANGALORE 66 HV2 BEVOOR 09:00 09:05 00:05 TRIPPED ON FAULT
OUTAGES JAN-26.pdf,99,2727,17/01/26,17-Jan-26,BANGALORE,220,220KV DEVANAHALLI 400 GIS - NRS DB PURA 220 2NO STATION AFFECTED,,0:00,23:59,23:59,1439,0,night_offpeak,TRIPPED ON FAULT,forced,BANGALORE 220220KV DEVANAHALLI 400 GIS - NRS DB PURA 220 2NO STATION AFFECTED 00:00 23:59 23:59 TRIPPED ON FAULT
OUTAGES JAN-26.pdf,104,2879,18/01/26,18-Jan-26,BANGALORE,66,"66KV CHINTAMANI 220 - GANJIGUNTE 1GANJIGUNTE, PALLICHERLU, Y HUNASENAHALLI, DIBBURAHALLI",,15:58,16:46,0:48,48,15,solar_window,LINE CLEAR AVAILED,planned_or_line_clear,"BANGALORE 66 66KV CHINTAMANI 220 - GANJIGUNTE 1GANJIGUNTE, PALLICHERLU, Y HUNASENAHALLI, DIBBURAHALLI15:58 16:46 00:48 LINE CLEAR AVAILED"
OUTAGES JAN-26.pdf,105,2880,18/01/26,18-Jan-26,BANGALORE,66,"66KV CHINTAMANI 220 - GANJIGUNTE 2GANJIGUNTE, PALLICHERLU, Y HUNASENAHALLI, DIBBURAHALLI",,15:58,16:46,0:48,48,15,solar_window,LINE CLEAR AVAILED,planned_or_line_clear,"BANGALORE 66 66KV CHINTAMANI 220 - GANJIGUNTE 2GANJIGUNTE, PALLICHERLU, Y HUNASENAHALLI, DIBBURAHALLI15:58 16:46 00:48 LINE CLEAR AVAILED"
OUTAGES JAN-26.pdf,105,2881,18/01/26,18-Jan-26,BANGALORE,66,"66KV EKARAJAPURA 220 - SULIBELESULIBELE, CHANNARAYAPATNA",,6:41,7:02,0:21,21,6,day_other,TRIPPED ON FAULT,forced,"BANGALORE 66 66KV EKARAJAPURA 220 - SULIBELESULIBELE, CHANNARAYAPATNA06:41 07:02 00:21 TRIPPED ON FAULT"
OUTAGES JAN-26.pdf,105,2882,18/01/26,18-Jan-26,BANGALORE,66,"66KV GOWRIBIDANUR 220 - ALIPURA THONDEBHAVI, ALIPURA",,11:40,12:02,0:22,22,11,solar_window,TRIPPED ON FAULT,forced,"BANGALORE 66 66KV GOWRIBIDANUR 220 - ALIPURA THONDEBHAVI, ALIPURA 11:40 12:02 00:22 TRIPPED ON FAULT"
OUTAGES JAN-26.pdf,105,2883,18/01/26,18-Jan-26,BANGALORE,66,66KV MALUR 220 - MASTHI MASTHI,,7:06,7:16,0:10,10,7,day_other,TRIPPED ON FAULT,forced,BANGALORE 66 66KV MALUR 220 - MASTHI MASTHI 07:06 07:16 00:10 TRIPPED ON FAULT
OUTAGES JAN-26.pdf,105,2884,18/01/26,18-Jan-26,BANGALORE,66,66KV NRS 220 - MAHALAKSHMI LAYOUT MAHALAKSHMI LAYOUT,,21:41,22:06,0:25,25,21,evening_peak,TRIPPED ON FAULT,forced,BANGALORE 66 66KV NRS 220 - MAHALAKSHMI LAYOUT MAHALAKSHMI LAYOUT 21:41 22:06 00:25 TRIPPED ON FAULT
OUTAGES JAN-26.pdf,105,2885,18/01/26,18-Jan-26,BANGALORE,66,"66KV NRS DB PURA 220 - VIJAYAPURA JANGAMKOTE, VIJAYAPURA",,15:04,15:12,0:08,8,15,solar_window,LINE CLEAR AVAILED,planned_or_line_clear,"BANGALORE 66 66KV NRS DB PURA 220 - VIJAYAPURA JANGAMKOTE, VIJAYAPURA 15:04 15:12 00:08 LINE CLEAR AVAILED"
OUTAGES JAN-26.pdf,105,2886,18/01/26,18-Jan-26,BANGALORE,66,66KV PUTTENAHALLI 220 - RAJANKUNTE RAJANKUNTE,,10:47,11:05,0:18,18,10,solar_window,TRIPPED ON FAULT,forced,BANGALORE 66 66KV PUTTENAHALLI 220 - RAJANKUNTE RAJANKUNTE 10:47 11:05 00:18 TRIPPED ON FAULT
OUTAGES JAN-26.pdf,105,2887,18/01/26,18-Jan-26,BANGALORE,66,"66KV SOMENAHALLI - PERESANDRA PERESANDRA, MANDIKAL",,20:05,20:30,0:25,25,20,evening_peak,TRIPPED ON FAULT,forced,"BANGALORE 66 66KV SOMENAHALLI - PERESANDRA PERESANDRA, MANDIKAL 20:05 20:30 00:25 TRIPPED ON FAULT"
OUTAGES JAN-26.pdf,105,2888,18/01/26,18-Jan-26,BANGALORE,66,66KV SRS PEENYA 220 - NANDINI LAYOUT NANDINI LAYOUT,,21:50,21:55,0:05,5,21,evening_peak,LINE CLEAR AVAILED,planned_or_line_clear,BANGALORE 66 66KV SRS PEENYA 220 - NANDINI LAYOUT NANDINI LAYOUT 21:50 21:55 00:05 LINE CLEAR AVAILED
OUTAGES JAN-26.pdf,105,2889,18/01/26,18-Jan-26,BANGALORE,66,66KV SRS PEENYA 220 - PLATINUM CITY DG- 4PLATINUM CITY,,21:47,21:52,0:05,5,21,evening_peak,LINE CLEAR AVAILED,planned_or_line_clear,BANGALORE 6666KV SRS PEENYA 220 - PLATINUM CITY DG- 4PLATINUM CITY 21:47 21:52 00:05 LINE CLEAR AVAILED
OUTAGES JAN-26.pdf,105,2890,18/01/26,18-Jan-26,BANGALORE,66,66KV T GOLLAHALLI 220 - KGF 1 NO STATION AFFECTED,,0:00,23:59,23:59,1439,0,night_offpeak,LINE CLEAR AVAILED,planned_or_line_clear,BANGALORE 66 66KV T GOLLAHALLI 220 - KGF 1 NO STATION AFFECTED 00:00 23:59 23:59 LINE CLEAR AVAILED
OUTAGES JAN-26.pdf,105,2891,18/01/26,18-Jan-26,BANGALORE,66,"66KV VIJAYAPURA - JANGAMKOTE - MELUR JANGAMKOTE, MELUR",,17:36,17:39,0:03,3,17,day_other,LINE CLEAR AVAILED,planned_or_line_clear,"BANGALORE 66 66KV VIJAYAPURA - JANGAMKOTE - MELUR JANGAMKOTE, MELUR 17:36 17:39 00:03 LINE CLEAR AVAILED"
OUTAGES JAN-26.pdf,105,2892,18/01/26,18-Jan-26,BANGALORE,66,HV1 MAHALAKSHMI LAYOUT,,22:03,22:08,0:05,5,22,evening_peak,TRIPPED ON FAULT,forced,BANGALORE 66 HV1 MAHALAKSHMI LAYOUT 22:03 22:08 00:05 TRIPPED ON FAULT
OUTAGES JAN-26.pdf,105,2893,18/01/26,18-Jan-26,BANGALORE,66,HV1 NANDINI LAYOUT,,22:03,22:08,0:05,5,22,evening_peak,LINE CLEAR AVAILED,planned_or_line_clear,BANGALORE 66 HV1 NANDINI LAYOUT 22:03 22:08 00:05 LINE CLEAR AVAILED
OUTAGES JAN-26.pdf,105,2894,18/01/26,18-Jan-26,BANGALORE,66,HV1 NAGANATHAPURA 220,,5:38,5:55,0:17,17,5,night_offpeak,TRIPPED ON FAULT,forced,BANGALORE 66 HV1 NAGANATHAPURA 220 05:38 05:55 00:17 TRIPPED ON FAULT
OUTAGES JAN-26.pdf,105,2895,18/01/26,18-Jan-26,BANGALORE,66,HV1 ANJANAPURA,,4:57,5:13,0:16,16,4,night_offpeak,TRIPPED ON FAULT,forced,BANGALORE 66 HV1 ANJANAPURA 04:57 05:13 00:16 TRIPPED ON FAULT
OUTAGES JAN-26.pdf,105,2896,18/01/26,18-Jan-26,BANGALORE,66,HV1 MUDIYANUR,,11:05,11:16,0:11,11,11,solar_window,TRIPPED ON FAULT,forced,BANGALORE 66 HV1 MUDIYANUR 11:05 11:16 00:11 TRIPPED ON FAULT
OUTAGES JAN-26.pdf,105,2897,18/01/26,18-Jan-26,BANGALORE,66,HV1 NARASAPURA,,13:35,13:40,0:05,5,13,solar_window,LINE CLEAR AVAILED,planned_or_line_clear,BANGALORE 66 HV1 NARASAPURA 13:35 13:40 00:05 LINE CLEAR AVAILED
OUTAGES JAN-26.pdf,105,2898,18/01/26,18-Jan-26,BANGALORE,66,HV1 MAGADI 66,,7:22,7:36,0:14,14,7,day_other,TRIPPED ON FAULT,forced,BANGALORE 66 HV1 MAGADI 66 07:22 07:36 00:14 TRIPPED ON FAULT
OUTAGES JAN-26.pdf,105,2899,18/01/26,18-Jan-26,BANGALORE,66,HV1 MAGADI 66,,8:06,8:17,0:11,11,8,day_other,TRIPPED ON FAULT,forced,BANGALORE 66 HV1 MAGADI 66 08:06 08:17 00:11 TRIPPED ON FAULT
OUTAGES JAN-26.pdf,105,2900,18/01/26,18-Jan-26,BANGALORE,66,HV1 MAGADI 66,,9:37,9:47,0:10,10,9,day_other,LINE CLEAR AVAILED,planned_or_line_clear,BANGALORE 66 HV1 MAGADI 66 09:37 09:47 00:10 LINE CLEAR AVAILED
OUTAGES JAN-26.pdf,105,2901,18/01/26,18-Jan-26,BANGALORE,66,HV2 NRS RAJAJINAGAR 220,,21:41,21:45,0:04,4,21,evening_peak,LINE CLEAR AVAILED,planned_or_line_clear,BANGALORE 66 HV2 NRS RAJAJINAGAR 220 21:41 21:45 00:04 LINE CLEAR AVAILED
OUTAGES JAN-26.pdf,105,2902,18/01/26,18-Jan-26,BANGALORE,66,HV2 MAHALAKSHMI LAYOUT,,22:03,22:08,0:05,5,22,evening_peak,TRIPPED ON FAULT,forced,BANGALORE 66 HV2 MAHALAKSHMI LAYOUT 22:03 22:08 00:05 TRIPPED ON FAULT
OUTAGES JAN-26.pdf,105,2903,18/01/26,18-Jan-26,BANGALORE,66,HV2 VIJAYNAGAR,,22:10,22:15,0:05,5,22,evening_peak,LINE CLEAR AVAILED,planned_or_line_clear,BANGALORE 66 HV2 VIJAYNAGAR 22:10 22:15 00:05 LINE CLEAR AVAILED
OUTAGES JAN-26.pdf,105,2904,18/01/26,18-Jan-26,BANGALORE,66,HV2 NARASAPURA,,9:45,9:45,0:00,0,9,day_other,LINE CLEAR AVAILED,planned_or_line_clear,BANGALORE 66 HV2 NARASAPURA 09:45 09:45 00:00 LINE CLEAR AVAILED
OUTAGES JAN-26.pdf,105,2905,18/01/26,18-Jan-26,BANGALORE,220,220KV DEVANAHALLI 400 GIS - NRS DB PURA 220 2NO STATION AFFECTED,,0:00,23:59,23:59,1439,0,night_offpeak,TRIPPED ON FAULT,forced,BANGALORE 220220KV DEVANAHALLI 400 GIS - NRS DB PURA 220 2NO STATION AFFECTED 00:00 23:59 23:59 TRIPPED ON FAULT
OUTAGES JAN-26.pdf,105,2906,18/01/26,18-Jan-26,BANGALORE,220,220KV NELAMANGALA 400 - ANTHAHRASANAHALLI (B1)NO STATION AFFECTED,,17:20,23:59,6:39,399,17,day_other,TRIPPED ON FAULT,forced,BANGALORE 220220KV NELAMANGALA 400 - ANTHAHRASANAHALLI (B1)NO STATION AFFECTED 17:20 23:59 06:39 TRIPPED ON FAULT
OUTAGES JAN-26.pdf,106,2907,18/01/26,18-Jan-26,BANGALORE,220,220KV NELAMANGALA 400 - SRS PEENYA 2 NO STATION AFFECTED,,17:38,23:59,6:21,381,17,day_other,TRIPPED ON FAULT,forced,BANGALORE 220 220KV NELAMANGALA 400 - SRS PEENYA 2 NO STATION AFFECTED 17:38 23:59 06:21 TRIPPED ON FAULT
OUTAGES JAN-26.pdf,106,2908,18/01/26,18-Jan-26,BANGALORE,220,220KV NELAMANGALA 400 - SRS PEENYA 2 NO STATION AFFECTED,,17:37,23:59,6:22,382,17,day_other,TRIPPED ON FAULT,forced,BANGALORE 220 220KV NELAMANGALA 400 - SRS PEENYA 2 NO STATION AFFECTED 17:37 23:59 06:22 TRIPPED ON FAULT
OUTAGES JAN-26.pdf,111,3036,19/01/26,19-Jan-26,BANGALORE,66,"66KV ANCHEPALYA 220 - HULLENAHALLIHULLENAHALLI, KUDUR, SRIGIRIPURA",,11:03,11:19,0:16,16,11,solar_window,MAIN SUPPLY FAILED,forced,"BANGALORE 66 66KV ANCHEPALYA 220 - HULLENAHALLIHULLENAHALLI, KUDUR, SRIGIRIPURA11:03 11:19 00:16 MAIN SUPPLY FAILED"
OUTAGES JAN-26.pdf,111,3037,19/01/26,19-Jan-26,BANGALORE,66,66KV CHANNAPATNA 220 - KOTHIPURA 2 - BEVOORBEVOOR,,17:18,18:34,1:16,76,17,day_other,LINE CLEAR AVAILED,planned_or_line_clear,BANGALORE 6666KV CHANNAPATNA 220 - KOTHIPURA 2 - BEVOORBEVOOR 17:18 18:34 01:16 LINE CLEAR AVAILED
OUTAGES JAN-26.pdf,111,3038,19/01/26,19-Jan-26,BANGALORE,66,66KV GOWRIBIDANUR 220 - MANCHENAHALLI - GUNDAMGEREMANCHENAHALLI,,7:54,8:05,0:11,11,7,day_other,TRIPPED ON FAULT,forced,BANGALORE 6666KV GOWRIBIDANUR 220 - MANCHENAHALLI - GUNDAMGEREMANCHENAHALLI 07:54 08:05 00:11 TRIPPED ON FAULT
OUTAGES JAN-26.pdf,111,3039,19/01/26,19-Jan-26,BANGALORE,66,"66KV KANAKAPURA 220 - SHIVANAHALLI KMF - DODDALAHALLI - TK HALLISHIVANAHALLI DIARY, DODDALAHALLI",,8:33,8:40,0:07,7,8,day_other,TRIPPED ON FAULT,forced,"BANGALORE 6666KV KANAKAPURA 220 - SHIVANAHALLI KMF - DODDALAHALLI - TK HALLISHIVANAHALLI DIARY, DODDALAHALLI08:33 08:40 00:07 TRIPPED ON FAULT"
OUTAGES JAN-26.pdf,111,3040,19/01/26,19-Jan-26,BANGALORE,66,66KV KOLAR 220 - BANGARPET 2 BANGARPET,,7:44,7:57,0:13,13,7,day_other,TRIPPED ON FAULT,forced,BANGALORE 66 66KV KOLAR 220 - BANGARPET 2 BANGARPET 07:44 07:57 00:13 TRIPPED ON FAULT
OUTAGES JAN-26.pdf,111,3041,19/01/26,19-Jan-26,BANGALORE,66,66KV KUMBALAGODU 220 - HEJJALA HEJJALA,,7:53,7:58,0:05,5,7,day_other,LINE CLEAR AVAILED,planned_or_line_clear,BANGALORE 66 66KV KUMBALAGODU 220 - HEJJALA HEJJALA 07:53 07:58 00:05 LINE CLEAR AVAILED
OUTAGES JAN-26.pdf,111,3042,19/01/26,19-Jan-26,BANGALORE,66,"66KV MANYATA 220 - BHARATHIYA CITYSHOBHA CITY, BHARATIYA CITY",,12:40,13:25,0:45,45,12,solar_window,TRIPPED ON FAULT,forced,"BANGALORE 66 66KV MANYATA 220 - BHARATHIYA CITYSHOBHA CITY, BHARATIYA CITY12:40 13:25 00:45 TRIPPED ON FAULT"
OUTAGES JAN-26.pdf,111,3043,19/01/26,19-Jan-26,BANGALORE,66,66KV NRS 220 - NANDINI LAYOUT NANDINI LAYOUT,,22:08,22:14,0:06,6,22,evening_peak,LINE CLEAR AVAILED,planned_or_line_clear,BANGALORE 66 66KV NRS 220 - NANDINI LAYOUT NANDINI LAYOUT 22:08 22:14 00:06 LINE CLEAR AVAILED
OUTAGES JAN-26.pdf,111,3044,19/01/26,19-Jan-26,BANGALORE,66,66KV NRS 220 - SHOBHA INDRAPRASTHA (A1)SHOBHA INDRAPRASTHA,,6:25,6:30,0:05,5,6,day_other,LINE CLEAR AVAILED,planned_or_line_clear,BANGALORE 6666KV NRS 220 - SHOBHA INDRAPRASTHA (A1)SHOBHA INDRAPRASTHA 06:25 06:30 00:05 LINE CLEAR AVAILED
OUTAGES JAN-26.pdf,111,3045,19/01/26,19-Jan-26,BANGALORE,66,"66KV NRS DB PURA 220 - VIJAYAPURA JANGAMKOTE, VIJAYPURA",,18:42,18:45,0:03,3,18,evening_peak,LINE CLEAR AVAILED,planned_or_line_clear,"BANGALORE 66 66KV NRS DB PURA 220 - VIJAYAPURA JANGAMKOTE, VIJAYPURA 18:42 18:45 00:03 LINE CLEAR AVAILED"
OUTAGES JAN-26.pdf,111,3046,19/01/26,19-Jan-26,BANGALORE,66,66KV SOMANAHALLI 220 - ISKCON ISKCON,,12:31,12:40,0:09,9,12,solar_window,TRIPPED ON FAULT,forced,BANGALORE 66 66KV SOMANAHALLI 220 - ISKCON ISKCON 12:31 12:40 00:09 TRIPPED ON FAULT
OUTAGES JAN-26.pdf,111,3047,19/01/26,19-Jan-26,BANGALORE,66,66KV T GOLLAHALLI 220 - KGF 1 NO STATION AFFECTED,,0:00,23:59,23:59,1439,0,night_offpeak,LINE CLEAR AVAILED,planned_or_line_clear,BANGALORE 66 66KV T GOLLAHALLI 220 - KGF 1 NO STATION AFFECTED 00:00 23:59 23:59 LINE CLEAR AVAILED
OUTAGES JAN-26.pdf,111,3048,19/01/26,19-Jan-26,BANGALORE,66,HV1 MAHALAKSHMI LAYOUT,,22:10,22:20,0:10,10,22,evening_peak,LINE CLEAR AVAILED,planned_or_line_clear,BANGALORE 66 HV1 MAHALAKSHMI LAYOUT 22:10 22:20 00:10 LINE CLEAR AVAILED
OUTAGES JAN-26.pdf,111,3049,19/01/26,19-Jan-26,BANGALORE,66,HV1 ALIPURA,,16:05,17:15,1:10,70,16,day_other,LINE CLEAR AVAILED,planned_or_line_clear,BANGALORE 66 HV1 ALIPURA 16:05 17:15 01:10 LINE CLEAR AVAILED
OUTAGES JAN-26.pdf,111,3050,19/01/26,19-Jan-26,BANGALORE,66,HV1 KYASAMBALLI,,12:40,12:55,0:15,15,12,solar_window,TRIPPED ON FAULT,forced,BANGALORE 66 HV1 KYASAMBALLI 12:40 12:55 00:15 TRIPPED ON FAULT
OUTAGES JAN-26.pdf,111,3051,19/01/26,19-Jan-26,BANGALORE,66,HV1 T BEGUR,,12:05,13:25,1:20,80,12,solar_window,LINE CLEAR AVAILED,planned_or_line_clear,BANGALORE 66 HV1 T BEGUR 12:05 13:25 01:20 LINE CLEAR AVAILED
OUTAGES JAN-26.pdf,111,3052,19/01/26,19-Jan-26,BANGALORE,66,HV1 VG DODDI,,14:40,16:50,2:10,130,14,solar_window,LINE CLEAR AVAILED,planned_or_line_clear,BANGALORE 66 HV1 VG DODDI 14:40 16:50 02:10 LINE CLEAR AVAILED
OUTAGES JAN-26.pdf,111,3053,19/01/26,19-Jan-26,BANGALORE,66,HV1 BEVOOR,,16:40,16:43,0:03,3,16,day_other,LINE CLEAR AVAILED,planned_or_line_clear,BANGALORE 66 HV1 BEVOOR 16:40 16:43 00:03 LINE CLEAR AVAILED
OUTAGES JAN-26.pdf,111,3054,19/01/26,19-Jan-26,BANGALORE,66,HV2 MAHALAKSHMI LAYOUT,,22:10,22:20,0:10,10,22,evening_peak,LINE CLEAR AVAILED,planned_or_line_clear,BANGALORE 66 HV2 MAHALAKSHMI LAYOUT 22:10 22:20 00:10 LINE CLEAR AVAILED
OUTAGES JAN-26.pdf,111,3055,19/01/26,19-Jan-26,BANGALORE,66,HV2 BRIGADE GATEWAY,,11:52,14:30,2:38,158,11,solar_window,LINE CLEAR AVAILED,planned_or_line_clear,BANGALORE 66 HV2 BRIGADE GATEWAY 11:52 14:30 02:38 LINE CLEAR AVAILED
OUTAGES JAN-26.pdf,111,3056,19/01/26,19-Jan-26,BANGALORE,66,HV2 Y HUNASENAHALLI,,16:45,17:00,0:15,15,16,day_other,LINE CLEAR AVAILED,planned_or_line_clear,BANGALORE 66 HV2 Y HUNASENAHALLI 16:45 17:00 00:15 LINE CLEAR AVAILED
OUTAGES JAN-26.pdf,111,3057,19/01/26,19-Jan-26,BANGALORE,66,HV2 GUDIBANDE,,13:55,15:10,1:15,75,13,solar_window,LINE CLEAR AVAILED,planned_or_line_clear,BANGALORE 66 HV2 GUDIBANDE 13:55 15:10 01:15 LINE CLEAR AVAILED
OUTAGES JAN-26.pdf,111,3058,19/01/26,19-Jan-26,BANGALORE,66,HV2 THIMMAMPALLI,,15:25,15:50,0:25,25,15,solar_window,TRIPPED ON FAULT,forced,BANGALORE 66 HV2 THIMMAMPALLI 15:25 15:50 00:25 TRIPPED ON FAULT
OUTAGES JAN-26.pdf,111,3059,19/01/26,19-Jan-26,BANGALORE,66,HV2 BEVOOR,,8:35,8:41,0:06,6,8,day_other,TRIPPED ON FAULT,forced,BANGALORE 66 HV2 BEVOOR 08:35 08:41 00:06 TRIPPED ON FAULT
OUTAGES JAN-26.pdf,111,3060,19/01/26,19-Jan-26,BANGALORE,66,HV2 BEVOOR,,15:35,15:43,0:08,8,15,solar_window,LINE CLEAR AVAILED,planned_or_line_clear,BANGALORE 66 HV2 BEVOOR 15:35 15:43 00:08 LINE CLEAR AVAILED
OUTAGES JAN-26.pdf,111,3061,19/01/26,19-Jan-26,BANGALORE,66,HV3 NRS RAJAJINAGAR 220,,10:09,10:25,0:16,16,10,solar_window,TRIPPED ON FAULT,forced,BANGALORE 66 HV3 NRS RAJAJINAGAR 220 10:09 10:25 00:16 TRIPPED ON FAULT
OUTAGES JAN-26.pdf,111,3062,19/01/26,19-Jan-26,BANGALORE,220,220KV DEVANAHALLI 400 GIS - NRS DB PURA 220 2NO STATION AFFECTED,,0:00,23:59,23:59,1439,0,night_offpeak,TRIPPED ON FAULT,forced,BANGALORE 220220KV DEVANAHALLI 400 GIS - NRS DB PURA 220 2NO STATION AFFECTED 00:00 23:59 23:59 TRIPPED ON FAULT
OUTAGES JAN-26.pdf,111,3063,19/01/26,19-Jan-26,BANGALORE,220,220KV NELAMANGALA 400 - SRS PEENYA 2 NO STATION AFFECTED,,0:00,19:12,19:12,1152,0,night_offpeak,TRIPPED ON FAULT,forced,BANGALORE 220 220KV NELAMANGALA 400 - SRS PEENYA 2 NO STATION AFFECTED 00:00 19:12 19:12 TRIPPED ON FAULT
OUTAGES JAN-26.pdf,116,3184,20/01/26,20-Jan-26,BANGALORE,66,"66KV ANCHEPALYA 220 - HULLENAHALLIHULLENAHALLI, KUDUR, SRIGIRIPURA",,11:50,11:55,0:05,5,11,solar_window,MAIN SUPPLY FAILED,forced,"BANGALORE 66 66KV ANCHEPALYA 220 - HULLENAHALLIHULLENAHALLI, KUDUR, SRIGIRIPURA11:50 11:55 00:05 MAIN SUPPLY FAILED"
OUTAGES JAN-26.pdf,116,3185,20/01/26,20-Jan-26,BANGALORE,66,66KV BIDADI 220 - HEJJALA 2 HEJJALA,,11:40,11:55,0:15,15,11,solar_window,LINE CLEAR AVAILED,planned_or_line_clear,BANGALORE 66 66KV BIDADI 220 - HEJJALA 2 HEJJALA 11:40 11:55 00:15 LINE CLEAR AVAILED
OUTAGES JAN-26.pdf,116,3186,20/01/26,20-Jan-26,BANGALORE,66,"66KV CHANNAPATNA 220 - KOTHIPURA 2 - BEVOORDASHAVARA, BEVOOR, SANKALGERE, VANDARAGUPPE",,8:24,8:32,0:08,8,8,day_other,TRIPPED ON FAULT,forced,"BANGALORE 6666KV CHANNAPATNA 220 - KOTHIPURA 2 - BEVOORDASHAVARA, BEVOOR, SANKALGERE, VANDARAGUPPE08:24 08:32 00:08 TRIPPED ON FAULT"
OUTAGES JAN-26.pdf,117,3187,20/01/26,20-Jan-26,BANGALORE,66,"66KV CHANNAPATNA 220 - KOTHIPURA 2 - BEVOORDASHAVARA, BEVOOR, SANKALGERE, VANDARAGUPPE",,17:11,17:22,0:11,11,17,day_other,TRIPPED ON FAULT,forced,"BANGALORE 6666KV CHANNAPATNA 220 - KOTHIPURA 2 - BEVOORDASHAVARA, BEVOOR, SANKALGERE, VANDARAGUPPE17:11 17:22 00:11 TRIPPED ON FAULT"
OUTAGES JAN-26.pdf,117,3188,20/01/26,20-Jan-26,BANGALORE,66,66KV HOODY 220 - HP EHT HP(EHT),,13:13,13:58,0:45,45,13,solar_window,LINE CLEAR AVAILED,planned_or_line_clear,BANGALORE 66 66KV HOODY 220 - HP EHT HP(EHT) 13:13 13:58 00:45 LINE CLEAR AVAILED
OUTAGES JAN-26.pdf,117,3189,20/01/26,20-Jan-26,BANGALORE,66,66KV KOLAR 220 - BANGARPET 2 BANGARPET,,18:11,18:21,0:10,10,18,evening_peak,TRIPPED ON FAULT,forced,BANGALORE 66 66KV KOLAR 220 - BANGARPET 2 BANGARPET 18:11 18:21 00:10 TRIPPED ON FAULT
OUTAGES JAN-26.pdf,117,3190,20/01/26,20-Jan-26,BANGALORE,66,"66KV KOLAR 220 - TALAGUNDATALAGUNDA, VEMGAL, KYALANUR",,9:05,9:08,0:03,3,9,day_other,LINE CLEAR AVAILED,planned_or_line_clear,"BANGALORE 66 66KV KOLAR 220 - TALAGUNDATALAGUNDA, VEMGAL, KYALANUR09:05 09:08 00:03 LINE CLEAR AVAILED"
OUTAGES JAN-26.pdf,117,3191,20/01/26,20-Jan-26,BANGALORE,66,"66KV MANDIKAL - PERESANDRA MANDIKAL, PERESANDRA",,13:30,14:15,0:45,45,13,solar_window,LINE CLEAR AVAILED,planned_or_line_clear,"BANGALORE 66 66KV MANDIKAL - PERESANDRA MANDIKAL, PERESANDRA 13:30 14:15 00:45 LINE CLEAR AVAILED"
OUTAGES JAN-26.pdf,117,3192,20/01/26,20-Jan-26,BANGALORE,66,"66KV NARASAPURA - KC VALLEY (EHT) NARASAPURA, KC VALLEY",,18:05,18:33,0:28,28,18,evening_peak,TRIPPED ON FAULT,forced,"BANGALORE 66 66KV NARASAPURA - KC VALLEY (EHT) NARASAPURA, KC VALLEY 18:05 18:33 00:28 TRIPPED ON FAULT"
OUTAGES JAN-26.pdf,117,3193,20/01/26,20-Jan-26,BANGALORE,66,66KV NRS 220 - NANDINI LAYOUT NO STATION AFFECTED,,21:21,22:26,1:05,65,21,evening_peak,TRIPPED ON FAULT,forced,BANGALORE 66 66KV NRS 220 - NANDINI LAYOUT NO STATION AFFECTED 21:21 22:26 01:05 TRIPPED ON FAULT
OUTAGES JAN-26.pdf,117,3194,20/01/26,20-Jan-26,BANGALORE,66,"66KV NRS DB PURA 220 - VIJAYAPURA VIJAYAPURA, JANGAMKOTE",,8:00,8:10,0:10,10,8,day_other,TRIPPED ON FAULT,forced,"BANGALORE 66 66KV NRS DB PURA 220 - VIJAYAPURA VIJAYAPURA, JANGAMKOTE 08:00 08:10 00:10 TRIPPED ON FAULT"
OUTAGES JAN-26.pdf,117,3195,20/01/26,20-Jan-26,BANGALORE,66,"66KV SRS PEENYA 220 - SOLADEVANAHALLI TAP TO BIEC AND ALUR DG - IIBIEC, ALUR",,16:35,16:41,0:06,6,16,day_other,LINE CLEAR AVAILED,planned_or_line_clear,"BANGALORE 6666KV SRS PEENYA 220 - SOLADEVANAHALLI TAP TO BIEC AND ALUR DG - IIBIEC, ALUR 16:35 16:41 00:06 LINE CLEAR AVAILED"
OUTAGES JAN-26.pdf,117,3196,20/01/26,20-Jan-26,BANGALORE,66,66KV T GOLLAHALLI 220 - KGF 1 NO STATION AFFECTED,,0:00,23:59,23:59,1439,0,night_offpeak,LINE CLEAR AVAILED,planned_or_line_clear,BANGALORE 66 66KV T GOLLAHALLI 220 - KGF 1 NO STATION AFFECTED 00:00 23:59 23:59 LINE CLEAR AVAILED
OUTAGES JAN-26.pdf,117,3197,20/01/26,20-Jan-26,BANGALORE,66,66KV VIDHURASHWATHA - GUNDLU KOTHURGUNDLU KOTTUR,,16:37,16:41,0:04,4,16,day_other,LINE CLEAR AVAILED,planned_or_line_clear,BANGALORE 6666KV VIDHURASHWATHA - GUNDLU KOTHURGUNDLU KOTTUR 16:37 16:41 00:04 LINE CLEAR AVAILED
OUTAGES JAN-26.pdf,117,3198,20/01/26,20-Jan-26,BANGALORE,66,66KV YARANDANAHALLI 220 - SURYA CITY NO STATION AFFECTED,,3:01,3:23,0:22,22,3,night_offpeak,TRIPPED ON FAULT,forced,BANGALORE 66 66KV YARANDANAHALLI 220 - SURYA CITY NO STATION AFFECTED 03:01 03:23 00:22 TRIPPED ON FAULT
OUTAGES JAN-26.pdf,117,3199,20/01/26,20-Jan-26,BANGALORE,66,HV1 NAGANATHAPURA 220,,12:09,12:12,0:03,3,12,solar_window,LINE CLEAR AVAILED,planned_or_line_clear,BANGALORE 66 HV1 NAGANATHAPURA 220 12:09 12:12 00:03 LINE CLEAR AVAILED
OUTAGES JAN-26.pdf,117,3200,20/01/26,20-Jan-26,BANGALORE,66,HV1 CHINTAMANI 66,,16:20,16:25,0:05,5,16,day_other,LINE CLEAR AVAILED,planned_or_line_clear,BANGALORE 66 HV1 CHINTAMANI 66 16:20 16:25 00:05 LINE CLEAR AVAILED
OUTAGES JAN-26.pdf,117,3201,20/01/26,20-Jan-26,BANGALORE,66,HV1 TALAGAWARA,,16:58,17:01,0:03,3,16,day_other,LINE CLEAR AVAILED,planned_or_line_clear,BANGALORE 66 HV1 TALAGAWARA 16:58 17:01 00:03 LINE CLEAR AVAILED
OUTAGES JAN-26.pdf,117,3202,20/01/26,20-Jan-26,BANGALORE,66,HV1 YENIGADALE,,9:47,15:20,5:33,333,9,day_other,LINE CLEAR AVAILED,planned_or_line_clear,BANGALORE 66 HV1 YENIGADALE 09:47 15:20 05:33 LINE CLEAR AVAILED
OUTAGES JAN-26.pdf,117,3203,20/01/26,20-Jan-26,BANGALORE,66,HV1 HEJJALA,,12:15,12:25,0:10,10,12,solar_window,TRIPPED ON FAULT,forced,BANGALORE 66 HV1 HEJJALA 12:15 12:25 00:10 TRIPPED ON FAULT
OUTAGES JAN-26.pdf,117,3204,20/01/26,20-Jan-26,BANGALORE,66,HV1 HEJJALA,,13:20,13:25,0:05,5,13,solar_window,TRIPPED ON FAULT,forced,BANGALORE 66 HV1 HEJJALA 13:20 13:25 00:05 TRIPPED ON FAULT
OUTAGES JAN-26.pdf,117,3205,20/01/26,20-Jan-26,BANGALORE,66,HV1 KADABISANAHALLI,,17:47,18:03,0:16,16,17,day_other,TRIPPED ON FAULT,forced,BANGALORE 66 HV1 KADABISANAHALLI 17:47 18:03 00:16 TRIPPED ON FAULT
OUTAGES JAN-26.pdf,117,3206,20/01/26,20-Jan-26,BANGALORE,66,HV2 EKARAJAPURA 220,,10:41,10:49,0:08,8,10,solar_window,TRIPPED ON FAULT,forced,BANGALORE 66 HV2 EKARAJAPURA 220 10:41 10:49 00:08 TRIPPED ON FAULT
OUTAGES JAN-26.pdf,117,3207,20/01/26,20-Jan-26,BANGALORE,66,HV2 TALAGAWARA,,16:35,16:39,0:04,4,16,day_other,LINE CLEAR AVAILED,planned_or_line_clear,BANGALORE 66 HV2 TALAGAWARA 16:35 16:39 00:04 LINE CLEAR AVAILED
OUTAGES JAN-26.pdf,117,3208,20/01/26,20-Jan-26,BANGALORE,66,HV2 YENIGADALE,,15:23,18:19,2:56,176,15,solar_window,LINE CLEAR AVAILED,planned_or_line_clear,BANGALORE 66 HV2 YENIGADALE 15:23 18:19 02:56 LINE CLEAR AVAILED
OUTAGES JAN-26.pdf,117,3209,20/01/26,20-Jan-26,BANGALORE,66,HV2CHIKKABALLAPURA INDUSTRIAL AREA,,15:50,16:00,0:10,10,15,solar_window,TRIPPED ON FAULT,forced,BANGALORE 66 HV2CHIKKABALLAPURA INDUSTRIAL AREA15:50 16:00 00:10 TRIPPED ON FAULT
OUTAGES JAN-26.pdf,117,3210,20/01/26,20-Jan-26,BANGALORE,66,HV2 DODDABELAVANGALA,,0:39,0:46,0:07,7,0,night_offpeak,TRIPPED ON FAULT,forced,BANGALORE 66 HV2 DODDABELAVANGALA 00:39 00:46 00:07 TRIPPED ON FAULT
OUTAGES JAN-26.pdf,117,3211,20/01/26,20-Jan-26,BANGALORE,66,HV2 GUNDAMGERE,,10:10,15:10,5:00,300,10,solar_window,LINE CLEAR AVAILED,planned_or_line_clear,BANGALORE 66 HV2 GUNDAMGERE 10:10 15:10 05:00 LINE CLEAR AVAILED
OUTAGES JAN-26.pdf,117,3212,20/01/26,20-Jan-26,BANGALORE,66,HV2 THAYLUR,,16:05,16:15,0:10,10,16,day_other,LINE CLEAR AVAILED,planned_or_line_clear,BANGALORE 66 HV2 THAYLUR 16:05 16:15 00:10 LINE CLEAR AVAILED
OUTAGES JAN-26.pdf,117,3213,20/01/26,20-Jan-26,BANGALORE,66,HV2 VOKKALERI,,16:30,16:32,0:02,2,16,day_other,LINE CLEAR AVAILED,planned_or_line_clear,BANGALORE 66 HV2 VOKKALERI 16:30 16:32 00:02 LINE CLEAR AVAILED
OUTAGES JAN-26.pdf,117,3214,20/01/26,20-Jan-26,BANGALORE,66,HV2 SRIGIRIPURA,,12:55,13:10,0:15,15,12,solar_window,LINE CLEAR AVAILED,planned_or_line_clear,BANGALORE 66 HV2 SRIGIRIPURA 12:55 13:10 00:15 LINE CLEAR AVAILED
OUTAGES JAN-26.pdf,117,3215,20/01/26,20-Jan-26,BANGALORE,66,HV2TK HALLY 220kV RECEIVING STATION 22012:40,,12:43,0:03,,,12,solar_window,TRIPPED ON FAULT,forced,BANGALORE 66 HV2TK HALLY 220kV RECEIVING STATION 22012:40 12:43 00:03 TRIPPED ON FAULT
OUTAGES JAN-26.pdf,118,3216,20/01/26,20-Jan-26,BANGALORE,66,HV2 BEVOOR,,8:35,8:40,0:05,5,8,day_other,TRIPPED ON FAULT,forced,BANGALORE 66 HV2 BEVOOR 08:35 08:40 00:05 TRIPPED ON FAULT
OUTAGES JAN-26.pdf,118,3217,20/01/26,20-Jan-26,BANGALORE,220,220KV DEVANAHALLI 400 GIS - NRS DB PURA 220 2NO STATION AFFECTED,,0:00,23:59,23:59,1439,0,night_offpeak,TRIPPED ON FAULT,forced,BANGALORE 220220KV DEVANAHALLI 400 GIS - NRS DB PURA 220 2NO STATION AFFECTED 00:00 23:59 23:59 TRIPPED ON FAULT
OUTAGES JAN-26.pdf,122,3346,21/01/26,21-Jan-26,BANGALORE,66,400kV NELAMANGALA 400 - TALAGUPPA NO STATION AFFECTED,,12:12,12:12,0:00,0,12,solar_window,TRIPPED ON FAULT,forced,BANGALORE 66 400kV NELAMANGALA 400 - TALAGUPPA NO STATION AFFECTED 12:12 12:12 00:00 TRIPPED ON FAULT
OUTAGES JAN-26.pdf,122,3347,21/01/26,21-Jan-26,BANGALORE,66,"66KV ANCHEPALYA 220 - HULLENAHALLI66KV SIRIGIRIPURA, 66KV KUDUR, 66KV HULLENAHALLI",,1:39,16:01,14:22,862,1,night_offpeak,MAIN SUPPLY FAILED,forced,"BANGALORE 66 66KV ANCHEPALYA 220 - HULLENAHALLI66KV SIRIGIRIPURA, 66KV KUDUR, 66KV HULLENAHALLI01:39 16:01 14:22 MAIN SUPPLY FAILED"
OUTAGES JAN-26.pdf,122,3348,21/01/26,21-Jan-26,BANGALORE,66,"66KV ANCHEPALYA 220 - HULLENAHALLI66KV SIRIGIRIPURA, 66KV KUDUR, 66KV HULLENAHALLI",,19:10,19:17,0:07,7,19,evening_peak,MAIN SUPPLY FAILED,forced,"BANGALORE 66 66KV ANCHEPALYA 220 - HULLENAHALLI66KV SIRIGIRIPURA, 66KV KUDUR, 66KV HULLENAHALLI19:10 19:17 00:07 MAIN SUPPLY FAILED"
OUTAGES JAN-26.pdf,122,3349,21/01/26,21-Jan-26,BANGALORE,66,66KV EKARAJAPURA 220 - HOSKOTE 66 - 12 POLE - GRINDWILL (EHT) - HENNURHENNUR ROAD,,14:23,14:28,0:05,5,14,solar_window,LINE CLEAR AVAILED,planned_or_line_clear,BANGALORE 6666KV EKARAJAPURA 220 - HOSKOTE 66 - 12 POLE - GRINDWILL (EHT) - HENNURHENNUR ROAD 14:23 14:28 00:05 LINE CLEAR AVAILED
OUTAGES JAN-26.pdf,122,3350,21/01/26,21-Jan-26,BANGALORE,66,66KV HBR LAYOUT 220 - BANASAWADI 1 BANASWADI,,10:00,15:45,5:45,345,10,solar_window,LINE CLEAR AVAILED,planned_or_line_clear,BANGALORE 66 66KV HBR LAYOUT 220 - BANASAWADI 1 BANASWADI 10:00 15:45 05:45 LINE CLEAR AVAILED
OUTAGES JAN-26.pdf,122,3351,21/01/26,21-Jan-26,BANGALORE,66,"66KV KANAKAPURA 220 - RANGANADODDI - SOMANAHALLIMANIYAMBAL, MARALAWADI, GODUR",,6:40,6:55,0:15,15,6,day_other,TRIPPED ON FAULT,forced,"BANGALORE 6666KV KANAKAPURA 220 - RANGANADODDI - SOMANAHALLIMANIYAMBAL, MARALAWADI, GODUR06:40 06:55 00:15 TRIPPED ON FAULT"
OUTAGES JAN-26.pdf,123,3352,21/01/26,21-Jan-26,BANGALORE,66,"66KV MAGADI 220 - AGALAKOTE - MATHIKEREAGALKOTE, MATHIKERE",,1:39,16:01,14:22,862,1,night_offpeak,MAIN SUPPLY FAILED,forced,"BANGALORE 6666KV MAGADI 220 - AGALAKOTE - MATHIKEREAGALKOTE, MATHIKERE 01:39 16:01 14:22 MAIN SUPPLY FAILED"
OUTAGES JAN-26.pdf,123,3353,21/01/26,21-Jan-26,BANGALORE,66,"66KV MAGADI 220 - MAGADI 66 -HOSPALYA - ANCHEPALYAMAGADI 66, HOSAPALYA CIRCLE",,1:39,16:01,14:22,862,1,night_offpeak,MAIN SUPPLY FAILED,forced,"BANGALORE 6666KV MAGADI 220 - MAGADI 66 -HOSPALYA - ANCHEPALYAMAGADI 66, HOSAPALYA CIRCLE01:39 16:01 14:22 MAIN SUPPLY FAILED"
OUTAGES JAN-26.pdf,123,3354,21/01/26,21-Jan-26,BANGALORE,66,66KV MAGADI 220 - SOLURU (GUDEMARNAHALLI) GUDEMARANAHALLI,,1:39,16:01,14:22,862,1,night_offpeak,MAIN SUPPLY FAILED,forced,BANGALORE 6666KV MAGADI 220 - SOLURU (GUDEMARNAHALLI) GUDEMARANAHALLI 01:39 16:01 14:22 MAIN SUPPLY FAILED
OUTAGES JAN-26.pdf,123,3355,21/01/26,21-Jan-26,BANGALORE,66,66KV MANYATA 220 - BYATARAYANAPURA (L&T) _DG4BYATRAYANAPURA,,13:07,13:22,0:15,15,13,solar_window,TRIPPED ON FAULT,forced,BANGALORE 6666KV MANYATA 220 - BYATARAYANAPURA (L&T) _DG4BYATRAYANAPURA 13:07 13:22 00:15 TRIPPED ON FAULT
OUTAGES JAN-26.pdf,123,3356,21/01/26,21-Jan-26,BANGALORE,66,66KV NRS 220 - BRIGADE GATEWAY BRIGADE GATEWAY,,16:58,17:07,0:09,9,16,day_other,LINE CLEAR AVAILED,planned_or_line_clear,BANGALORE 66 66KV NRS 220 - BRIGADE GATEWAY BRIGADE GATEWAY 16:58 17:07 00:09 LINE CLEAR AVAILED
OUTAGES JAN-26.pdf,123,3357,21/01/26,21-Jan-26,BANGALORE,66,66KV NRS 220 - CHANDRA LAYOUT CHANDRA LAYOUT,,12:20,16:26,4:06,246,12,solar_window,LINE CLEAR AVAILED,planned_or_line_clear,BANGALORE 66 66KV NRS 220 - CHANDRA LAYOUT CHANDRA LAYOUT 12:20 16:26 04:06 LINE CLEAR AVAILED
OUTAGES JAN-26.pdf,123,3358,21/01/26,21-Jan-26,BANGALORE,66,66KV T GOLLAHALLI 220 - KGF 1 NO STATION AFFECTED,,0:00,23:59,23:59,1439,0,night_offpeak,LINE CLEAR AVAILED,planned_or_line_clear,BANGALORE 66 66KV T GOLLAHALLI 220 - KGF 1 NO STATION AFFECTED 00:00 23:59 23:59 LINE CLEAR AVAILED
OUTAGES JAN-26.pdf,123,3359,21/01/26,21-Jan-26,BANGALORE,66,66KV VIDHANA SOUDHA - KANTEERAVA KANTEERAVA 66KV GIS,,10:53,18:56,8:03,483,10,solar_window,LINE CLEAR AVAILED,planned_or_line_clear,BANGALORE 66 66KV VIDHANA SOUDHA - KANTEERAVA KANTEERAVA 66KV GIS 10:53 18:56 08:03 LINE CLEAR AVAILED
OUTAGES JAN-26.pdf,123,3360,21/01/26,21-Jan-26,BANGALORE,66,66KV VRUSHBHAVATHI 220 - CHANDRA LAYOUTCHANDRA LAYOUT,,11:10,12:19,1:09,69,11,solar_window,LINE CLEAR AVAILED,planned_or_line_clear,BANGALORE 6666KV VRUSHBHAVATHI 220 - CHANDRA LAYOUTCHANDRA LAYOUT 11:10 12:19 01:09 LINE CLEAR AVAILED
OUTAGES JAN-26.pdf,123,3361,21/01/26,21-Jan-26,BANGALORE,66,66KV YARANDANAHALLI 220 - BMRCL (EHT) BMRCL HEBBAGODI STATION,,14:24,18:43,4:19,259,14,solar_window,LINE CLEAR AVAILED,planned_or_line_clear,BANGALORE 66 66KV YARANDANAHALLI 220 - BMRCL (EHT) BMRCL HEBBAGODI STATION 14:24 18:43 04:19 LINE CLEAR AVAILED
OUTAGES JAN-26.pdf,123,3362,21/01/26,21-Jan-26,BANGALORE,66,HV1 GOKULA,,10:34,10:36,0:02,2,10,solar_window,LINE CLEAR AVAILED,planned_or_line_clear,BANGALORE 66 HV1 GOKULA 10:34 10:36 00:02 LINE CLEAR AVAILED
OUTAGES JAN-26.pdf,123,3363,21/01/26,21-Jan-26,BANGALORE,66,HV1 G.KODIHALLI,,9:40,9:45,0:05,5,9,day_other,LINE CLEAR AVAILED,planned_or_line_clear,BANGALORE 66 HV1 G.KODIHALLI 09:40 09:45 00:05 LINE CLEAR AVAILED
OUTAGES JAN-26.pdf,123,3364,21/01/26,21-Jan-26,BANGALORE,66,HV1 YERANDANAHALLI,,18:45,18:53,0:08,8,18,evening_peak,LINE CLEAR AVAILED,planned_or_line_clear,BANGALORE 66 HV1 YERANDANAHALLI 18:45 18:53 00:08 LINE CLEAR AVAILED
OUTAGES JAN-26.pdf,123,3365,21/01/26,21-Jan-26,BANGALORE,66,HV2 SIR M V EDC GIS,,15:27,15:31,0:04,4,15,solar_window,LINE CLEAR AVAILED,planned_or_line_clear,BANGALORE 66 HV2 SIR M V EDC GIS 15:27 15:31 00:04 LINE CLEAR AVAILED
OUTAGES JAN-26.pdf,123,3366,21/01/26,21-Jan-26,BANGALORE,66,HV2 CHINTAMANI,,16:01,16:30,0:29,29,16,day_other,TRIPPED ON FAULT,forced,BANGALORE 66 HV2 CHINTAMANI 16:01 16:30 00:29 TRIPPED ON FAULT
OUTAGES JAN-26.pdf,123,3367,21/01/26,21-Jan-26,BANGALORE,66,HV2 CHIKKABALLAPURA URBAN,,16:10,16:20,0:10,10,16,day_other,LINE CLEAR AVAILED,planned_or_line_clear,BANGALORE 66 HV2 CHIKKABALLAPURA URBAN 16:10 16:20 00:10 LINE CLEAR AVAILED
OUTAGES JAN-26.pdf,123,3368,21/01/26,21-Jan-26,BANGALORE,66,HV2 DODDABELAVANGALA,,0:46,0:59,0:13,13,0,night_offpeak,TRIPPED ON FAULT,forced,BANGALORE 66 HV2 DODDABELAVANGALA 00:46 00:59 00:13 TRIPPED ON FAULT
OUTAGES JAN-26.pdf,123,3369,21/01/26,21-Jan-26,BANGALORE,66,HV2 SOMAYAJALAHALLI,,8:27,8:45,0:18,18,8,day_other,TRIPPED ON FAULT,forced,BANGALORE 66 HV2 SOMAYAJALAHALLI 08:27 08:45 00:18 TRIPPED ON FAULT
OUTAGES JAN-26.pdf,123,3370,21/01/26,21-Jan-26,BANGALORE,66,HV2 VOKKALERI,,12:30,13:00,0:30,30,12,solar_window,LINE CLEAR AVAILED,planned_or_line_clear,BANGALORE 66 HV2 VOKKALERI 12:30 13:00 00:30 LINE CLEAR AVAILED
OUTAGES JAN-26.pdf,123,3371,21/01/26,21-Jan-26,BANGALORE,66,HV2 YERANDANAHALLI,,14:22,14:27,0:05,5,14,solar_window,LINE CLEAR AVAILED,planned_or_line_clear,BANGALORE 66 HV2 YERANDANAHALLI 14:22 14:27 00:05 LINE CLEAR AVAILED
OUTAGES JAN-26.pdf,123,3372,21/01/26,21-Jan-26,BANGALORE,66,HV2 ATTIBELE,,18:45,19:00,0:15,15,18,evening_peak,LINE CLEAR AVAILED,planned_or_line_clear,BANGALORE 66 HV2 ATTIBELE 18:45 19:00 00:15 LINE CLEAR AVAILED
OUTAGES JAN-26.pdf,123,3373,21/01/26,21-Jan-26,BANGALORE,66,HV3 SIR M V EDC GIS,,11:12,11:15,0:03,3,11,solar_window,LINE CLEAR AVAILED,planned_or_line_clear,BANGALORE 66 HV3 SIR M V EDC GIS 11:12 11:15 00:03 LINE CLEAR AVAILED
OUTAGES JAN-26.pdf,123,3374,21/01/26,21-Jan-26,BANGALORE,66,HV3 YERANDANAHALLI,,14:22,14:27,0:05,5,14,solar_window,LINE CLEAR AVAILED,planned_or_line_clear,BANGALORE 66 HV3 YERANDANAHALLI 14:22 14:27 00:05 LINE CLEAR AVAILED
OUTAGES JAN-26.pdf,123,3375,21/01/26,21-Jan-26,BANGALORE,66,HV3 YERANDANAHALLI,,18:46,18:56,0:10,10,18,evening_peak,LINE CLEAR AVAILED,planned_or_line_clear,BANGALORE 66 HV3 YERANDANAHALLI 18:46 18:56 00:10 LINE CLEAR AVAILED
OUTAGES JAN-26.pdf,123,3376,21/01/26,21-Jan-26,BANGALORE,220,220KV DEVANAHALLI 400 GIS - NRS DB PURA 220 2NO STATION AFFECTED,,0:00,23:59,23:59,1439,0,night_offpeak,TRIPPED ON FAULT,forced,BANGALORE 220220KV DEVANAHALLI 400 GIS - NRS DB PURA 220 2NO STATION AFFECTED 00:00 23:59 23:59 TRIPPED ON FAULT
OUTAGES JAN-26.pdf,123,3377,21/01/26,21-Jan-26,BANGALORE,220,220KV NELAMANGALA 400 - ANCHEPALYA CKT 1ANCHEPALYA 220,,1:39,16:01,14:22,862,1,night_offpeak,TRIPPED ON FAULT,forced,BANGALORE 220220KV NELAMANGALA 400 - ANCHEPALYA CKT 1ANCHEPALYA 220 01:39 16:01 14:22 TRIPPED ON FAULT
OUTAGES JAN-26.pdf,123,3378,21/01/26,21-Jan-26,BANGALORE,220,220KV NELAMANGALA 400 - MAGADI CKT 2 MAGADI 220,,12:28,16:04,3:36,216,12,solar_window,LINE CLEAR AVAILED,planned_or_line_clear,BANGALORE 220 220KV NELAMANGALA 400 - MAGADI CKT 2 MAGADI 220 12:28 16:04 03:36 LINE CLEAR AVAILED
OUTAGES JAN-26.pdf,130,3561,22/01/26,22-Jan-26,BANGALORE,66,66KV AGALAKOTE - KEMPANAHALLI TMK AGALKOTE,,19:15,19:17,0:02,2,19,evening_peak,LINE CLEAR AVAILED,planned_or_line_clear,BANGALORE 66 66KV AGALAKOTE - KEMPANAHALLI TMK AGALKOTE 19:15 19:17 00:02 LINE CLEAR AVAILED
OUTAGES JAN-26.pdf,130,3562,22/01/26,22-Jan-26,BANGALORE,66,"66KV CHANNAPATNA 220 - KOTHIPURA 2 - BEVOORDASHAVARA, BEVOOR, SANKALGERE, VANDARAGUPPE",,13:42,13:53,0:11,11,13,solar_window,TRIPPED ON FAULT,forced,"BANGALORE 6666KV CHANNAPATNA 220 - KOTHIPURA 2 - BEVOORDASHAVARA, BEVOOR, SANKALGERE, VANDARAGUPPE13:42 13:53 00:11 TRIPPED ON FAULT"
OUTAGES JAN-26.pdf,130,3563,22/01/26,22-Jan-26,BANGALORE,66,66KV GOWRIBIDANUR 220 - VIDHURASHWATHAVIDHURASHWATHA,,15:45,16:00,0:15,15,15,solar_window,TRIPPED ON FAULT,forced,BANGALORE 6666KV GOWRIBIDANUR 220 - VIDHURASHWATHAVIDHURASHWATHA 15:45 16:00 00:15 TRIPPED ON FAULT
OUTAGES JAN-26.pdf,130,3564,22/01/26,22-Jan-26,BANGALORE,66,66KV GUNDLU KOTHUR - BAGEPALLI NO STATION AFFECTED,,7:55,8:55,1:00,60,7,day_other,TRIPPED ON FAULT,forced,BANGALORE 66 66KV GUNDLU KOTHUR - BAGEPALLI NO STATION AFFECTED 07:55 08:55 01:00 TRIPPED ON FAULT
OUTAGES JAN-26.pdf,130,3565,22/01/26,22-Jan-26,BANGALORE,66,66KV HBR LAYOUT 220 - LR BANDE LR BANDE,,7:05,7:10,0:05,5,7,day_other,LINE CLEAR AVAILED,planned_or_line_clear,BANGALORE 66 66KV HBR LAYOUT 220 - LR BANDE LR BANDE 07:05 07:10 00:05 LINE CLEAR AVAILED
OUTAGES JAN-26.pdf,130,3566,22/01/26,22-Jan-26,BANGALORE,66,66KV K & C VALLEY - NAL EHT NAL(EHT),,22:45,23:20,0:35,35,22,evening_peak,TRIPPED ON FAULT,forced,BANGALORE 66 66KV K & C VALLEY - NAL EHT NAL(EHT) 22:45 23:20 00:35 TRIPPED ON FAULT
OUTAGES JAN-26.pdf,130,3567,22/01/26,22-Jan-26,BANGALORE,66,66KV KENGERI SATELLITE TOWN - SIR MV LAYOUTKENGERI,,18:04,18:08,0:04,4,18,evening_peak,LINE CLEAR AVAILED,planned_or_line_clear,BANGALORE 6666KV KENGERI SATELLITE TOWN - SIR MV LAYOUTKENGERI 18:04 18:08 00:04 LINE CLEAR AVAILED
OUTAGES JAN-26.pdf,130,3568,22/01/26,22-Jan-26,BANGALORE,66,66KV KOLAR 220 - BANGARPET 1 TAMAKA,,7:37,8:15,0:38,38,7,day_other,TRIPPED ON FAULT,forced,BANGALORE 66 66KV KOLAR 220 - BANGARPET 1 TAMAKA 07:37 08:15 00:38 TRIPPED ON FAULT
OUTAGES JAN-26.pdf,130,3569,22/01/26,22-Jan-26,BANGALORE,66,66KV KOLAR 220 - BANGARPET 1 TAMAKA,,7:40,13:50,6:10,370,7,day_other,LINE CLEAR AVAILED,planned_or_line_clear,BANGALORE 66 66KV KOLAR 220 - BANGARPET 1 TAMAKA 07:40 13:50 06:10 LINE CLEAR AVAILED
OUTAGES JAN-26.pdf,130,3570,22/01/26,22-Jan-26,BANGALORE,66,66KV KOLAR 220 - BANGARPET 1 TAMAKA,,14:55,16:40,1:45,105,14,solar_window,LINE CLEAR AVAILED,planned_or_line_clear,BANGALORE 66 66KV KOLAR 220 - BANGARPET 1 TAMAKA 14:55 16:40 01:45 LINE CLEAR AVAILED
OUTAGES JAN-26.pdf,130,3571,22/01/26,22-Jan-26,BANGALORE,66,66KV KOLAR 220 - BANGARPET 2 BANGARPETE,,7:37,8:22,0:45,45,7,day_other,MAIN SUPPLY FAILED,forced,BANGALORE 66 66KV KOLAR 220 - BANGARPET 2 BANGARPETE 07:37 08:22 00:45 MAIN SUPPLY FAILED
OUTAGES JAN-26.pdf,130,3572,22/01/26,22-Jan-26,BANGALORE,66,"66KV KOLAR 220 - PGCIL AUX - SUGUTUR - SM MANGALASUGUTUR, SM MANGALA",,7:37,9:32,1:55,115,7,day_other,MAIN SUPPLY FAILED,forced,"BANGALORE 6666KV KOLAR 220 - PGCIL AUX - SUGUTUR - SM MANGALASUGUTUR, SM MANGALA 07:37 09:32 01:55 MAIN SUPPLY FAILED"
OUTAGES JAN-26.pdf,130,3573,22/01/26,22-Jan-26,BANGALORE,66,"66KV KOLAR 220 - PGCIL AUX - SUGUTUR - SM MANGALASUGUTUR, SM MANGALA",,11:38,13:40,2:02,122,11,solar_window,MAIN SUPPLY FAILED,forced,"BANGALORE 6666KV KOLAR 220 - PGCIL AUX - SUGUTUR - SM MANGALASUGUTUR, SM MANGALA 11:38 13:40 02:02 MAIN SUPPLY FAILED"
OUTAGES JAN-26.pdf,130,3574,22/01/26,22-Jan-26,BANGALORE,66,"66KV KOLAR 220 - VOKKALERIVOKKALERI, KC VALLEY SHIVARAPATNA",,7:37,9:33,1:56,116,7,day_other,MAIN SUPPLY FAILED,forced,"BANGALORE 66 66KV KOLAR 220 - VOKKALERIVOKKALERI, KC VALLEY SHIVARAPATNA07:37 09:33 01:56 MAIN SUPPLY FAILED"
OUTAGES JAN-26.pdf,131,3575,22/01/26,22-Jan-26,BANGALORE,66,"66KV KOLAR 220 - VOKKALERIVOKKALERI, KC VALLEY SHIVARAPATNA",,11:38,13:40,2:02,122,11,solar_window,MAIN SUPPLY FAILED,forced,"BANGALORE 66 66KV KOLAR 220 - VOKKALERIVOKKALERI, KC VALLEY SHIVARAPATNA11:38 13:40 02:02 MAIN SUPPLY FAILED"
OUTAGES JAN-26.pdf,131,3576,22/01/26,22-Jan-26,BANGALORE,66,66KV KOMMAGHATTA - KENGERI SATELLITE TOWNNO STATION AFFECTED,,10:13,10:23,0:10,10,10,solar_window,TRIPPED ON FAULT,forced,BANGALORE 6666KV KOMMAGHATTA - KENGERI SATELLITE TOWNNO STATION AFFECTED 10:13 10:23 00:10 TRIPPED ON FAULT
OUTAGES JAN-26.pdf,131,3577,22/01/26,22-Jan-26,BANGALORE,66,66KV KORAMANGALA 220 - K & C VALLEY (TAP) - GOLF LINK - AMARJYOTHI (TAP)K&C VALLEY,,22:46,23:02,0:16,16,22,evening_peak,TRIPPED ON FAULT,forced,BANGALORE 6666KV KORAMANGALA 220 - K & C VALLEY (TAP) - GOLF LINK - AMARJYOTHI (TAP)K&C VALLEY 22:46 23:02 00:16 TRIPPED ON FAULT
OUTAGES JAN-26.pdf,131,3578,22/01/26,22-Jan-26,BANGALORE,66,66KV KUMBALAGODU 220 - HEJJALA HEJJALA,,7:50,8:20,0:30,30,7,day_other,LINE CLEAR AVAILED,planned_or_line_clear,BANGALORE 66 66KV KUMBALAGODU 220 - HEJJALA HEJJALA 07:50 08:20 00:30 LINE CLEAR AVAILED
OUTAGES JAN-26.pdf,131,3579,22/01/26,22-Jan-26,BANGALORE,66,66KV KUMBALAGODU 220 - KENGERI SATELLITE TOWN 1KOMMAGATTA,,16:00,17:55,1:55,115,16,day_other,LINE CLEAR AVAILED,planned_or_line_clear,BANGALORE 6666KV KUMBALAGODU 220 - KENGERI SATELLITE TOWN 1KOMMAGATTA 16:00 17:55 01:55 LINE CLEAR AVAILED
OUTAGES JAN-26.pdf,131,3580,22/01/26,22-Jan-26,BANGALORE,66,66KV MAGADI 220 - AGALAKOTE - MATHIKEREAGALKOTE,,21:55,21:57,0:02,2,21,evening_peak,LINE CLEAR AVAILED,planned_or_line_clear,BANGALORE 6666KV MAGADI 220 - AGALAKOTE - MATHIKEREAGALKOTE 21:55 21:57 00:02 LINE CLEAR AVAILED
OUTAGES JAN-26.pdf,131,3581,22/01/26,22-Jan-26,BANGALORE,66,66KV MALUR 220 - BANGARPET - KGF 2 BANGARPETE,,13:46,13:50,0:04,4,13,solar_window,LINE CLEAR AVAILED,planned_or_line_clear,BANGALORE 66 66KV MALUR 220 - BANGARPET - KGF 2 BANGARPETE 13:46 13:50 00:04 LINE CLEAR AVAILED
OUTAGES JAN-26.pdf,131,3582,22/01/26,22-Jan-26,BANGALORE,66,66KV T GOLLAHALLI 220 - KGF 1 NO STATION AFFECTED,,0:00,23:59,23:59,1439,0,night_offpeak,LINE CLEAR AVAILED,planned_or_line_clear,BANGALORE 66 66KV T GOLLAHALLI 220 - KGF 1 NO STATION AFFECTED 00:00 23:59 23:59 LINE CLEAR AVAILED
OUTAGES JAN-26.pdf,131,3583,22/01/26,22-Jan-26,BANGALORE,66,66KV VIDHURASHWATHA - GUNDLU KOTHURGUNDLU KOTTUR,,15:45,16:00,0:15,15,15,solar_window,TRIPPED ON FAULT,forced,BANGALORE 6666KV VIDHURASHWATHA - GUNDLU KOTHURGUNDLU KOTTUR 15:45 16:00 00:15 TRIPPED ON FAULT
OUTAGES JAN-26.pdf,131,3584,22/01/26,22-Jan-26,BANGALORE,66,GOWRIBIDANUR 220 - AFTL SOLAR(IPP) AFTL SOLAR(IPP),,14:25,14:30,0:05,5,14,solar_window,TRIPPED ON FAULT,forced,BANGALORE 66 GOWRIBIDANUR 220 - AFTL SOLAR(IPP) AFTL SOLAR(IPP) 14:25 14:30 00:05 TRIPPED ON FAULT
OUTAGES JAN-26.pdf,131,3585,22/01/26,22-Jan-26,BANGALORE,66,GOWRIBIDANUR 220 - AFTL SOLAR(IPP) AFTL SOLAR(IPP),,15:45,16:00,0:15,15,15,solar_window,TRIPPED ON FAULT,forced,BANGALORE 66 GOWRIBIDANUR 220 - AFTL SOLAR(IPP) AFTL SOLAR(IPP) 15:45 16:00 00:15 TRIPPED ON FAULT
OUTAGES JAN-26.pdf,131,3586,22/01/26,22-Jan-26,BANGALORE,66,HV1 GOKULA,,9:30,9:34,0:04,4,9,day_other,LINE CLEAR AVAILED,planned_or_line_clear,BANGALORE 66 HV1 GOKULA 09:30 09:34 00:04 LINE CLEAR AVAILED
OUTAGES JAN-26.pdf,131,3587,22/01/26,22-Jan-26,BANGALORE,66,HV1 VOLVO,,9:08,9:25,0:17,17,9,day_other,TRIPPED ON FAULT,forced,BANGALORE 66 HV1 VOLVO 09:08 09:25 00:17 TRIPPED ON FAULT
OUTAGES JAN-26.pdf,131,3588,22/01/26,22-Jan-26,BANGALORE,66,HV1 GANJIGUNTE,,12:30,12:55,0:25,25,12,solar_window,LINE CLEAR AVAILED,planned_or_line_clear,BANGALORE 66 HV1 GANJIGUNTE 12:30 12:55 00:25 LINE CLEAR AVAILED
OUTAGES JAN-26.pdf,131,3589,22/01/26,22-Jan-26,BANGALORE,66,HV1 YHUNASENAHALLI,,12:35,13:50,1:15,75,12,solar_window,LINE CLEAR AVAILED,planned_or_line_clear,BANGALORE 66 HV1 YHUNASENAHALLI 12:35 13:50 01:15 LINE CLEAR AVAILED
OUTAGES JAN-26.pdf,131,3590,22/01/26,22-Jan-26,BANGALORE,66,HV1 NALLIMARADANAHALLI,,7:50,8:15,0:25,25,7,day_other,LINE CLEAR AVAILED,planned_or_line_clear,BANGALORE 66 HV1 NALLIMARADANAHALLI 07:50 08:15 00:25 LINE CLEAR AVAILED
OUTAGES JAN-26.pdf,131,3591,22/01/26,22-Jan-26,BANGALORE,66,HV1 KOLAR 220,,7:37,9:42,2:05,125,7,day_other,MAIN SUPPLY FAILED,forced,BANGALORE 66 HV1 KOLAR 220 07:37 09:42 02:05 MAIN SUPPLY FAILED
OUTAGES JAN-26.pdf,131,3592,22/01/26,22-Jan-26,BANGALORE,66,HV1 KOLAR 220,,11:40,13:48,2:08,128,11,solar_window,MAIN SUPPLY FAILED,forced,BANGALORE 66 HV1 KOLAR 220 11:40 13:48 02:08 MAIN SUPPLY FAILED
OUTAGES JAN-26.pdf,131,3593,22/01/26,22-Jan-26,BANGALORE,66,HV1 AGALKOTE,,17:20,19:30,2:10,130,17,day_other,LINE CLEAR AVAILED,planned_or_line_clear,BANGALORE 66 HV1 AGALKOTE 17:20 19:30 02:10 LINE CLEAR AVAILED
OUTAGES JAN-26.pdf,131,3594,22/01/26,22-Jan-26,BANGALORE,66,HV1 GUDIBANDE,,13:05,14:20,1:15,75,13,solar_window,LINE CLEAR AVAILED,planned_or_line_clear,BANGALORE 66 HV1 GUDIBANDE 13:05 14:20 01:15 LINE CLEAR AVAILED
OUTAGES JAN-26.pdf,131,3595,22/01/26,22-Jan-26,BANGALORE,66,HV2 YHUNASENAHALLI,,12:35,13:50,1:15,75,12,solar_window,LINE CLEAR AVAILED,planned_or_line_clear,BANGALORE 66 HV2 YHUNASENAHALLI 12:35 13:50 01:15 LINE CLEAR AVAILED
OUTAGES JAN-26.pdf,131,3596,22/01/26,22-Jan-26,BANGALORE,66,HV2CHIKKABALLAPURA INDUSTRIAL AREA,,10:30,10:40,0:10,10,10,solar_window,TRIPPED ON FAULT,forced,BANGALORE 66 HV2CHIKKABALLAPURA INDUSTRIAL AREA10:30 10:40 00:10 TRIPPED ON FAULT
OUTAGES JAN-26.pdf,131,3597,22/01/26,22-Jan-26,BANGALORE,66,HV2 KOLAR 220,,7:37,9:37,2:00,120,7,day_other,MAIN SUPPLY FAILED,forced,BANGALORE 66 HV2 KOLAR 220 07:37 09:37 02:00 MAIN SUPPLY FAILED
OUTAGES JAN-26.pdf,131,3598,22/01/26,22-Jan-26,BANGALORE,66,HV2 KOLAR 220,,11:40,13:41,2:01,121,11,solar_window,MAIN SUPPLY FAILED,forced,BANGALORE 66 HV2 KOLAR 220 11:40 13:41 02:01 MAIN SUPPLY FAILED
OUTAGES JAN-26.pdf,131,3599,22/01/26,22-Jan-26,BANGALORE,66,HV2 SUGATUR,,9:30,9:40,0:10,10,9,day_other,LINE CLEAR AVAILED,planned_or_line_clear,BANGALORE 66 HV2 SUGATUR 09:30 09:40 00:10 LINE CLEAR AVAILED
OUTAGES JAN-26.pdf,131,3600,22/01/26,22-Jan-26,BANGALORE,66,HV2 BEVOOR,,16:37,16:47,0:10,10,16,day_other,TRIPPED ON FAULT,forced,BANGALORE 66 HV2 BEVOOR 16:37 16:47 00:10 TRIPPED ON FAULT
OUTAGES JAN-26.pdf,131,3601,22/01/26,22-Jan-26,BANGALORE,66,HV2 IGGALUR,,12:05,12:10,0:05,5,12,solar_window,LINE CLEAR AVAILED,planned_or_line_clear,BANGALORE 66 HV2 IGGALUR 12:05 12:10 00:05 LINE CLEAR AVAILED
OUTAGES JAN-26.pdf,131,3602,22/01/26,22-Jan-26,BANGALORE,66,HV3 KOLAR 220,,7:37,9:54,2:17,137,7,day_other,MAIN SUPPLY FAILED,forced,BANGALORE 66 HV3 KOLAR 220 07:37 09:54 02:17 MAIN SUPPLY FAILED
OUTAGES JAN-26.pdf,131,3603,22/01/26,22-Jan-26,BANGALORE,66,HV3 KOLAR 220,,11:42,13:58,2:16,136,11,solar_window,MAIN SUPPLY FAILED,forced,BANGALORE 66 HV3 KOLAR 220 11:42 13:58 02:16 MAIN SUPPLY FAILED
OUTAGES JAN-26.pdf,131,3604,22/01/26,22-Jan-26,BANGALORE,220,220KV DEVANAHALLI 400 GIS - NRS DB PURA 220 2NO STATION AFFECTED,,0:00,23:59,23:59,1439,0,night_offpeak,TRIPPED ON FAULT,forced,BANGALORE 220220KV DEVANAHALLI 400 GIS - NRS DB PURA 220 2NO STATION AFFECTED 00:00 23:59 23:59 TRIPPED ON FAULT
OUTAGES JAN-26.pdf,132,3605,22/01/26,22-Jan-26,BANGALORE,220,HV2 KOLAR 220,,7:37,8:40,1:03,63,7,day_other,TRIPPED ON FAULT,forced,BANGALORE 220 HV2 KOLAR 220 07:37 08:40 01:03 TRIPPED ON FAULT
OUTAGES JAN-26.pdf,132,3606,22/01/26,22-Jan-26,BANGALORE,220,HV2 KOLAR 220,,8:40,9:30,0:50,50,8,day_other,LINE CLEAR AVAILED,planned_or_line_clear,BANGALORE 220 HV2 KOLAR 220 08:40 09:30 00:50 LINE CLEAR AVAILED
OUTAGES JAN-26.pdf,132,3607,22/01/26,22-Jan-26,BANGALORE,220,HV2 KOLAR 220,,11:43,13:40,1:57,117,11,solar_window,LINE CLEAR AVAILED,planned_or_line_clear,BANGALORE 220 HV2 KOLAR 220 11:43 13:40 01:57 LINE CLEAR AVAILED
OUTAGES JAN-26.pdf,132,3608,22/01/26,22-Jan-26,BANGALORE,220,HV3 KOLAR 220,,7:37,8:40,1:03,63,7,day_other,TRIPPED ON FAULT,forced,BANGALORE 220 HV3 KOLAR 220 07:37 08:40 01:03 TRIPPED ON FAULT
OUTAGES JAN-26.pdf,132,3609,22/01/26,22-Jan-26,BANGALORE,220,HV3 KOLAR 220,,8:40,9:30,0:50,50,8,day_other,LINE CLEAR AVAILED,planned_or_line_clear,BANGALORE 220 HV3 KOLAR 220 08:40 09:30 00:50 LINE CLEAR AVAILED
OUTAGES JAN-26.pdf,132,3610,22/01/26,22-Jan-26,BANGALORE,220,HV3 KOLAR 220,,11:43,13:40,1:57,117,11,solar_window,LINE CLEAR AVAILED,planned_or_line_clear,BANGALORE 220 HV3 KOLAR 220 11:43 13:40 01:57 LINE CLEAR AVAILED
OUTAGES JAN-26.pdf,137,3753,23/01/26,23-Jan-26,BANGALORE,66,66KV D PALYA - GUDIBANDE - MANDIKAL GUDIBANDE,,13:00,13:20,0:20,20,13,solar_window,LINE CLEAR AVAILED,planned_or_line_clear,BANGALORE 66 66KV D PALYA - GUDIBANDE - MANDIKAL GUDIBANDE 13:00 13:20 00:20 LINE CLEAR AVAILED
OUTAGES JAN-26.pdf,137,3754,23/01/26,23-Jan-26,BANGALORE,66,66KV KENGERI SATELLITE TOWN - SIR MV LAYOUTKENGERI,,10:04,10:08,0:04,4,10,solar_window,LINE CLEAR AVAILED,planned_or_line_clear,BANGALORE 6666KV KENGERI SATELLITE TOWN - SIR MV LAYOUTKENGERI 10:04 10:08 00:04 LINE CLEAR AVAILED
OUTAGES JAN-26.pdf,137,3755,23/01/26,23-Jan-26,BANGALORE,66,66KV KUMBALAGODU 220 - KENGERI SATELLITE TOWN 1KENGERI,,7:24,7:30,0:06,6,7,day_other,TRIPPED ON FAULT,forced,BANGALORE 6666KV KUMBALAGODU 220 - KENGERI SATELLITE TOWN 1KENGERI 07:24 07:30 00:06 TRIPPED ON FAULT
OUTAGES JAN-26.pdf,137,3756,23/01/26,23-Jan-26,BANGALORE,66,66KV T GOLLAHALLI 220 - KGF 1 NO STATION AFFECTED,,0:00,23:59,23:59,1439,0,night_offpeak,LINE CLEAR AVAILED,planned_or_line_clear,BANGALORE 66 66KV T GOLLAHALLI 220 - KGF 1 NO STATION AFFECTED 00:00 23:59 23:59 LINE CLEAR AVAILED
OUTAGES JAN-26.pdf,138,3757,23/01/26,23-Jan-26,BANGALORE,66,"66KV TG HALLI - BWSSB TG HALLI - TAVAREKEREKODIGEHALLI, TAVAREKERE, TG HALLI, VG DODDI",,16:00,16:15,0:15,15,16,day_other,LINE CLEAR AVAILED,planned_or_line_clear,"BANGALORE 6666KV TG HALLI - BWSSB TG HALLI - TAVAREKEREKODIGEHALLI, TAVAREKERE, TG HALLI, VG DODDI16:00 16:15 00:15 LINE CLEAR AVAILED"
OUTAGES JAN-26.pdf,138,3758,23/01/26,23-Jan-26,BANGALORE,66,"66KV TG HALLI - BWSSB TG HALLI - TAVAREKEREKODIGEHALLI, TAVAREKERE, TG HALLI, VG DODDI",,17:38,17:45,0:07,7,17,day_other,LINE CLEAR AVAILED,planned_or_line_clear,"BANGALORE 6666KV TG HALLI - BWSSB TG HALLI - TAVAREKEREKODIGEHALLI, TAVAREKERE, TG HALLI, VG DODDI17:38 17:45 00:07 LINE CLEAR AVAILED"
OUTAGES JAN-26.pdf,138,3759,23/01/26,23-Jan-26,BANGALORE,66,HV1 KADABISANAHALLI,,0:14,0:40,0:26,26,0,night_offpeak,TRIPPED ON FAULT,forced,BANGALORE 66 HV1 KADABISANAHALLI 00:14 00:40 00:26 TRIPPED ON FAULT
OUTAGES JAN-26.pdf,138,3760,23/01/26,23-Jan-26,BANGALORE,66,HV1 RBI,,7:37,7:49,0:12,12,7,day_other,TRIPPED ON FAULT,forced,BANGALORE 66 HV1 RBI 07:37 07:49 00:12 TRIPPED ON FAULT
OUTAGES JAN-26.pdf,138,3761,23/01/26,23-Jan-26,BANGALORE,66,HV1 GUNDAMGERE,,16:00,16:20,0:20,20,16,day_other,LINE CLEAR AVAILED,planned_or_line_clear,BANGALORE 66 HV1 GUNDAMGERE 16:00 16:20 00:20 LINE CLEAR AVAILED
OUTAGES JAN-26.pdf,138,3762,23/01/26,23-Jan-26,BANGALORE,66,HV1 MUDIYANUR,,12:45,12:50,0:05,5,12,solar_window,LINE CLEAR AVAILED,planned_or_line_clear,BANGALORE 66 HV1 MUDIYANUR 12:45 12:50 00:05 LINE CLEAR AVAILED
OUTAGES JAN-26.pdf,138,3763,23/01/26,23-Jan-26,BANGALORE,66,HV1 YELDUR,,16:00,16:25,0:25,25,16,day_other,LINE CLEAR AVAILED,planned_or_line_clear,BANGALORE 66 HV1 YELDUR 16:00 16:25 00:25 LINE CLEAR AVAILED
OUTAGES JAN-26.pdf,138,3764,23/01/26,23-Jan-26,BANGALORE,66,HV1 KANAKAPURA 66,,12:34,13:10,0:36,36,12,solar_window,LINE CLEAR AVAILED,planned_or_line_clear,BANGALORE 66 HV1 KANAKAPURA 66 12:34 13:10 00:36 LINE CLEAR AVAILED
OUTAGES JAN-26.pdf,138,3765,23/01/26,23-Jan-26,BANGALORE,66,HV1 KANAKAPURA 66,,13:11,13:45,0:34,34,13,solar_window,LINE CLEAR AVAILED,planned_or_line_clear,BANGALORE 66 HV1 KANAKAPURA 66 13:11 13:45 00:34 LINE CLEAR AVAILED
OUTAGES JAN-26.pdf,138,3766,23/01/26,23-Jan-26,BANGALORE,66,HV1 KANAKAPURA 66,,16:40,18:25,1:45,105,16,day_other,LINE CLEAR AVAILED,planned_or_line_clear,BANGALORE 66 HV1 KANAKAPURA 66 16:40 18:25 01:45 LINE CLEAR AVAILED
OUTAGES JAN-26.pdf,138,3767,23/01/26,23-Jan-26,BANGALORE,66,HV2 GOKULA,,9:54,10:02,0:08,8,9,day_other,LINE CLEAR AVAILED,planned_or_line_clear,BANGALORE 66 HV2 GOKULA 09:54 10:02 00:08 LINE CLEAR AVAILED
OUTAGES JAN-26.pdf,138,3768,23/01/26,23-Jan-26,BANGALORE,66,HV2 GUNDAMGERE,,12:00,12:30,0:30,30,12,solar_window,LINE CLEAR AVAILED,planned_or_line_clear,BANGALORE 66 HV2 GUNDAMGERE 12:00 12:30 00:30 LINE CLEAR AVAILED
OUTAGES JAN-26.pdf,138,3769,23/01/26,23-Jan-26,BANGALORE,66,HV2 DALASANUR,,15:15,15:25,0:10,10,15,solar_window,LINE CLEAR AVAILED,planned_or_line_clear,BANGALORE 66 HV2 DALASANUR 15:15 15:25 00:10 LINE CLEAR AVAILED
OUTAGES JAN-26.pdf,138,3770,23/01/26,23-Jan-26,BANGALORE,66,HV2 SUGATUR,,9:00,9:05,0:05,5,9,day_other,LINE CLEAR AVAILED,planned_or_line_clear,BANGALORE 66 HV2 SUGATUR 09:00 09:05 00:05 LINE CLEAR AVAILED
OUTAGES JAN-26.pdf,138,3771,23/01/26,23-Jan-26,BANGALORE,66,HV2 KANAKAPURA 66,,12:34,13:10,0:36,36,12,solar_window,LINE CLEAR AVAILED,planned_or_line_clear,BANGALORE 66 HV2 KANAKAPURA 66 12:34 13:10 00:36 LINE CLEAR AVAILED
OUTAGES JAN-26.pdf,138,3772,23/01/26,23-Jan-26,BANGALORE,66,HV2 KANAKAPURA 66,,13:11,13:45,0:34,34,13,solar_window,LINE CLEAR AVAILED,planned_or_line_clear,BANGALORE 66 HV2 KANAKAPURA 66 13:11 13:45 00:34 LINE CLEAR AVAILED
OUTAGES JAN-26.pdf,138,3773,23/01/26,23-Jan-26,BANGALORE,66,HV2 AGALKOTE,,7:10,7:12,0:02,2,7,day_other,LINE CLEAR AVAILED,planned_or_line_clear,BANGALORE 66 HV2 AGALKOTE 07:10 07:12 00:02 LINE CLEAR AVAILED
OUTAGES JAN-26.pdf,138,3774,23/01/26,23-Jan-26,BANGALORE,220,220KV DEVANAHALLI 400 GIS - NRS DB PURA 220 2NO STATION AFFECTED,,0:00,23:59,23:59,1439,0,night_offpeak,TRIPPED ON FAULT,forced,BANGALORE 220220KV DEVANAHALLI 400 GIS - NRS DB PURA 220 2NO STATION AFFECTED 00:00 23:59 23:59 TRIPPED ON FAULT
OUTAGES JAN-26.pdf,142,3894,24/01/26,24-Jan-26,BANGALORE,66,66KV BIDADI 220 - HEJJALA 2 HEJJALA,,21:10,21:15,0:05,5,21,evening_peak,LINE CLEAR AVAILED,planned_or_line_clear,BANGALORE 66 66KV BIDADI 220 - HEJJALA 2 HEJJALA 21:10 21:15 00:05 LINE CLEAR AVAILED
OUTAGES JAN-26.pdf,142,3895,24/01/26,24-Jan-26,BANGALORE,66,"66KV CHINTAMANI 220 - IRGAMPALLI IRGAMPALLI, M GOLLAHALLI",,10:22,15:58,5:36,336,10,solar_window,LINE CLEAR AVAILED,planned_or_line_clear,"BANGALORE 66 66KV CHINTAMANI 220 - IRGAMPALLI IRGAMPALLI, M GOLLAHALLI 10:22 15:58 05:36 LINE CLEAR AVAILED"
OUTAGES JAN-26.pdf,142,3896,24/01/26,24-Jan-26,BANGALORE,66,66KV GOWRIBIDANUR 220 - ACC PLANT (EHT)ACC PLANT(EHT),,15:25,15:55,0:30,30,15,solar_window,MAIN SUPPLY FAILED,forced,BANGALORE 6666KV GOWRIBIDANUR 220 - ACC PLANT (EHT)ACC PLANT(EHT) 15:25 15:55 00:30 MAIN SUPPLY FAILED
OUTAGES JAN-26.pdf,142,3897,24/01/26,24-Jan-26,BANGALORE,66,"66KV GOWRIBIDANUR 220 - ALIPURA THONDEBHAVI, ALIPURA",,15:25,15:55,0:30,30,15,solar_window,MAIN SUPPLY FAILED,forced,"BANGALORE 66 66KV GOWRIBIDANUR 220 - ALIPURA THONDEBHAVI, ALIPURA 15:25 15:55 00:30 MAIN SUPPLY FAILED"
OUTAGES JAN-26.pdf,143,3898,24/01/26,24-Jan-26,BANGALORE,66,"66KV GOWRIBIDANUR 220 - D PALYAD PALYA, GUDIBANDE, MANDIKAL",,15:25,15:55,0:30,30,15,solar_window,MAIN SUPPLY FAILED,forced,"BANGALORE 66 66KV GOWRIBIDANUR 220 - D PALYAD PALYA, GUDIBANDE, MANDIKAL15:25 15:55 00:30 MAIN SUPPLY FAILED"
OUTAGES JAN-26.pdf,143,3899,24/01/26,24-Jan-26,BANGALORE,66,"66KV GOWRIBIDANUR 220 - KODIGENAHALLIKODIGENAHALLI, ID HALLI",,15:25,15:55,0:30,30,15,solar_window,MAIN SUPPLY FAILED,forced,"BANGALORE 6666KV GOWRIBIDANUR 220 - KODIGENAHALLIKODIGENAHALLI, ID HALLI 15:25 15:55 00:30 MAIN SUPPLY FAILED"
OUTAGES JAN-26.pdf,143,3900,24/01/26,24-Jan-26,BANGALORE,66,"66KV GOWRIBIDANUR 220 - KUDUMULAKUNTEKUDUMULAKUNTE, THERIYUR, VENKATAPURA IND. AREA",,15:25,15:55,0:30,30,15,solar_window,MAIN SUPPLY FAILED,forced,"BANGALORE 6666KV GOWRIBIDANUR 220 - KUDUMULAKUNTEKUDUMULAKUNTE, THERIYUR, VENKATAPURA IND. AREA15:25 15:55 00:30 MAIN SUPPLY FAILED"
OUTAGES JAN-26.pdf,143,3901,24/01/26,24-Jan-26,BANGALORE,66,66KV GOWRIBIDANUR 220 - MANCHENAHALLI - GUNDAMGEREMANCHENAHALLI,,15:25,16:10,0:45,45,15,solar_window,MAIN SUPPLY FAILED,forced,BANGALORE 6666KV GOWRIBIDANUR 220 - MANCHENAHALLI - GUNDAMGEREMANCHENAHALLI 15:25 16:10 00:45 MAIN SUPPLY FAILED
OUTAGES JAN-26.pdf,143,3902,24/01/26,24-Jan-26,BANGALORE,66,66KV GOWRIBIDANUR 220 - RAMAPURA HOSUR RAMAPURA,,15:25,16:10,0:45,45,15,solar_window,MAIN SUPPLY FAILED,forced,BANGALORE 66 66KV GOWRIBIDANUR 220 - RAMAPURA HOSUR RAMAPURA 15:25 16:10 00:45 MAIN SUPPLY FAILED
OUTAGES JAN-26.pdf,143,3903,24/01/26,24-Jan-26,BANGALORE,66,"66KV GOWRIBIDANUR 220 - VIDHURASHWATHAVIDHURASHWATHA, GUNDLU KOTTUR",,15:25,15:45,0:20,20,15,solar_window,MAIN SUPPLY FAILED,forced,"BANGALORE 6666KV GOWRIBIDANUR 220 - VIDHURASHWATHAVIDHURASHWATHA, GUNDLU KOTTUR15:25 15:45 00:20 MAIN SUPPLY FAILED"
OUTAGES JAN-26.pdf,143,3904,24/01/26,24-Jan-26,BANGALORE,66,66KV IRGAMPALLI - BURUDAGUNTE BURADAGUNTE,,8:15,8:25,0:10,10,8,day_other,LINE CLEAR AVAILED,planned_or_line_clear,BANGALORE 66 66KV IRGAMPALLI - BURUDAGUNTE BURADAGUNTE 08:15 08:25 00:10 LINE CLEAR AVAILED
OUTAGES JAN-26.pdf,143,3905,24/01/26,24-Jan-26,BANGALORE,66,"66KV KIADB HAROHALLI 220 - VR DODDIVR DODDI, GURUVINAPURA, BV HALLI",,18:00,18:05,0:05,5,18,evening_peak,LINE CLEAR AVAILED,planned_or_line_clear,"BANGALORE 66 66KV KIADB HAROHALLI 220 - VR DODDIVR DODDI, GURUVINAPURA, BV HALLI18:00 18:05 00:05 LINE CLEAR AVAILED"
OUTAGES JAN-26.pdf,143,3906,24/01/26,24-Jan-26,BANGALORE,66,"66KV NAGARABHAVI 220 - SRIGANDA KAVALSRIGANDHAKAVAL, BYADRAHALLI",,10:12,10:30,0:18,18,10,solar_window,MAIN SUPPLY FAILED,forced,"BANGALORE 66 66KV NAGARABHAVI 220 - SRIGANDA KAVALSRIGANDHAKAVAL, BYADRAHALLI10:12 10:30 00:18 MAIN SUPPLY FAILED"
OUTAGES JAN-26.pdf,143,3907,24/01/26,24-Jan-26,BANGALORE,66,66KV T GOLLAHALLI 220 - KGF 1 NO STATION AFFECTED,,0:00,23:59,23:59,1439,0,night_offpeak,LINE CLEAR AVAILED,planned_or_line_clear,BANGALORE 66 66KV T GOLLAHALLI 220 - KGF 1 NO STATION AFFECTED 00:00 23:59 23:59 LINE CLEAR AVAILED
OUTAGES JAN-26.pdf,143,3908,24/01/26,24-Jan-26,BANGALORE,66,66KV TK HALLI 220 - AKKURMOLE AKKURMOLE,,8:38,9:00,0:22,22,8,day_other,MAIN SUPPLY FAILED,forced,BANGALORE 66 66KV TK HALLI 220 - AKKURMOLE AKKURMOLE 08:38 09:00 00:22 MAIN SUPPLY FAILED
OUTAGES JAN-26.pdf,143,3909,24/01/26,24-Jan-26,BANGALORE,66,"66KV TK HALLI 220 - ETHAMBADI ETHAMBADI, IGGALUR",,8:38,9:00,0:22,22,8,day_other,MAIN SUPPLY FAILED,forced,"BANGALORE 66 66KV TK HALLI 220 - ETHAMBADI ETHAMBADI, IGGALUR 08:38 09:00 00:22 MAIN SUPPLY FAILED"
OUTAGES JAN-26.pdf,143,3910,24/01/26,24-Jan-26,BANGALORE,66,"66KV TK HALLI 220 - GURUVINAPURA - V R DODDIGURUVINAPURA, VR DODDI, BV HALLI",,8:38,10:25,1:47,107,8,day_other,TRIPPED ON FAULT,forced,"BANGALORE 6666KV TK HALLI 220 - GURUVINAPURA - V R DODDIGURUVINAPURA, VR DODDI, BV HALLI08:38 10:25 01:47 TRIPPED ON FAULT"
OUTAGES JAN-26.pdf,143,3911,24/01/26,24-Jan-26,BANGALORE,66,"66KV TK HALLI 220 - GURUVINAPURA - V R DODDIGURUVINAPURA, BV HALLI",,18:00,18:03,0:03,3,18,evening_peak,LINE CLEAR AVAILED,planned_or_line_clear,"BANGALORE 6666KV TK HALLI 220 - GURUVINAPURA - V R DODDIGURUVINAPURA, BV HALLI 18:00 18:03 00:03 LINE CLEAR AVAILED"
OUTAGES JAN-26.pdf,143,3912,24/01/26,24-Jan-26,BANGALORE,66,"66KV TK HALLI 220 - HALAGURUHALAGURU, HONNIGANAHALLI, ACCHALU",,8:38,9:00,0:22,22,8,day_other,MAIN SUPPLY FAILED,forced,"BANGALORE 66 66KV TK HALLI 220 - HALAGURUHALAGURU, HONNIGANAHALLI, ACCHALU08:38 09:00 00:22 MAIN SUPPLY FAILED"
OUTAGES JAN-26.pdf,143,3913,24/01/26,24-Jan-26,BANGALORE,66,"66KV TK HALLI 220 - HALAGURUHALAGURU, HONNIGANAHALLI, ACCHALU",,8:38,10:03,1:25,85,8,day_other,TRIPPED ON FAULT,forced,"BANGALORE 66 66KV TK HALLI 220 - HALAGURUHALAGURU, HONNIGANAHALLI, ACCHALU08:38 10:03 01:25 TRIPPED ON FAULT"
OUTAGES JAN-26.pdf,143,3914,24/01/26,24-Jan-26,BANGALORE,66,"66KV TK HALLI 220 - HALAGURUHALAGURU, HONNIGANAHALLI, ACCHALU",,11:35,12:00,0:25,25,11,solar_window,TRIPPED ON FAULT,forced,"BANGALORE 66 66KV TK HALLI 220 - HALAGURUHALAGURU, HONNIGANAHALLI, ACCHALU11:35 12:00 00:25 TRIPPED ON FAULT"
OUTAGES JAN-26.pdf,143,3915,24/01/26,24-Jan-26,BANGALORE,66,"66kV TK HALLI 220 - MANDY 1 KIADB, KM DODDI",,8:38,9:00,0:22,22,8,day_other,MAIN SUPPLY FAILED,forced,"BANGALORE 66 66kV TK HALLI 220 - MANDY 1 KIADB, KM DODDI 08:38 09:00 00:22 MAIN SUPPLY FAILED"
OUTAGES JAN-26.pdf,143,3916,24/01/26,24-Jan-26,BANGALORE,66,"66kV TK HALLI 220 - MANDY 2THOOMGERE, KK DODDI, THALAGAWADI",,8:38,9:00,0:22,22,8,day_other,MAIN SUPPLY FAILED,forced,"BANGALORE 66 66kV TK HALLI 220 - MANDY 2THOOMGERE, KK DODDI, THALAGAWADI08:38 09:00 00:22 MAIN SUPPLY FAILED"
OUTAGES JAN-26.pdf,143,3917,24/01/26,24-Jan-26,BANGALORE,66,HV1 GOKULA,,9:29,9:33,0:04,4,9,day_other,LINE CLEAR AVAILED,planned_or_line_clear,BANGALORE 66 HV1 GOKULA 09:29 09:33 00:04 LINE CLEAR AVAILED
OUTAGES JAN-26.pdf,143,3918,24/01/26,24-Jan-26,BANGALORE,66,HV1 GOWRIBIDANUR 220,,15:25,15:45,0:20,20,15,solar_window,MAIN SUPPLY FAILED,forced,BANGALORE 66 HV1 GOWRIBIDANUR 220 15:25 15:45 00:20 MAIN SUPPLY FAILED
OUTAGES JAN-26.pdf,143,3919,24/01/26,24-Jan-26,BANGALORE,66,HV1 CHELUR,,9:10,9:25,0:15,15,9,day_other,TRIPPED ON FAULT,forced,BANGALORE 66 HV1 CHELUR 09:10 09:25 00:15 TRIPPED ON FAULT
OUTAGES JAN-26.pdf,144,3920,24/01/26,24-Jan-26,BANGALORE,66,HV1 CHELUR,,9:40,9:45,0:05,5,9,day_other,LINE CLEAR AVAILED,planned_or_line_clear,BANGALORE 66 HV1 CHELUR 09:40 09:45 00:05 LINE CLEAR AVAILED
OUTAGES JAN-26.pdf,144,3921,24/01/26,24-Jan-26,BANGALORE,66,HV2 SIR MV LAYOUT,,12:10,12:15,0:05,5,12,solar_window,LINE CLEAR AVAILED,planned_or_line_clear,BANGALORE 66 HV2 SIR MV LAYOUT 12:10 12:15 00:05 LINE CLEAR AVAILED
OUTAGES JAN-26.pdf,144,3922,24/01/26,24-Jan-26,BANGALORE,66,HV2 GOWRIBIDANUR 220,,15:25,15:45,0:20,20,15,solar_window,MAIN SUPPLY FAILED,forced,BANGALORE 66 HV2 GOWRIBIDANUR 220 15:25 15:45 00:20 MAIN SUPPLY FAILED
OUTAGES JAN-26.pdf,144,3923,24/01/26,24-Jan-26,BANGALORE,66,HV2 BEVOOR,,10:03,10:08,0:05,5,10,solar_window,TRIPPED ON FAULT,forced,BANGALORE 66 HV2 BEVOOR 10:03 10:08 00:05 TRIPPED ON FAULT
OUTAGES JAN-26.pdf,144,3924,24/01/26,24-Jan-26,BANGALORE,66,HV2 BOMMASANDRA,,10:12,11:00,0:48,48,10,solar_window,LINE CLEAR AVAILED,planned_or_line_clear,BANGALORE 66 HV2 BOMMASANDRA 10:12 11:00 00:48 LINE CLEAR AVAILED
OUTAGES JAN-26.pdf,144,3925,24/01/26,24-Jan-26,BANGALORE,66,HV3 NELAMANGALA 66,,9:11,10:10,0:59,59,9,day_other,LINE CLEAR AVAILED,planned_or_line_clear,BANGALORE 66 HV3 NELAMANGALA 66 09:11 10:10 00:59 LINE CLEAR AVAILED
OUTAGES JAN-26.pdf,144,3926,24/01/26,24-Jan-26,BANGALORE,220,220KV DEVANAHALLI 400 GIS - NRS DB PURA 220 2NO STATION AFFECTED,,0:00,23:59,23:59,1439,0,night_offpeak,TRIPPED ON FAULT,forced,BANGALORE 220220KV DEVANAHALLI 400 GIS - NRS DB PURA 220 2NO STATION AFFECTED 00:00 23:59 23:59 TRIPPED ON FAULT
OUTAGES JAN-26.pdf,144,3927,24/01/26,24-Jan-26,BANGALORE,220,220KV SRS PEENYA 220 - NAGARABHAVI 220NAGARBHAVI 220,,10:12,10:27,0:15,15,10,solar_window,TRIPPED ON FAULT,forced,BANGALORE 220220KV SRS PEENYA 220 - NAGARABHAVI 220NAGARBHAVI 220 10:12 10:27 00:15 TRIPPED ON FAULT
OUTAGES JAN-26.pdf,144,3928,24/01/26,24-Jan-26,BANGALORE,220,HV1 GOWRIBIDANUR 220,,15:25,15:45,0:20,20,15,solar_window,TRIPPED ON FAULT,forced,BANGALORE 220 HV1 GOWRIBIDANUR 220 15:25 15:45 00:20 TRIPPED ON FAULT
OUTAGES JAN-26.pdf,144,3929,24/01/26,24-Jan-26,BANGALORE,220,HV2TK HALLY 220kV RECEIVING STATION,,8:38,9:00,0:22,22,8,day_other,TRIPPED ON FAULT,forced,BANGALORE 220 HV2TK HALLY 220kV RECEIVING STATION08:38 09:00 00:22 TRIPPED ON FAULT
OUTAGES JAN-26.pdf,144,3930,24/01/26,24-Jan-26,BANGALORE,220,HV3 GOWRIBIDANUR 220,,15:25,15:53,0:28,28,15,solar_window,TRIPPED ON FAULT,forced,BANGALORE 220 HV3 GOWRIBIDANUR 220 15:25 15:53 00:28 TRIPPED ON FAULT
OUTAGES JAN-26.pdf,144,3931,24/01/26,24-Jan-26,BANGALORE,220,HV3TK HALLY 220kV RECEIVING STATION,,8:38,9:00,0:22,22,8,day_other,TRIPPED ON FAULT,forced,BANGALORE 220 HV3TK HALLY 220kV RECEIVING STATION08:38 09:00 00:22 TRIPPED ON FAULT
OUTAGES JAN-26.pdf,147,4027,25/01/26,25-Jan-26,BANGALORE,66,66KV BHARATHIYA CITY - SHOBHA CITY BHARATIYA CITY,,13:45,13:50,0:05,5,13,solar_window,LINE CLEAR AVAILED,planned_or_line_clear,BANGALORE 66 66KV BHARATHIYA CITY - SHOBHA CITY BHARATIYA CITY 13:45 13:50 00:05 LINE CLEAR AVAILED
OUTAGES JAN-26.pdf,147,4028,25/01/26,25-Jan-26,BANGALORE,66,66KV BHARATHIYA CITY - SHOBHA CITY SHOBHA CITY,,9:50,9:55,0:05,5,9,day_other,LINE CLEAR AVAILED,planned_or_line_clear,BANGALORE 66 66KV BHARATHIYA CITY - SHOBHA CITY SHOBHA CITY 09:50 09:55 00:05 LINE CLEAR AVAILED
OUTAGES JAN-26.pdf,147,4029,25/01/26,25-Jan-26,BANGALORE,66,"66KV CHANNAPATNA 220 - KOTHIPURA 2 - BEVOORBEVOOR, DASHAVARA, SANKALGERE, VANDARAGUPPE",,1:39,1:50,0:11,11,1,night_offpeak,TRIPPED ON FAULT,forced,"BANGALORE 6666KV CHANNAPATNA 220 - KOTHIPURA 2 - BEVOORBEVOOR, DASHAVARA, SANKALGERE, VANDARAGUPPE01:39 01:50 00:11 TRIPPED ON FAULT"
OUTAGES JAN-26.pdf,147,4030,25/01/26,25-Jan-26,BANGALORE,66,"66KV EKARAJAPURA 220 - HOSKOTE 66 - 12 POLE - GRINDWILL (EHT) - HENNURHENNUR ROAD, PURAVANKARA PALM BEACH",,13:53,13:56,0:03,3,13,solar_window,LINE CLEAR AVAILED,planned_or_line_clear,"BANGALORE 6666KV EKARAJAPURA 220 - HOSKOTE 66 - 12 POLE - GRINDWILL (EHT) - HENNURHENNUR ROAD, PURAVANKARA PALM BEACH13:53 13:56 00:03 LINE CLEAR AVAILED"
OUTAGES JAN-26.pdf,147,4031,25/01/26,25-Jan-26,BANGALORE,66,66KV GOWRIBIDANUR 220 - AFTL(IPP) AFTL(IPP),,16:50,19:18,2:28,148,16,day_other,LINE CLEAR AVAILED,planned_or_line_clear,BANGALORE 66 66KV GOWRIBIDANUR 220 - AFTL(IPP) AFTL(IPP) 16:50 19:18 02:28 LINE CLEAR AVAILED
OUTAGES JAN-26.pdf,147,4032,25/01/26,25-Jan-26,BANGALORE,66,"66KV GOWRIBIDANUR 220 - ALIPURA THONDEBHAVI, ALIPURA",,15:01,15:15,0:14,14,15,solar_window,TRIPPED ON FAULT,forced,"BANGALORE 66 66KV GOWRIBIDANUR 220 - ALIPURA THONDEBHAVI, ALIPURA 15:01 15:15 00:14 TRIPPED ON FAULT"
OUTAGES JAN-26.pdf,148,4033,25/01/26,25-Jan-26,BANGALORE,66,"66KV HBR LAYOUT 220 - SHOBHA CITY (TAP) - HENNUR (GEDDALAHALLI)_DG4HENNUR ROAD, PURAVANKARA PALM BEACH",,7:28,7:38,0:10,10,7,day_other,TRIPPED ON FAULT,forced,"BANGALORE 6666KV HBR LAYOUT 220 - SHOBHA CITY (TAP) - HENNUR (GEDDALAHALLI)_DG4HENNUR ROAD, PURAVANKARA PALM BEACH07:28 07:38 00:10 TRIPPED ON FAULT"
OUTAGES JAN-26.pdf,148,4034,25/01/26,25-Jan-26,BANGALORE,66,66KV HBR LAYOUT 220 - SHOBHA CITY (TAP) - HENNUR (GEDDALAHALLI)_DG4SHOBHA CITY,,13:45,13:48,0:03,3,13,solar_window,LINE CLEAR AVAILED,planned_or_line_clear,BANGALORE 6666KV HBR LAYOUT 220 - SHOBHA CITY (TAP) - HENNUR (GEDDALAHALLI)_DG4SHOBHA CITY 13:45 13:48 00:03 LINE CLEAR AVAILED
OUTAGES JAN-26.pdf,148,4035,25/01/26,25-Jan-26,BANGALORE,66,"66KV KANAKAPURA 220 - CHATHRA - MANIYAMBAL - HANUMANTHANAGARAMANIYAMBAL, MARALAVADI, GODUR",,6:01,6:10,0:09,9,6,day_other,TRIPPED ON FAULT,forced,"BANGALORE 6666KV KANAKAPURA 220 - CHATHRA - MANIYAMBAL - HANUMANTHANAGARAMANIYAMBAL, MARALAVADI, GODUR06:01 06:10 00:09 TRIPPED ON FAULT"
OUTAGES JAN-26.pdf,148,4036,25/01/26,25-Jan-26,BANGALORE,66,66KV KHODAYS 220 - ANJANAPURA ANJANAPURA,,20:25,20:29,0:04,4,20,evening_peak,LINE CLEAR AVAILED,planned_or_line_clear,BANGALORE 66 66KV KHODAYS 220 - ANJANAPURA ANJANAPURA 20:25 20:29 00:04 LINE CLEAR AVAILED
OUTAGES JAN-26.pdf,148,4037,25/01/26,25-Jan-26,BANGALORE,66,66KV KOLAR 220 - BANGARPET 1 TAMAKA,,9:00,17:45,8:45,525,9,day_other,LINE CLEAR AVAILED,planned_or_line_clear,BANGALORE 66 66KV KOLAR 220 - BANGARPET 1 TAMAKA 09:00 17:45 08:45 LINE CLEAR AVAILED
OUTAGES JAN-26.pdf,148,4038,25/01/26,25-Jan-26,BANGALORE,66,66KV KOLAR 220 - BANGARPET 2 BANGARPETE,,9:00,18:33,9:33,573,9,day_other,LINE CLEAR AVAILED,planned_or_line_clear,BANGALORE 66 66KV KOLAR 220 - BANGARPET 2 BANGARPETE 09:00 18:33 09:33 LINE CLEAR AVAILED
OUTAGES JAN-26.pdf,148,4039,25/01/26,25-Jan-26,BANGALORE,66,66KV KOLAR 220 - NARASAPURA 1 NARASAPURA,,9:00,16:12,7:12,432,9,day_other,LINE CLEAR AVAILED,planned_or_line_clear,BANGALORE 66 66KV KOLAR 220 - NARASAPURA 1 NARASAPURA 09:00 16:12 07:12 LINE CLEAR AVAILED
OUTAGES JAN-26.pdf,148,4040,25/01/26,25-Jan-26,BANGALORE,66,66KV KOLAR 220 - NARASAPURA 1 NO STATION AFFECTED,,23:27,23:45,0:18,18,23,night_offpeak,TRIPPED ON FAULT,forced,BANGALORE 66 66KV KOLAR 220 - NARASAPURA 1 NO STATION AFFECTED 23:27 23:45 00:18 TRIPPED ON FAULT
OUTAGES JAN-26.pdf,148,4041,25/01/26,25-Jan-26,BANGALORE,66,66KV KOLAR 220 - NARASAPURA 2 NARASAPURA,,9:00,16:10,7:10,430,9,day_other,LINE CLEAR AVAILED,planned_or_line_clear,BANGALORE 66 66KV KOLAR 220 - NARASAPURA 2 NARASAPURA 09:00 16:10 07:10 LINE CLEAR AVAILED
OUTAGES JAN-26.pdf,148,4042,25/01/26,25-Jan-26,BANGALORE,66,"66KV KOLAR 220 - PGCIL AUX - SUGUTUR - SM MANGALASUGUTUR, SM MANGALA",,9:00,17:08,8:08,488,9,day_other,LINE CLEAR AVAILED,planned_or_line_clear,"BANGALORE 6666KV KOLAR 220 - PGCIL AUX - SUGUTUR - SM MANGALASUGUTUR, SM MANGALA 09:00 17:08 08:08 LINE CLEAR AVAILED"
OUTAGES JAN-26.pdf,148,4043,25/01/26,25-Jan-26,BANGALORE,66,"66KV KOLAR 220 - TALAGUNDATALAGUNDA, VEMGAL, KYALANUR",,9:10,14:45,5:35,335,9,day_other,LINE CLEAR AVAILED,planned_or_line_clear,"BANGALORE 66 66KV KOLAR 220 - TALAGUNDATALAGUNDA, VEMGAL, KYALANUR09:10 14:45 05:35 LINE CLEAR AVAILED"
OUTAGES JAN-26.pdf,148,4044,25/01/26,25-Jan-26,BANGALORE,66,"66KV KOLAR 220 - VOKKALERIVOKKALERI, KC VALLEY PUMP HOUSSE",,9:00,17:10,8:10,490,9,day_other,LINE CLEAR AVAILED,planned_or_line_clear,"BANGALORE 66 66KV KOLAR 220 - VOKKALERIVOKKALERI, KC VALLEY PUMP HOUSSE09:00 17:10 08:10 LINE CLEAR AVAILED"
OUTAGES JAN-26.pdf,148,4045,25/01/26,25-Jan-26,BANGALORE,66,"66KV MALUR 220 - LAKKUR LAKKUR, DEVANAGUNDHI",,9:20,17:51,8:31,511,9,day_other,LINE CLEAR AVAILED,planned_or_line_clear,"BANGALORE 66 66KV MALUR 220 - LAKKUR LAKKUR, DEVANAGUNDHI 09:20 17:51 08:31 LINE CLEAR AVAILED"
OUTAGES JAN-26.pdf,148,4046,25/01/26,25-Jan-26,BANGALORE,66,"66KV MALUR 220 - MALUR I/AMALUR IND AREA, BEST STEEL(EHT)",,9:20,17:51,8:31,511,9,day_other,LINE CLEAR AVAILED,planned_or_line_clear,"BANGALORE 66 66KV MALUR 220 - MALUR I/AMALUR IND AREA, BEST STEEL(EHT)09:20 17:51 08:31 LINE CLEAR AVAILED"
OUTAGES JAN-26.pdf,148,4047,25/01/26,25-Jan-26,BANGALORE,66,66KV MALUR 220 - MALUR I/A - JADIGENAHALLI (HOSKOTE -1)JADIGENAHALLI,,9:20,17:51,8:31,511,9,day_other,LINE CLEAR AVAILED,planned_or_line_clear,BANGALORE 6666KV MALUR 220 - MALUR I/A - JADIGENAHALLI (HOSKOTE -1)JADIGENAHALLI 09:20 17:51 08:31 LINE CLEAR AVAILED
OUTAGES JAN-26.pdf,148,4048,25/01/26,25-Jan-26,BANGALORE,66,66KV MALUR 220 - MALUR TOWN MALUR 66,,9:20,17:51,8:31,511,9,day_other,LINE CLEAR AVAILED,planned_or_line_clear,BANGALORE 66 66KV MALUR 220 - MALUR TOWN MALUR 66 09:20 17:51 08:31 LINE CLEAR AVAILED
OUTAGES JAN-26.pdf,148,4049,25/01/26,25-Jan-26,BANGALORE,66,66KV MALUR 220 - MASTHI MASTHI,,9:20,17:51,8:31,511,9,day_other,LINE CLEAR AVAILED,planned_or_line_clear,BANGALORE 66 66KV MALUR 220 - MASTHI MASTHI 09:20 17:51 08:31 LINE CLEAR AVAILED
OUTAGES JAN-26.pdf,148,4050,25/01/26,25-Jan-26,BANGALORE,66,"66KV MALUR 220 - TEKAL - KGF 1TEKAL, BUDIKOTE, THORALAKKI",,9:20,17:51,8:31,511,9,day_other,LINE CLEAR AVAILED,planned_or_line_clear,"BANGALORE 66 66KV MALUR 220 - TEKAL - KGF 1TEKAL, BUDIKOTE, THORALAKKI09:20 17:51 08:31 LINE CLEAR AVAILED"
OUTAGES JAN-26.pdf,148,4051,25/01/26,25-Jan-26,BANGALORE,66,66KV MANYATA 220 - BHARATHIYA CITY BHARATIYA CITY,,10:10,10:16,0:06,6,10,solar_window,LINE CLEAR AVAILED,planned_or_line_clear,BANGALORE 66 66KV MANYATA 220 - BHARATHIYA CITY BHARATIYA CITY 10:10 10:16 00:06 LINE CLEAR AVAILED
OUTAGES JAN-26.pdf,148,4052,25/01/26,25-Jan-26,BANGALORE,66,66KV SARJAPURA 220 - ATTIBELE ATTIBELE,,12:02,12:08,0:06,6,12,solar_window,LINE CLEAR AVAILED,planned_or_line_clear,BANGALORE 66 66KV SARJAPURA 220 - ATTIBELE ATTIBELE 12:02 12:08 00:06 LINE CLEAR AVAILED
OUTAGES JAN-26.pdf,148,4053,25/01/26,25-Jan-26,BANGALORE,66,66KV SOMANAHALLI 220 - BG ROAD - ANJANAPURA (JIGANI 2)ANJANAPURA,,8:03,8:07,0:04,4,8,day_other,LINE CLEAR AVAILED,planned_or_line_clear,BANGALORE 6666KV SOMANAHALLI 220 - BG ROAD - ANJANAPURA (JIGANI 2)ANJANAPURA 08:03 08:07 00:04 LINE CLEAR AVAILED
OUTAGES JAN-26.pdf,148,4054,25/01/26,25-Jan-26,BANGALORE,66,66KV SOMANAHALLI 220 - ISKCON ISKCON,,10:18,10:25,0:07,7,10,solar_window,LINE CLEAR AVAILED,planned_or_line_clear,BANGALORE 66 66KV SOMANAHALLI 220 - ISKCON ISKCON 10:18 10:25 00:07 LINE CLEAR AVAILED
OUTAGES JAN-26.pdf,148,4055,25/01/26,25-Jan-26,BANGALORE,66,"66KV SUBRAMANYAPURA 220 - REMCO 2 - RR NAGARA - GLOBAL (EHT)REMCO GIS, GLOBAL(EHT)",,6:37,6:48,0:11,11,6,day_other,TRIPPED ON FAULT,forced,"BANGALORE 6666KV SUBRAMANYAPURA 220 - REMCO 2 - RR NAGARA - GLOBAL (EHT)REMCO GIS, GLOBAL(EHT) 06:37 06:48 00:11 TRIPPED ON FAULT"
OUTAGES JAN-26.pdf,148,4056,25/01/26,25-Jan-26,BANGALORE,66,66KV T GOLLAHALLI 220 - KGF 1 NO STATION AFFECTED,,0:00,23:59,23:59,1439,0,night_offpeak,LINE CLEAR AVAILED,planned_or_line_clear,BANGALORE 66 66KV T GOLLAHALLI 220 - KGF 1 NO STATION AFFECTED 00:00 23:59 23:59 LINE CLEAR AVAILED
OUTAGES JAN-26.pdf,148,4057,25/01/26,25-Jan-26,BANGALORE,66,"66KV T GOLLAHALLI 220 - KGF 2 KGF, KAMASAMUDRA, BEML",,8:03,8:19,0:16,16,8,day_other,TRIPPED ON FAULT,forced,"BANGALORE 66 66KV T GOLLAHALLI 220 - KGF 2 KGF, KAMASAMUDRA, BEML 08:03 08:19 00:16 TRIPPED ON FAULT"
OUTAGES JAN-26.pdf,149,4058,25/01/26,25-Jan-26,BANGALORE,66,"66KV T GOLLAHALLI 220 - KGF 2 KGF, KAMASAMUDRA, BEML",,10:25,14:05,3:40,220,10,solar_window,LINE CLEAR AVAILED,planned_or_line_clear,"BANGALORE 66 66KV T GOLLAHALLI 220 - KGF 2 KGF, KAMASAMUDRA, BEML 10:25 14:05 03:40 LINE CLEAR AVAILED"
OUTAGES JAN-26.pdf,149,4059,25/01/26,25-Jan-26,BANGALORE,66,HV1 EPIP WHITEFIELD 220,,11:34,11:45,0:11,11,11,solar_window,TRIPPED ON FAULT,forced,BANGALORE 66 HV1 EPIP WHITEFIELD 220 11:34 11:45 00:11 TRIPPED ON FAULT
OUTAGES JAN-26.pdf,149,4060,25/01/26,25-Jan-26,BANGALORE,66,HV1 DODDABELAVANGALA,,0:35,0:55,0:20,20,0,night_offpeak,TRIPPED ON FAULT,forced,BANGALORE 66 HV1 DODDABELAVANGALA 00:35 00:55 00:20 TRIPPED ON FAULT
OUTAGES JAN-26.pdf,149,4061,25/01/26,25-Jan-26,BANGALORE,66,HV1 KOLAR 220,,9:03,17:00,7:57,477,9,day_other,LINE CLEAR AVAILED,planned_or_line_clear,BANGALORE 66 HV1 KOLAR 220 09:03 17:00 07:57 LINE CLEAR AVAILED
OUTAGES JAN-26.pdf,149,4062,25/01/26,25-Jan-26,BANGALORE,66,HV2 JADIGENAHALLI,,5:30,5:44,0:14,14,5,night_offpeak,TRIPPED ON FAULT,forced,BANGALORE 66 HV2 JADIGENAHALLI 05:30 05:44 00:14 TRIPPED ON FAULT
OUTAGES JAN-26.pdf,149,4063,25/01/26,25-Jan-26,BANGALORE,66,HV2 VIDYANAGAR,,16:20,18:20,2:00,120,16,day_other,LINE CLEAR AVAILED,planned_or_line_clear,BANGALORE 66 HV2 VIDYANAGAR 16:20 18:20 02:00 LINE CLEAR AVAILED
OUTAGES JAN-26.pdf,149,4064,25/01/26,25-Jan-26,BANGALORE,66,HV2 KOLAR 220,,9:03,16:46,7:43,463,9,day_other,LINE CLEAR AVAILED,planned_or_line_clear,BANGALORE 66 HV2 KOLAR 220 09:03 16:46 07:43 LINE CLEAR AVAILED
OUTAGES JAN-26.pdf,149,4065,25/01/26,25-Jan-26,BANGALORE,66,HV2 BEVOOR,,10:00,10:05,0:05,5,10,solar_window,TRIPPED ON FAULT,forced,BANGALORE 66 HV2 BEVOOR 10:00 10:05 00:05 TRIPPED ON FAULT
OUTAGES JAN-26.pdf,149,4066,25/01/26,25-Jan-26,BANGALORE,66,HV2 ATTIBELE,,12:02,12:08,0:06,6,12,solar_window,LINE CLEAR AVAILED,planned_or_line_clear,BANGALORE 66 HV2 ATTIBELE 12:02 12:08 00:06 LINE CLEAR AVAILED
OUTAGES JAN-26.pdf,149,4067,25/01/26,25-Jan-26,BANGALORE,66,HV2 ATTIBELE,,13:48,13:52,0:04,4,13,solar_window,LINE CLEAR AVAILED,planned_or_line_clear,BANGALORE 66 HV2 ATTIBELE 13:48 13:52 00:04 LINE CLEAR AVAILED
OUTAGES JAN-26.pdf,149,4068,25/01/26,25-Jan-26,BANGALORE,66,HV3 KOLAR 220,,9:06,17:05,7:59,479,9,day_other,LINE CLEAR AVAILED,planned_or_line_clear,BANGALORE 66 HV3 KOLAR 220 09:06 17:05 07:59 LINE CLEAR AVAILED
OUTAGES JAN-26.pdf,149,4069,25/01/26,25-Jan-26,BANGALORE,66,HV3 ATTIBELE,,12:02,12:08,0:06,6,12,solar_window,LINE CLEAR AVAILED,planned_or_line_clear,BANGALORE 66 HV3 ATTIBELE 12:02 12:08 00:06 LINE CLEAR AVAILED
OUTAGES JAN-26.pdf,149,4070,25/01/26,25-Jan-26,BANGALORE,66,HV3 ATTIBELE,,13:48,13:52,0:04,4,13,solar_window,LINE CLEAR AVAILED,planned_or_line_clear,BANGALORE 66 HV3 ATTIBELE 13:48 13:52 00:04 LINE CLEAR AVAILED
OUTAGES JAN-26.pdf,149,4071,25/01/26,25-Jan-26,BANGALORE,220,220KV DEVANAHALLI 400 GIS - NRS DB PURA 220 2NO STATION AFFECTED,,0:00,23:59,23:59,1439,0,night_offpeak,TRIPPED ON FAULT,forced,BANGALORE 220220KV DEVANAHALLI 400 GIS - NRS DB PURA 220 2NO STATION AFFECTED 00:00 23:59 23:59 TRIPPED ON FAULT
OUTAGES JAN-26.pdf,149,4072,25/01/26,25-Jan-26,BANGALORE,220,220KV KOLAR 220 - BANGARPET TRACTION 1BANGARPETE RAILWAY TRACTION,,10:05,14:28,4:23,263,10,solar_window,LINE CLEAR AVAILED,planned_or_line_clear,BANGALORE 220220KV KOLAR 220 - BANGARPET TRACTION 1BANGARPETE RAILWAY TRACTION10:05 14:28 04:23 LINE CLEAR AVAILED
OUTAGES JAN-26.pdf,149,4073,25/01/26,25-Jan-26,BANGALORE,220,220KV KOLAR 220 - BANGARPET TRACTION 2BANGARPETE RAILWAY TRACTION,,10:05,14:28,4:23,263,10,solar_window,LINE CLEAR AVAILED,planned_or_line_clear,BANGALORE 220220KV KOLAR 220 - BANGARPET TRACTION 2BANGARPETE RAILWAY TRACTION10:05 14:28 04:23 LINE CLEAR AVAILED
OUTAGES JAN-26.pdf,149,4074,25/01/26,25-Jan-26,BANGALORE,220,220KV KOLAR 220 - MALUR 1 MALUR 220,,9:47,17:50,8:03,483,9,day_other,LINE CLEAR AVAILED,planned_or_line_clear,BANGALORE 220 220KV KOLAR 220 - MALUR 1 MALUR 220 09:47 17:50 08:03 LINE CLEAR AVAILED
OUTAGES JAN-26.pdf,149,4075,25/01/26,25-Jan-26,BANGALORE,220,220KV KOLAR 220 - MALUR 2 MALUR 220,,9:47,18:22,8:35,515,9,day_other,LINE CLEAR AVAILED,planned_or_line_clear,BANGALORE 220 220KV KOLAR 220 - MALUR 2 MALUR 220 09:47 18:22 08:35 LINE CLEAR AVAILED
OUTAGES JAN-26.pdf,149,4076,25/01/26,25-Jan-26,BANGALORE,220,220KV KOLAR 220 - MALUR 3 MALUR 220,,9:47,18:23,8:36,516,9,day_other,LINE CLEAR AVAILED,planned_or_line_clear,BANGALORE 220 220KV KOLAR 220 - MALUR 3 MALUR 220 09:47 18:23 08:36 LINE CLEAR AVAILED
OUTAGES JAN-26.pdf,149,4077,25/01/26,25-Jan-26,BANGALORE,220,220KV MANYATA 220 - SAHAKARNAGAR 220 NO STATION AFFECTED,,7:28,10:04,2:36,156,7,day_other,TRIPPED ON FAULT,forced,BANGALORE 220 220KV MANYATA 220 - SAHAKARNAGAR 220 NO STATION AFFECTED 07:28 10:04 02:36 TRIPPED ON FAULT
OUTAGES JAN-26.pdf,149,4078,25/01/26,25-Jan-26,BANGALORE,220,220KV PGCIL KOLAR 400 - KOLAR 1 KOLAR 220,,10:31,17:47,7:16,436,10,solar_window,LINE CLEAR AVAILED,planned_or_line_clear,BANGALORE 220 220KV PGCIL KOLAR 400 - KOLAR 1 KOLAR 220 10:31 17:47 07:16 LINE CLEAR AVAILED
OUTAGES JAN-26.pdf,149,4079,25/01/26,25-Jan-26,BANGALORE,220,220KV PGCIL KOLAR 400 - KOLAR 2 KOLAR 220,,10:33,14:26,3:53,233,10,solar_window,LINE CLEAR AVAILED,planned_or_line_clear,BANGALORE 220 220KV PGCIL KOLAR 400 - KOLAR 2 KOLAR 220 10:33 14:26 03:53 LINE CLEAR AVAILED
OUTAGES JAN-26.pdf,149,4080,25/01/26,25-Jan-26,BANGALORE,220,HV1 KOLAR 220,,9:06,16:08,7:02,422,9,day_other,LINE CLEAR AVAILED,planned_or_line_clear,BANGALORE 220 HV1 KOLAR 220 09:06 16:08 07:02 LINE CLEAR AVAILED
OUTAGES JAN-26.pdf,149,4081,25/01/26,25-Jan-26,BANGALORE,220,HV1 MALUR 220,,9:20,17:51,8:31,511,9,day_other,LINE CLEAR AVAILED,planned_or_line_clear,BANGALORE 220 HV1 MALUR 220 09:20 17:51 08:31 LINE CLEAR AVAILED
OUTAGES JAN-26.pdf,149,4082,25/01/26,25-Jan-26,BANGALORE,220,HV2 KOLAR 220,,9:06,16:59,7:53,473,9,day_other,LINE CLEAR AVAILED,planned_or_line_clear,BANGALORE 220 HV2 KOLAR 220 09:06 16:59 07:53 LINE CLEAR AVAILED
OUTAGES JAN-26.pdf,149,4083,25/01/26,25-Jan-26,BANGALORE,220,HV2 MALUR 220,,9:20,17:51,8:31,511,9,day_other,LINE CLEAR AVAILED,planned_or_line_clear,BANGALORE 220 HV2 MALUR 220 09:20 17:51 08:31 LINE CLEAR AVAILED
OUTAGES JAN-26.pdf,149,4084,25/01/26,25-Jan-26,BANGALORE,220,HV3 KOLAR 220,,9:06,16:46,7:40,460,9,day_other,LINE CLEAR AVAILED,planned_or_line_clear,BANGALORE 220 HV3 KOLAR 220 09:06 16:46 07:40 LINE CLEAR AVAILED
OUTAGES JAN-26.pdf,153,4177,26/01/26,26-Jan-26,BANGALORE,66,"66KV DABASPETE 220 - SK STEEL SK STEEL, KOLALA",,6:45,11:51,5:06,306,6,day_other,TRIPPED ON FAULT,forced,"BANGALORE 66 66KV DABASPETE 220 - SK STEEL SK STEEL, KOLALA 06:45 11:51 05:06 TRIPPED ON FAULT"
OUTAGES JAN-26.pdf,153,4178,26/01/26,26-Jan-26,BANGALORE,66,66KV GOKULA - HMT EHT HMT(EHT),,10:16,10:40,0:24,24,10,solar_window,TRIPPED ON FAULT,forced,BANGALORE 66 66KV GOKULA - HMT EHT HMT(EHT) 10:16 10:40 00:24 TRIPPED ON FAULT
OUTAGES JAN-26.pdf,153,4179,26/01/26,26-Jan-26,BANGALORE,66,"66KV KANAKAPURA 220 - SHIVANAHALLI KMF - DODDALAHALLI - TK HALLISHIVANAHALLI DIARY, DODDALAHALLI",,12:14,12:34,0:20,20,12,solar_window,TRIPPED ON FAULT,forced,"BANGALORE 6666KV KANAKAPURA 220 - SHIVANAHALLI KMF - DODDALAHALLI - TK HALLISHIVANAHALLI DIARY, DODDALAHALLI12:14 12:34 00:20 TRIPPED ON FAULT"
OUTAGES JAN-26.pdf,153,4180,26/01/26,26-Jan-26,BANGALORE,66,66KV KORAMANGALA 220 - AUSTIN TOWN 1 AUSTIN TOWN,,15:57,16:10,0:13,13,15,solar_window,TRIPPED ON FAULT,forced,BANGALORE 66 66KV KORAMANGALA 220 - AUSTIN TOWN 1 AUSTIN TOWN 15:57 16:10 00:13 TRIPPED ON FAULT
OUTAGES JAN-26.pdf,153,4181,26/01/26,26-Jan-26,BANGALORE,66,66KV KORAMANGALA 220 - AUSTIN TOWN-2 AUSTIN TOWN,,15:57,16:10,0:13,13,15,solar_window,TRIPPED ON FAULT,forced,BANGALORE 66 66KV KORAMANGALA 220 - AUSTIN TOWN-2 AUSTIN TOWN 15:57 16:10 00:13 TRIPPED ON FAULT
OUTAGES JAN-26.pdf,153,4182,26/01/26,26-Jan-26,BANGALORE,66,"66KV KYALANUR - TALAGAWARAKYALANUR, VEMGAL, TALAGUNDA",,6:35,6:40,0:05,5,6,day_other,LINE CLEAR AVAILED,planned_or_line_clear,"BANGALORE 66 66KV KYALANUR - TALAGAWARAKYALANUR, VEMGAL, TALAGUNDA06:35 06:40 00:05 LINE CLEAR AVAILED"
OUTAGES JAN-26.pdf,153,4183,26/01/26,26-Jan-26,BANGALORE,66,66KV MALUR 220 - TEKAL - KGF 1 TEKAL,,6:29,6:37,0:08,8,6,day_other,TRIPPED ON FAULT,forced,BANGALORE 66 66KV MALUR 220 - TEKAL - KGF 1 TEKAL 06:29 06:37 00:08 TRIPPED ON FAULT
OUTAGES JAN-26.pdf,153,4184,26/01/26,26-Jan-26,BANGALORE,66,66KV MITTEMARI 220 - SOMANATHAPURA SOMANATHAPURA,,6:35,6:45,0:10,10,6,day_other,TRIPPED ON FAULT,forced,BANGALORE 66 66KV MITTEMARI 220 - SOMANATHAPURA SOMANATHAPURA 06:35 06:45 00:10 TRIPPED ON FAULT
OUTAGES JAN-26.pdf,153,4185,26/01/26,26-Jan-26,BANGALORE,66,66KV NRS 220 - BRIGADE GATEWAY BRIGADE GATEWAY,,16:30,17:34,1:04,64,16,day_other,MAIN SUPPLY FAILED,forced,BANGALORE 66 66KV NRS 220 - BRIGADE GATEWAY BRIGADE GATEWAY 16:30 17:34 01:04 MAIN SUPPLY FAILED
OUTAGES JAN-26.pdf,153,4186,26/01/26,26-Jan-26,BANGALORE,66,66KV NRS 220 - PALLADIUM PALLADIUM,,16:30,17:28,0:58,58,16,day_other,MAIN SUPPLY FAILED,forced,BANGALORE 66 66KV NRS 220 - PALLADIUM PALLADIUM 16:30 17:28 00:58 MAIN SUPPLY FAILED
OUTAGES JAN-26.pdf,153,4187,26/01/26,26-Jan-26,BANGALORE,66,66KV NRS 220 - TELECOM LAYOUT 1 TELECOM LAYOUT,,16:30,17:34,1:04,64,16,day_other,MAIN SUPPLY FAILED,forced,BANGALORE 66 66KV NRS 220 - TELECOM LAYOUT 1 TELECOM LAYOUT 16:30 17:34 01:04 MAIN SUPPLY FAILED
OUTAGES JAN-26.pdf,153,4188,26/01/26,26-Jan-26,BANGALORE,66,66KV NRS 220 - VIJAYANAGAR VIJAYNAGAR(TR2),,16:30,17:13,0:43,43,16,day_other,MAIN SUPPLY FAILED,forced,BANGALORE 66 66KV NRS 220 - VIJAYANAGAR VIJAYNAGAR(TR2) 16:30 17:13 00:43 MAIN SUPPLY FAILED
OUTAGES JAN-26.pdf,153,4189,26/01/26,26-Jan-26,BANGALORE,66,"66KV NRS DB PURA 220 - VIJAYAPURA VIJAYPURA, JANGAMKOTE",,6:30,6:45,0:15,15,6,day_other,TRIPPED ON FAULT,forced,"BANGALORE 66 66KV NRS DB PURA 220 - VIJAYAPURA VIJAYPURA, JANGAMKOTE 06:30 06:45 00:15 TRIPPED ON FAULT"
OUTAGES JAN-26.pdf,153,4190,26/01/26,26-Jan-26,BANGALORE,66,"66KV SRS PEENYA 220 - MEI LAYOUT ALUR, BIEC, MEI LAYOUT",,14:54,16:58,2:04,124,14,solar_window,TRIPPED ON FAULT,forced,"BANGALORE 66 66KV SRS PEENYA 220 - MEI LAYOUT ALUR, BIEC, MEI LAYOUT 14:54 16:58 02:04 TRIPPED ON FAULT"
OUTAGES JAN-26.pdf,153,4191,26/01/26,26-Jan-26,BANGALORE,66,66KV T GOLLAHALLI 220 - KGF 1 NO STATION AFFECTED,,0:00,23:59,23:59,1439,0,night_offpeak,LINE CLEAR AVAILED,planned_or_line_clear,BANGALORE 66 66KV T GOLLAHALLI 220 - KGF 1 NO STATION AFFECTED 00:00 23:59 23:59 LINE CLEAR AVAILED
OUTAGES JAN-26.pdf,153,4192,26/01/26,26-Jan-26,BANGALORE,66,"66KV TEKAL - BUDIKOTE BUDIKOTE, THORALAKKI",,6:29,6:50,0:21,21,6,day_other,TRIPPED ON FAULT,forced,"BANGALORE 66 66KV TEKAL - BUDIKOTE BUDIKOTE, THORALAKKI 06:29 06:50 00:21 TRIPPED ON FAULT"
OUTAGES JAN-26.pdf,153,4193,26/01/26,26-Jan-26,BANGALORE,66,"66KV YENNIGADALE - SOMANATHAPURA - CHELURCHELUR, CHAKAVELU",,6:35,6:50,0:15,15,6,day_other,TRIPPED ON FAULT,forced,"BANGALORE 6666KV YENNIGADALE - SOMANATHAPURA - CHELURCHELUR, CHAKAVELU 06:35 06:50 00:15 TRIPPED ON FAULT"
OUTAGES JAN-26.pdf,153,4194,26/01/26,26-Jan-26,BANGALORE,66,HV1 NRS RAJAJINAGAR 220,,16:30,17:33,1:03,63,16,day_other,MAIN SUPPLY FAILED,forced,BANGALORE 66 HV1 NRS RAJAJINAGAR 220 16:30 17:33 01:03 MAIN SUPPLY FAILED
OUTAGES JAN-26.pdf,153,4195,26/01/26,26-Jan-26,BANGALORE,66,HV1 D CROSS,,1:23,1:48,0:25,25,1,night_offpeak,TRIPPED ON FAULT,forced,BANGALORE 66 HV1 D CROSS 01:23 01:48 00:25 TRIPPED ON FAULT
OUTAGES JAN-26.pdf,153,4196,26/01/26,26-Jan-26,BANGALORE,66,HV1 D CROSS,,7:39,8:06,0:27,27,7,day_other,TRIPPED ON FAULT,forced,BANGALORE 66 HV1 D CROSS 07:39 08:06 00:27 TRIPPED ON FAULT
OUTAGES JAN-26.pdf,153,4197,26/01/26,26-Jan-26,BANGALORE,66,HV1 AVERAHALLI,,7:28,7:37,0:09,9,7,day_other,TRIPPED ON FAULT,forced,BANGALORE 66 HV1 AVERAHALLI 07:28 07:37 00:09 TRIPPED ON FAULT
OUTAGES JAN-26.pdf,153,4198,26/01/26,26-Jan-26,BANGALORE,66,HV1 ATTIBELE,,16:48,17:03,0:15,15,16,day_other,TRIPPED ON FAULT,forced,BANGALORE 66 HV1 ATTIBELE 16:48 17:03 00:15 TRIPPED ON FAULT
OUTAGES JAN-26.pdf,153,4199,26/01/26,26-Jan-26,BANGALORE,66,HV2 NRS RAJAJINAGAR 220,,16:30,18:20,1:50,110,16,day_other,TRIPPED ON FAULT,forced,BANGALORE 66 HV2 NRS RAJAJINAGAR 220 16:30 18:20 01:50 TRIPPED ON FAULT
OUTAGES JAN-26.pdf,153,4200,26/01/26,26-Jan-26,BANGALORE,66,HV2 VENKATARAYANADODDI,,13:40,14:30,0:50,50,13,solar_window,TRIPPED ON FAULT,forced,BANGALORE 66 HV2 VENKATARAYANADODDI 13:40 14:30 00:50 TRIPPED ON FAULT
OUTAGES JAN-26.pdf,153,4201,26/01/26,26-Jan-26,BANGALORE,66,HV2 VENKATARAYANADODDI,,17:14,17:30,0:16,16,17,day_other,TRIPPED ON FAULT,forced,BANGALORE 66 HV2 VENKATARAYANADODDI 17:14 17:30 00:16 TRIPPED ON FAULT
OUTAGES JAN-26.pdf,153,4202,26/01/26,26-Jan-26,BANGALORE,66,HV2 ATTIBELE,,13:45,14:18,0:33,33,13,solar_window,LINE CLEAR AVAILED,planned_or_line_clear,BANGALORE 66 HV2 ATTIBELE 13:45 14:18 00:33 LINE CLEAR AVAILED
OUTAGES JAN-26.pdf,153,4203,26/01/26,26-Jan-26,BANGALORE,66,HV3 NRS RAJAJINAGAR 220,,16:30,17:32,1:02,62,16,day_other,MAIN SUPPLY FAILED,forced,BANGALORE 66 HV3 NRS RAJAJINAGAR 220 16:30 17:32 01:02 MAIN SUPPLY FAILED
OUTAGES JAN-26.pdf,154,4204,26/01/26,26-Jan-26,BANGALORE,66,HV3 ELECTRONIC,,12:58,15:57,2:59,179,12,solar_window,LINE CLEAR AVAILED,planned_or_line_clear,BANGALORE 66 HV3 ELECTRONIC 12:58 15:57 02:59 LINE CLEAR AVAILED
OUTAGES JAN-26.pdf,154,4205,26/01/26,26-Jan-26,BANGALORE,66,HV4 NRS RAJAJINAGAR 220,,16:30,17:29,0:59,59,16,day_other,MAIN SUPPLY FAILED,forced,BANGALORE 66 HV4 NRS RAJAJINAGAR 220 16:30 17:29 00:59 MAIN SUPPLY FAILED
OUTAGES JAN-26.pdf,154,4206,26/01/26,26-Jan-26,BANGALORE,66,HV5 NRS RAJAJINAGAR 220,,16:30,17:32,1:02,62,16,day_other,MAIN SUPPLY FAILED,forced,BANGALORE 66 HV5 NRS RAJAJINAGAR 220 16:30 17:32 01:02 MAIN SUPPLY FAILED
OUTAGES JAN-26.pdf,154,4207,26/01/26,26-Jan-26,BANGALORE,220,220KV DEVANAHALLI 400 GIS - NRS DB PURA 220 2NO STATION AFFECTED,,0:00,23:59,23:59,1439,0,night_offpeak,TRIPPED ON FAULT,forced,BANGALORE 220220KV DEVANAHALLI 400 GIS - NRS DB PURA 220 2NO STATION AFFECTED 00:00 23:59 23:59 TRIPPED ON FAULT
OUTAGES JAN-26.pdf,154,4208,26/01/26,26-Jan-26,BANGALORE,220,220KV NRS 220 - VRUSHABHAVATI 220 NRS RAJAJINAGAR 220,,16:30,17:09,0:39,39,16,day_other,TRIPPED ON FAULT,forced,BANGALORE 220 220KV NRS 220 - VRUSHABHAVATI 220 NRS RAJAJINAGAR 220 16:30 17:09 00:39 TRIPPED ON FAULT
OUTAGES JAN-26.pdf,154,4209,26/01/26,26-Jan-26,BANGALORE,220,220KV SRS PEENYA 220 - NRS 220 NRS RAJAJINAGAR 220,,16:30,17:09,0:39,39,16,day_other,TRIPPED ON FAULT,forced,BANGALORE 220 220KV SRS PEENYA 220 - NRS 220 NRS RAJAJINAGAR 220 16:30 17:09 00:39 TRIPPED ON FAULT
OUTAGES JAN-26.pdf,154,4210,26/01/26,26-Jan-26,BANGALORE,220,HV1 NRS RAJAJINAGAR 220,,16:30,17:28,0:58,58,16,day_other,MAIN SUPPLY FAILED,forced,BANGALORE 220 HV1 NRS RAJAJINAGAR 220 16:30 17:28 00:58 MAIN SUPPLY FAILED
OUTAGES JAN-26.pdf,154,4211,26/01/26,26-Jan-26,BANGALORE,220,HV2 NRS RAJAJINAGAR 220,,16:30,17:57,1:27,87,16,day_other,TRIPPED ON FAULT,forced,BANGALORE 220 HV2 NRS RAJAJINAGAR 220 16:30 17:57 01:27 TRIPPED ON FAULT
OUTAGES JAN-26.pdf,157,4296,27/01/26,27-Jan-26,BANGALORE,66,"66KV CHANNAPATNA 220 - KOTHIPURA 2 - BEVOORBEVOOR, DASHAVARA, SANKALGERE, VANDARAGUPPE",,13:09,13:43,0:34,34,13,solar_window,LINE CLEAR AVAILED,planned_or_line_clear,"BANGALORE 6666KV CHANNAPATNA 220 - KOTHIPURA 2 - BEVOORBEVOOR, DASHAVARA, SANKALGERE, VANDARAGUPPE13:09 13:43 00:34 LINE CLEAR AVAILED"
OUTAGES JAN-26.pdf,157,4297,27/01/26,27-Jan-26,BANGALORE,66,"66KV CHANNAPATNA 220 - KOTHIPURA 2 - BEVOORBEVOOR, DASHAVARA, SANKALGERE, VANDARAGUPPE",,13:43,13:55,0:12,12,13,solar_window,TRIPPED ON FAULT,forced,"BANGALORE 6666KV CHANNAPATNA 220 - KOTHIPURA 2 - BEVOORBEVOOR, DASHAVARA, SANKALGERE, VANDARAGUPPE13:43 13:55 00:12 TRIPPED ON FAULT"
OUTAGES JAN-26.pdf,157,4298,27/01/26,27-Jan-26,BANGALORE,66,"66KV CHINTAMANI 220 - K RAGHUTTAHALLIK RAGHUTTAHALLI, BOMMEPALLI CROSS, YENNIGADALE",,18:24,18:32,0:08,8,18,evening_peak,TRIPPED ON FAULT,forced,"BANGALORE 66 66KV CHINTAMANI 220 - K RAGHUTTAHALLIK RAGHUTTAHALLI, BOMMEPALLI CROSS, YENNIGADALE18:24 18:32 00:08 TRIPPED ON FAULT"
OUTAGES JAN-26.pdf,157,4299,27/01/26,27-Jan-26,BANGALORE,66,"66KV K RAGHUTTAHALLI - BOMMEPALLI BOMMEPALLI, YENNIGADALE",,18:24,18:38,0:14,14,18,evening_peak,TRIPPED ON FAULT,forced,"BANGALORE 66 66KV K RAGHUTTAHALLI - BOMMEPALLI BOMMEPALLI, YENNIGADALE 18:24 18:38 00:14 TRIPPED ON FAULT"
OUTAGES JAN-26.pdf,157,4300,27/01/26,27-Jan-26,BANGALORE,66,"66KV KHODAYS 220 - BTM 4TH PHASEBTM 4TH PHASE, SOUDELA, DLF ANNABEL",,17:45,18:00,0:15,15,17,day_other,LINE CLEAR AVAILED,planned_or_line_clear,"BANGALORE 66 66KV KHODAYS 220 - BTM 4TH PHASEBTM 4TH PHASE, SOUDELA, DLF ANNABEL17:45 18:00 00:15 LINE CLEAR AVAILED"
OUTAGES JAN-26.pdf,157,4301,27/01/26,27-Jan-26,BANGALORE,66,66KV KOLAR 220 - PGCIL AUX - SUGUTUR - SM MANGALASM MANGALA,,10:00,10:10,0:10,10,10,solar_window,LINE CLEAR AVAILED,planned_or_line_clear,BANGALORE 6666KV KOLAR 220 - PGCIL AUX - SUGUTUR - SM MANGALASM MANGALA 10:00 10:10 00:10 LINE CLEAR AVAILED
OUTAGES JAN-26.pdf,157,4302,27/01/26,27-Jan-26,BANGALORE,66,"66KV KOLAR 220 - VOKKALERIVOKKALERI, KC VALLEY PUMP HOUSE",,10:05,12:05,2:00,120,10,solar_window,LINE CLEAR AVAILED,planned_or_line_clear,"BANGALORE 66 66KV KOLAR 220 - VOKKALERIVOKKALERI, KC VALLEY PUMP HOUSE10:05 12:05 02:00 LINE CLEAR AVAILED"
OUTAGES JAN-26.pdf,157,4303,27/01/26,27-Jan-26,BANGALORE,66,66KV KUMBALAGODU 220 - HEJJALA HEJJALA,,6:40,6:45,0:05,5,6,day_other,LINE CLEAR AVAILED,planned_or_line_clear,BANGALORE 66 66KV KUMBALAGODU 220 - HEJJALA HEJJALA 06:40 06:45 00:05 LINE CLEAR AVAILED
OUTAGES JAN-26.pdf,157,4304,27/01/26,27-Jan-26,BANGALORE,66,66KV SRS PEENYA 220 - KHB DG-1 NO STATION AFFECTED,,14:12,16:49,2:37,157,14,solar_window,TRIPPED ON FAULT,forced,BANGALORE 66 66KV SRS PEENYA 220 - KHB DG-1 NO STATION AFFECTED 14:12 16:49 02:37 TRIPPED ON FAULT
OUTAGES JAN-26.pdf,157,4305,27/01/26,27-Jan-26,BANGALORE,66,66KV T GOLLAHALLI 220 - KGF 1 NO STATION AFFECTED,,0:00,23:59,23:59,1439,0,night_offpeak,LINE CLEAR AVAILED,planned_or_line_clear,BANGALORE 66 66KV T GOLLAHALLI 220 - KGF 1 NO STATION AFFECTED 00:00 23:59 23:59 LINE CLEAR AVAILED
OUTAGES JAN-26.pdf,157,4306,27/01/26,27-Jan-26,BANGALORE,66,66KV Y HUNASENAHALLI - PALLICHERLU NO STATION AFFECTED,,18:58,19:15,0:17,17,18,evening_peak,TRIPPED ON FAULT,forced,BANGALORE 66 66KV Y HUNASENAHALLI - PALLICHERLU NO STATION AFFECTED 18:58 19:15 00:17 TRIPPED ON FAULT
OUTAGES JAN-26.pdf,157,4307,27/01/26,27-Jan-26,BANGALORE,66,HV1 BTM 4TH PHASE,,19:49,19:54,0:05,5,19,evening_peak,LINE CLEAR AVAILED,planned_or_line_clear,BANGALORE 66 HV1 BTM 4TH PHASE 19:49 19:54 00:05 LINE CLEAR AVAILED
OUTAGES JAN-26.pdf,157,4308,27/01/26,27-Jan-26,BANGALORE,66,HV1 VOLVO,,18:21,19:00,0:39,39,18,evening_peak,TRIPPED ON FAULT,forced,BANGALORE 66 HV1 VOLVO 18:21 19:00 00:39 TRIPPED ON FAULT
OUTAGES JAN-26.pdf,158,4309,27/01/26,27-Jan-26,BANGALORE,66,HV1 DIBBURAHALLI,,16:50,16:55,0:05,5,16,day_other,LINE CLEAR AVAILED,planned_or_line_clear,BANGALORE 66 HV1 DIBBURAHALLI 16:50 16:55 00:05 LINE CLEAR AVAILED
OUTAGES JAN-26.pdf,158,4310,27/01/26,27-Jan-26,BANGALORE,66,HV1 Y HUNASENAHALLI,,17:05,17:10,0:05,5,17,day_other,LINE CLEAR AVAILED,planned_or_line_clear,BANGALORE 66 HV1 Y HUNASENAHALLI 17:05 17:10 00:05 LINE CLEAR AVAILED
OUTAGES JAN-26.pdf,158,4311,27/01/26,27-Jan-26,BANGALORE,66,HV1 DALASANUR,,13:05,13:15,0:10,10,13,solar_window,LINE CLEAR AVAILED,planned_or_line_clear,BANGALORE 66 HV1 DALASANUR 13:05 13:15 00:10 LINE CLEAR AVAILED
OUTAGES JAN-26.pdf,158,4312,27/01/26,27-Jan-26,BANGALORE,66,HV1 HANUMANTHNAGAR,,11:20,11:40,0:20,20,11,solar_window,LINE CLEAR AVAILED,planned_or_line_clear,BANGALORE 66 HV1 HANUMANTHNAGAR 11:20 11:40 00:20 LINE CLEAR AVAILED
OUTAGES JAN-26.pdf,158,4313,27/01/26,27-Jan-26,BANGALORE,66,HV1 GUDEMARANAHALLI,,14:35,14:40,0:05,5,14,solar_window,LINE CLEAR AVAILED,planned_or_line_clear,BANGALORE 66 HV1 GUDEMARANAHALLI 14:35 14:40 00:05 LINE CLEAR AVAILED
OUTAGES JAN-26.pdf,158,4314,27/01/26,27-Jan-26,BANGALORE,66,HV1 DASHAVARA,,12:00,15:05,3:05,185,12,solar_window,LINE CLEAR AVAILED,planned_or_line_clear,BANGALORE 66 HV1 DASHAVARA 12:00 15:05 03:05 LINE CLEAR AVAILED
OUTAGES JAN-26.pdf,158,4315,27/01/26,27-Jan-26,BANGALORE,66,HV2 PLATINUM,,15:00,15:31,0:31,31,15,solar_window,LINE CLEAR AVAILED,planned_or_line_clear,BANGALORE 66 HV2 PLATINUM 15:00 15:31 00:31 LINE CLEAR AVAILED
OUTAGES JAN-26.pdf,158,4316,27/01/26,27-Jan-26,BANGALORE,66,HV2 ANJANAPURA,,10:33,10:38,0:05,5,10,solar_window,LINE CLEAR AVAILED,planned_or_line_clear,BANGALORE 66 HV2 ANJANAPURA 10:33 10:38 00:05 LINE CLEAR AVAILED
OUTAGES JAN-26.pdf,158,4317,27/01/26,27-Jan-26,BANGALORE,66,HV2 BTM 4TH PHASE,,18:44,18:49,0:05,5,18,evening_peak,TRIPPED ON FAULT,forced,BANGALORE 66 HV2 BTM 4TH PHASE 18:44 18:49 00:05 TRIPPED ON FAULT
OUTAGES JAN-26.pdf,158,4318,27/01/26,27-Jan-26,BANGALORE,66,HV2 GUDEMARANAHALLI,,16:47,16:50,0:03,3,16,day_other,LINE CLEAR AVAILED,planned_or_line_clear,BANGALORE 66 HV2 GUDEMARANAHALLI 16:47 16:50 00:03 LINE CLEAR AVAILED
OUTAGES JAN-26.pdf,158,4319,27/01/26,27-Jan-26,BANGALORE,66,HV2 IGGALUR,,13:05,13:10,0:05,5,13,solar_window,LINE CLEAR AVAILED,planned_or_line_clear,BANGALORE 66 HV2 IGGALUR 13:05 13:10 00:05 LINE CLEAR AVAILED
OUTAGES JAN-26.pdf,158,4320,27/01/26,27-Jan-26,BANGALORE,66,HV2 CHANDAPURA,,14:38,14:50,0:12,12,14,solar_window,LINE CLEAR AVAILED,planned_or_line_clear,BANGALORE 66 HV2 CHANDAPURA 14:38 14:50 00:12 LINE CLEAR AVAILED
OUTAGES JAN-26.pdf,158,4321,27/01/26,27-Jan-26,BANGALORE,66,TK HALLY 220 - 66kV LIMBAVALI TK HALLI 220,,6:23,6:53,0:30,30,6,day_other,TRIPPED ON FAULT,forced,BANGALORE 66 TK HALLY 220 - 66kV LIMBAVALI TK HALLI 220 06:23 06:53 00:30 TRIPPED ON FAULT
OUTAGES JAN-26.pdf,158,4322,27/01/26,27-Jan-26,BANGALORE,220,220KV DEVANAHALLI 400 GIS - NRS DB PURA 220 2NO STATION AFFECTED,,0:00,23:59,23:59,1439,0,night_offpeak,TRIPPED ON FAULT,forced,BANGALORE 220220KV DEVANAHALLI 400 GIS - NRS DB PURA 220 2NO STATION AFFECTED 00:00 23:59 23:59 TRIPPED ON FAULT
OUTAGES JAN-26.pdf,164,4469,28/01/26,28-Jan-26,BANGALORE,66,66KV ADUGODI - BOSCH EHT BOSCH(EHT),,6:55,7:01,0:06,6,6,day_other,LINE CLEAR AVAILED,planned_or_line_clear,BANGALORE 66 66KV ADUGODI - BOSCH EHT BOSCH(EHT) 06:55 07:01 00:06 LINE CLEAR AVAILED
OUTAGES JAN-26.pdf,164,4470,28/01/26,28-Jan-26,BANGALORE,66,66KV BURUDAGUNTE - GANJIGUNTE - DIBBURHALLIBURUDAGUNTE,,11:41,11:48,0:07,7,11,solar_window,LINE CLEAR AVAILED,planned_or_line_clear,BANGALORE 6666KV BURUDAGUNTE - GANJIGUNTE - DIBBURHALLIBURUDAGUNTE 11:41 11:48 00:07 LINE CLEAR AVAILED
OUTAGES JAN-26.pdf,164,4471,28/01/26,28-Jan-26,BANGALORE,66,"66KV CESSNA BUSINESS PARK 220 - KALYANI TECH PARKKALYANI TECH PARK, EXORA",,6613:15:00,13:32,0:17,17,,,MAIN SUPPLY FAILED,forced,"BANGALORE 6666KV CESSNA BUSINESS PARK 220 - KALYANI TECH PARKKALYANI TECH PARK, EXORA 6613:15 13:32 00:17 MAIN SUPPLY FAILED"
OUTAGES JAN-26.pdf,164,4472,28/01/26,28-Jan-26,BANGALORE,66,66KV CESSNA BUSINESS PARK 220 - ORACLE EHTORACLE(EHT),,13:15,13:32,0:17,17,13,solar_window,MAIN SUPPLY FAILED,forced,BANGALORE 6666KV CESSNA BUSINESS PARK 220 - ORACLE EHTORACLE(EHT) 13:15 13:32 00:17 MAIN SUPPLY FAILED
OUTAGES JAN-26.pdf,164,4473,28/01/26,28-Jan-26,BANGALORE,66,"66KV CHANNAPATNA 220 - KOTHIPURA 2 - BEVOORBEVOOR, DASHAVARA, SANKALGERE, VANDARAGUPPE",,12:43,12:56,0:13,13,12,solar_window,TRIPPED ON FAULT,forced,"BANGALORE 6666KV CHANNAPATNA 220 - KOTHIPURA 2 - BEVOORBEVOOR, DASHAVARA, SANKALGERE, VANDARAGUPPE12:43 12:56 00:13 TRIPPED ON FAULT"
OUTAGES JAN-26.pdf,164,4474,28/01/26,28-Jan-26,BANGALORE,66,66KV DABASPETE 220 - THYAMAGONDLU - T BEGUR - NELAMANGALA 66 (CKT-2)THYAMAGONDLU,,22:09,22:45,0:36,36,22,evening_peak,TRIPPED ON FAULT,forced,BANGALORE 6666KV DABASPETE 220 - THYAMAGONDLU - T BEGUR - NELAMANGALA 66 (CKT-2)THYAMAGONDLU 22:09 22:45 00:36 TRIPPED ON FAULT
OUTAGES JAN-26.pdf,164,4475,28/01/26,28-Jan-26,BANGALORE,66,66KV GOWRIBIDANUR 220 - MANCHENAHALLI - GUNDAMGEREMANCHENAHALLI,,18:40,18:50,0:10,10,18,evening_peak,TRIPPED ON FAULT,forced,BANGALORE 6666KV GOWRIBIDANUR 220 - MANCHENAHALLI - GUNDAMGEREMANCHENAHALLI 18:40 18:50 00:10 TRIPPED ON FAULT
OUTAGES JAN-26.pdf,164,4476,28/01/26,28-Jan-26,BANGALORE,66,66KV HSR LAYOUT 220 - DEVARABISANAHALLI - GLOBAL TECH PARKDEVARABISANAHALLI,,21:14,21:22,0:08,8,21,evening_peak,LINE CLEAR AVAILED,planned_or_line_clear,BANGALORE 6666KV HSR LAYOUT 220 - DEVARABISANAHALLI - GLOBAL TECH PARKDEVARABISANAHALLI 21:14 21:22 00:08 LINE CLEAR AVAILED
OUTAGES JAN-26.pdf,164,4477,28/01/26,28-Jan-26,BANGALORE,66,66KV HSR LAYOUT 220 - ST JOHN WOOD ST JOHN WOOD,,22:48,23:06,0:18,18,22,evening_peak,LINE CLEAR AVAILED,planned_or_line_clear,BANGALORE 66 66KV HSR LAYOUT 220 - ST JOHN WOOD ST JOHN WOOD 22:48 23:06 00:18 LINE CLEAR AVAILED
OUTAGES JAN-26.pdf,164,4478,28/01/26,28-Jan-26,BANGALORE,66,"66KV KHODAYS 220 - BTM 4TH PHASEBTM 4TH PHASE, SOUDELA, DLF ANNABELE",,11:25,12:40,1:15,75,11,solar_window,LINE CLEAR AVAILED,planned_or_line_clear,"BANGALORE 66 66KV KHODAYS 220 - BTM 4TH PHASEBTM 4TH PHASE, SOUDELA, DLF ANNABELE11:25 12:40 01:15 LINE CLEAR AVAILED"
OUTAGES JAN-26.pdf,164,4479,28/01/26,28-Jan-26,BANGALORE,66,66KV NALLIMARADANAHALLI - DIBBURHALLI - SADALIDIBBURAHALLI,,15:30,15:50,0:20,20,15,solar_window,LINE CLEAR AVAILED,planned_or_line_clear,BANGALORE 6666KV NALLIMARADANAHALLI - DIBBURHALLI - SADALIDIBBURAHALLI 15:30 15:50 00:20 LINE CLEAR AVAILED
OUTAGES JAN-26.pdf,164,4480,28/01/26,28-Jan-26,BANGALORE,66,"66KV SOMANAHALLI 220 - YEDAMADUYEDAMADU, HANUMANTHANAGARA",,9:16,9:42,0:26,26,9,day_other,TRIPPED ON FAULT,forced,"BANGALORE 66 66KV SOMANAHALLI 220 - YEDAMADUYEDAMADU, HANUMANTHANAGARA09:16 09:42 00:26 TRIPPED ON FAULT"
OUTAGES JAN-26.pdf,165,4481,28/01/26,28-Jan-26,BANGALORE,66,66KV SRINIVASAPURA 220 - LAKSHMIPURA 3 NO STATION AFFECTED,,18:42,18:54,0:12,12,18,evening_peak,TRIPPED ON FAULT,forced,BANGALORE 66 66KV SRINIVASAPURA 220 - LAKSHMIPURA 3 NO STATION AFFECTED 18:42 18:54 00:12 TRIPPED ON FAULT
OUTAGES JAN-26.pdf,165,4482,28/01/26,28-Jan-26,BANGALORE,66,66KV SRS PEENYA 220 - NANDINI LAYOUT NANDINI LAYOUT,,18:57,19:14,0:17,17,18,evening_peak,TRIPPED ON FAULT,forced,BANGALORE 66 66KV SRS PEENYA 220 - NANDINI LAYOUT NANDINI LAYOUT 18:57 19:14 00:17 TRIPPED ON FAULT
OUTAGES JAN-26.pdf,165,4483,28/01/26,28-Jan-26,BANGALORE,66,"66KV T GOLLAHALLI 220 - AVANI AVANI, MULBAGAL",,12:30,13:06,0:36,36,12,solar_window,TRIPPED ON FAULT,forced,"BANGALORE 66 66KV T GOLLAHALLI 220 - AVANI AVANI, MULBAGAL 12:30 13:06 00:36 TRIPPED ON FAULT"
OUTAGES JAN-26.pdf,165,4484,28/01/26,28-Jan-26,BANGALORE,66,66KV T GOLLAHALLI 220 - KGF 1 NO STATION AFFECTED,,0:00,23:59,23:59,1439,0,night_offpeak,LINE CLEAR AVAILED,planned_or_line_clear,BANGALORE 66 66KV T GOLLAHALLI 220 - KGF 1 NO STATION AFFECTED 00:00 23:59 23:59 LINE CLEAR AVAILED
OUTAGES JAN-26.pdf,165,4485,28/01/26,28-Jan-26,BANGALORE,66,66KV THYAMAGONDALU - RAILWAY TRACTION DODDABELE (EHT)DODDABELE RAILWAYS,,22:10,22:47,0:37,37,22,evening_peak,TRIPPED ON FAULT,forced,BANGALORE 6666KV THYAMAGONDALU - RAILWAY TRACTION DODDABELE (EHT)DODDABELE RAILWAYS 22:10 22:47 00:37 TRIPPED ON FAULT
OUTAGES JAN-26.pdf,165,4486,28/01/26,28-Jan-26,BANGALORE,66,66KV VIKAS TECH PARK 220 - EMBASSY 1 EMBASSY,,13:15,13:32,0:17,17,13,solar_window,MAIN SUPPLY FAILED,forced,BANGALORE 66 66KV VIKAS TECH PARK 220 - EMBASSY 1 EMBASSY 13:15 13:32 00:17 MAIN SUPPLY FAILED
OUTAGES JAN-26.pdf,165,4487,28/01/26,28-Jan-26,BANGALORE,66,66KV VIKAS TECH PARK 220 - EMBASSY 2 EMBASSY,,13:15,13:32,0:17,17,13,solar_window,MAIN SUPPLY FAILED,forced,BANGALORE 66 66KV VIKAS TECH PARK 220 - EMBASSY 2 EMBASSY 13:15 13:32 00:17 MAIN SUPPLY FAILED
OUTAGES JAN-26.pdf,165,4488,28/01/26,28-Jan-26,BANGALORE,66,66KV VIKAS TECH PARK 220 - GLOBAL TECH PARKGLOBAL TECH PARK,,21:03,21:08,0:05,5,21,evening_peak,LINE CLEAR AVAILED,planned_or_line_clear,BANGALORE 6666KV VIKAS TECH PARK 220 - GLOBAL TECH PARKGLOBAL TECH PARK 21:03 21:08 00:05 LINE CLEAR AVAILED
OUTAGES JAN-26.pdf,165,4489,28/01/26,28-Jan-26,BANGALORE,66,66KV VIKAS TECH PARK 220 - PRIMAL PRIMAL,,21:00,21:05,0:05,5,21,evening_peak,LINE CLEAR AVAILED,planned_or_line_clear,BANGALORE 66 66KV VIKAS TECH PARK 220 - PRIMAL PRIMAL 21:00 21:05 00:05 LINE CLEAR AVAILED
OUTAGES JAN-26.pdf,165,4490,28/01/26,28-Jan-26,BANGALORE,66,66KV VIKAS TECH PARK 220 - RMZ ECO WORLD ADARSHA PALM VILLA RETREATRMZ ECO WORLD,,13:15,13:32,0:17,17,13,solar_window,MAIN SUPPLY FAILED,forced,BANGALORE 6666KV VIKAS TECH PARK 220 - RMZ ECO WORLD ADARSHA PALM VILLA RETREATRMZ ECO WORLD 13:15 13:32 00:17 MAIN SUPPLY FAILED
OUTAGES JAN-26.pdf,165,4491,28/01/26,28-Jan-26,BANGALORE,66,66KV WHITEFIELD HAGADUR 220 - PRESTIGE SHANTHINIKETHANPRESTIGE SHANTHINIKETHAN,,13:24,13:42,0:18,18,13,solar_window,MAIN SUPPLY FAILED,forced,BANGALORE 6666KV WHITEFIELD HAGADUR 220 - PRESTIGE SHANTHINIKETHANPRESTIGE SHANTHINIKETHAN 13:24 13:42 00:18 MAIN SUPPLY FAILED
OUTAGES JAN-26.pdf,165,4492,28/01/26,28-Jan-26,BANGALORE,66,66KV WHITEFIELD HAGADUR 220 - PRESTIGE SHANTHINIKETHANPRESTIGE SHANTHINIKETHAN,,15:01,15:14,0:13,13,15,solar_window,MAIN SUPPLY FAILED,forced,BANGALORE 6666KV WHITEFIELD HAGADUR 220 - PRESTIGE SHANTHINIKETHANPRESTIGE SHANTHINIKETHAN 15:01 15:14 00:13 MAIN SUPPLY FAILED
OUTAGES JAN-26.pdf,165,4493,28/01/26,28-Jan-26,BANGALORE,66,HV1 HBR LAYOUT 66,,7:14,7:33,0:19,19,7,day_other,TRIPPED ON FAULT,forced,BANGALORE 66 HV1 HBR LAYOUT 66 07:14 07:33 00:19 TRIPPED ON FAULT
OUTAGES JAN-26.pdf,165,4494,28/01/26,28-Jan-26,BANGALORE,66,HV1 ADUGODI GIS STATION,,7:18,7:22,0:04,4,7,day_other,LINE CLEAR AVAILED,planned_or_line_clear,BANGALORE 66 HV1 ADUGODI GIS STATION 07:18 07:22 00:04 LINE CLEAR AVAILED
OUTAGES JAN-26.pdf,165,4495,28/01/26,28-Jan-26,BANGALORE,66,HV1 PRESTIGE SHANTHINIKETHAN,,15:01,15:14,0:13,13,15,solar_window,MAIN SUPPLY FAILED,forced,BANGALORE 66 HV1 PRESTIGE SHANTHINIKETHAN 15:01 15:14 00:13 MAIN SUPPLY FAILED
OUTAGES JAN-26.pdf,165,4496,28/01/26,28-Jan-26,BANGALORE,66,HV1 JADIGENAHALLI,,17:30,17:40,0:10,10,17,day_other,TRIPPED ON FAULT,forced,BANGALORE 66 HV1 JADIGENAHALLI 17:30 17:40 00:10 TRIPPED ON FAULT
OUTAGES JAN-26.pdf,165,4497,28/01/26,28-Jan-26,BANGALORE,66,HV1 DIBBURAHALLI,,15:30,15:50,0:20,20,15,solar_window,LINE CLEAR AVAILED,planned_or_line_clear,BANGALORE 66 HV1 DIBBURAHALLI 15:30 15:50 00:20 LINE CLEAR AVAILED
OUTAGES JAN-26.pdf,165,4498,28/01/26,28-Jan-26,BANGALORE,66,HV2 ADUGODI GIS STATION,,10:34,10:40,0:06,6,10,solar_window,LINE CLEAR AVAILED,planned_or_line_clear,BANGALORE 66 HV2 ADUGODI GIS STATION 10:34 10:40 00:06 LINE CLEAR AVAILED
OUTAGES JAN-26.pdf,165,4499,28/01/26,28-Jan-26,BANGALORE,66,HV2 HAGADUR WHITE FIELD 220,,13:24,13:38,0:14,14,13,solar_window,MAIN SUPPLY FAILED,forced,BANGALORE 66 HV2 HAGADUR WHITE FIELD 220 13:24 13:38 00:14 MAIN SUPPLY FAILED
OUTAGES JAN-26.pdf,165,4500,28/01/26,28-Jan-26,BANGALORE,66,HV2 PRESTIGE SHANTHINIKETHAN,,15:01,15:14,0:13,13,15,solar_window,MAIN SUPPLY FAILED,forced,BANGALORE 66 HV2 PRESTIGE SHANTHINIKETHAN 15:01 15:14 00:13 MAIN SUPPLY FAILED
OUTAGES JAN-26.pdf,165,4501,28/01/26,28-Jan-26,BANGALORE,66,HV2 JADIGENAHALLI,,10:27,10:37,0:10,10,10,solar_window,TRIPPED ON FAULT,forced,BANGALORE 66 HV2 JADIGENAHALLI 10:27 10:37 00:10 TRIPPED ON FAULT
OUTAGES JAN-26.pdf,165,4502,28/01/26,28-Jan-26,BANGALORE,66,HV2 YHUNASENAHALLI,,17:05,17:10,0:05,5,17,day_other,LINE CLEAR AVAILED,planned_or_line_clear,BANGALORE 66 HV2 YHUNASENAHALLI 17:05 17:10 00:05 LINE CLEAR AVAILED
OUTAGES JAN-26.pdf,165,4503,28/01/26,28-Jan-26,BANGALORE,66,HV2 H GOLLAHALLI,,13:08,13:37,0:29,29,13,solar_window,TRIPPED ON FAULT,forced,BANGALORE 66 HV2 H GOLLAHALLI 13:08 13:37 00:29 TRIPPED ON FAULT
OUTAGES JAN-26.pdf,165,4504,28/01/26,28-Jan-26,BANGALORE,66,HV2 LAKSHMIPURA,,14:15,14:45,0:30,30,14,solar_window,LINE CLEAR AVAILED,planned_or_line_clear,BANGALORE 66 HV2 LAKSHMIPURA 14:15 14:45 00:30 LINE CLEAR AVAILED
OUTAGES JAN-26.pdf,165,4505,28/01/26,28-Jan-26,BANGALORE,66,HV2 SUGATUR,,13:00,13:10,0:10,10,13,solar_window,TRIPPED ON FAULT,forced,BANGALORE 66 HV2 SUGATUR 13:00 13:10 00:10 TRIPPED ON FAULT
OUTAGES JAN-26.pdf,165,4506,28/01/26,28-Jan-26,BANGALORE,66,HV2 VENKATARAYANADODDI,,13:34,13:42,0:08,8,13,solar_window,TRIPPED ON FAULT,forced,BANGALORE 66 HV2 VENKATARAYANADODDI 13:34 13:42 00:08 TRIPPED ON FAULT
OUTAGES JAN-26.pdf,166,4507,28/01/26,28-Jan-26,BANGALORE,66,HV2 BEVOOR,,16:16,16:21,0:05,5,16,day_other,TRIPPED ON FAULT,forced,BANGALORE 66 HV2 BEVOOR 16:16 16:21 00:05 TRIPPED ON FAULT
OUTAGES JAN-26.pdf,166,4508,28/01/26,28-Jan-26,BANGALORE,66,HV3 NAGANATHAPURA 220,,8:18,8:45,0:27,27,8,day_other,TRIPPED ON FAULT,forced,BANGALORE 66 HV3 NAGANATHAPURA 220 08:18 08:45 00:27 TRIPPED ON FAULT
OUTAGES JAN-26.pdf,166,4509,28/01/26,28-Jan-26,BANGALORE,66,HV3 ADUGODI GIS STATION,,6:55,7:01,0:06,6,6,day_other,LINE CLEAR AVAILED,planned_or_line_clear,BANGALORE 66 HV3 ADUGODI GIS STATION 06:55 07:01 00:06 LINE CLEAR AVAILED
OUTAGES JAN-26.pdf,166,4510,28/01/26,28-Jan-26,BANGALORE,220,220KV DEVANAHALLI 400 GIS - NRS DB PURA 220 2NO STATION AFFECTED,,0:00,23:59,23:59,1439,0,night_offpeak,TRIPPED ON FAULT,forced,BANGALORE 220220KV DEVANAHALLI 400 GIS - NRS DB PURA 220 2NO STATION AFFECTED 00:00 23:59 23:59 TRIPPED ON FAULT
OUTAGES JAN-26.pdf,166,4511,28/01/26,28-Jan-26,BANGALORE,220,"220KV MALUR 220 - SARJAPURA 220 - VIKAS TECH PARK 220 - EXORA 220 - CKT 1VIKAS TECH PARK 220, EXORA 22013:15",,13:32,0:17,,,13,solar_window,TRIPPED ON FAULT,forced,"BANGALORE 220220KV MALUR 220 - SARJAPURA 220 - VIKAS TECH PARK 220 - EXORA 220 - CKT 1VIKAS TECH PARK 220, EXORA 22013:15 13:32 00:17 TRIPPED ON FAULT"
OUTAGES JAN-26.pdf,166,4512,28/01/26,28-Jan-26,BANGALORE,220,HV1 HAGADUR WHITE FIELD 220,,15:01,15:14,0:13,13,15,solar_window,TRIPPED ON FAULT,forced,BANGALORE 220 HV1 HAGADUR WHITE FIELD 220 15:01 15:14 00:13 TRIPPED ON FAULT
OUTAGES JAN-26.pdf,166,4513,28/01/26,28-Jan-26,BANGALORE,220,LV2 HAGADUR WHITE FIELD 220,,13:24,13:38,0:14,14,13,solar_window,TRIPPED ON FAULT,forced,BANGALORE 220 LV2 HAGADUR WHITE FIELD 220 13:24 13:38 00:14 TRIPPED ON FAULT
OUTAGES JAN-26.pdf,170,4631,29/01/26,29-Jan-26,BANGALORE,66,66KV ADUGODI - JAKKASANDRA JAKKASANDRA,,9:54,10:00,0:06,6,9,day_other,LINE CLEAR AVAILED,planned_or_line_clear,BANGALORE 66 66KV ADUGODI - JAKKASANDRA JAKKASANDRA 09:54 10:00 00:06 LINE CLEAR AVAILED
OUTAGES JAN-26.pdf,170,4632,29/01/26,29-Jan-26,BANGALORE,66,"66KV CHANNAPATNA 220 - KOTHIPURA 2 - BEVOORBEVOOR, DASHAVARA, SANKALGERE, VANDARAGUPPE",,11:57,12:08,0:11,11,11,solar_window,TRIPPED ON FAULT,forced,"BANGALORE 6666KV CHANNAPATNA 220 - KOTHIPURA 2 - BEVOORBEVOOR, DASHAVARA, SANKALGERE, VANDARAGUPPE11:57 12:08 00:11 TRIPPED ON FAULT"
OUTAGES JAN-26.pdf,170,4633,29/01/26,29-Jan-26,BANGALORE,66,"66KV HSR LAYOUT 220 - DEVARABISANAHALLI - GLOBAL TECH PARKDEVARABISANAHALLI, GLOBAL TECH PARK",,7:01,7:23,0:22,22,7,day_other,LINE CLEAR AVAILED,planned_or_line_clear,"BANGALORE 6666KV HSR LAYOUT 220 - DEVARABISANAHALLI - GLOBAL TECH PARKDEVARABISANAHALLI, GLOBAL TECH PARK07:01 07:23 00:22 LINE CLEAR AVAILED"
OUTAGES JAN-26.pdf,170,4634,29/01/26,29-Jan-26,BANGALORE,66,66KV HSR LAYOUT 220 - SHOBHA JASMINE APARTMENTSHOBHA JASMINE APARTMENT,,0:05,0:11,0:06,6,0,night_offpeak,LINE CLEAR AVAILED,planned_or_line_clear,BANGALORE 6666KV HSR LAYOUT 220 - SHOBHA JASMINE APARTMENTSHOBHA JASMINE APARTMENT 00:05 00:11 00:06 LINE CLEAR AVAILED
OUTAGES JAN-26.pdf,170,4635,29/01/26,29-Jan-26,BANGALORE,66,66KV HSR LAYOUT 220 - SHOBHA JASMINE APARTMENTSHOBHA JASMINE APARTMENT,,5:30,5:35,0:05,5,5,night_offpeak,LINE CLEAR AVAILED,planned_or_line_clear,BANGALORE 6666KV HSR LAYOUT 220 - SHOBHA JASMINE APARTMENTSHOBHA JASMINE APARTMENT 05:30 05:35 00:05 LINE CLEAR AVAILED
OUTAGES JAN-26.pdf,170,4636,29/01/26,29-Jan-26,BANGALORE,66,66KV HSR LAYOUT 220 - ST JOHN WOOD ST JOHN WOOD,,5:50,6:02,0:12,12,5,night_offpeak,LINE CLEAR AVAILED,planned_or_line_clear,BANGALORE 66 66KV HSR LAYOUT 220 - ST JOHN WOOD ST JOHN WOOD 05:50 06:02 00:12 LINE CLEAR AVAILED
OUTAGES JAN-26.pdf,170,4637,29/01/26,29-Jan-26,BANGALORE,66,66KV MAGADI 220 - SOLURU (GUDEMARNAHALLI)GUDEMARANAHALLI,,13:30,14:20,0:50,50,13,solar_window,LINE CLEAR AVAILED,planned_or_line_clear,BANGALORE 6666KV MAGADI 220 - SOLURU (GUDEMARNAHALLI)GUDEMARANAHALLI 13:30 14:20 00:50 LINE CLEAR AVAILED
OUTAGES JAN-26.pdf,170,4638,29/01/26,29-Jan-26,BANGALORE,66,"66KV MALUR 220 - TEKAL - KGF 1TEKAL, BUDIKOTE, THORALAKKI",,7:07,7:16,0:09,9,7,day_other,TRIPPED ON FAULT,forced,"BANGALORE 66 66KV MALUR 220 - TEKAL - KGF 1TEKAL, BUDIKOTE, THORALAKKI07:07 07:16 00:09 TRIPPED ON FAULT"
OUTAGES JAN-26.pdf,170,4639,29/01/26,29-Jan-26,BANGALORE,66,66KV NIMHANS 220 - ADUGODI ADUGODI(TR.2),,9:55,10:06,0:11,11,9,day_other,LINE CLEAR AVAILED,planned_or_line_clear,BANGALORE 66 66KV NIMHANS 220 - ADUGODI ADUGODI(TR.2) 09:55 10:06 00:11 LINE CLEAR AVAILED
OUTAGES JAN-26.pdf,170,4640,29/01/26,29-Jan-26,BANGALORE,66,66KV NRS 220 - NANDINI LAYOUT NANDINI LAYOUT,,6:31,6:37,0:06,6,6,day_other,LINE CLEAR AVAILED,planned_or_line_clear,BANGALORE 66 66KV NRS 220 - NANDINI LAYOUT NANDINI LAYOUT 06:31 06:37 00:06 LINE CLEAR AVAILED
OUTAGES JAN-26.pdf,171,4641,29/01/26,29-Jan-26,BANGALORE,66,"66KV NRS DB PURA 220 - DEVANAHALLI 2DEVANAHALLI 66, BRIGADE ORCHARDS",,5:43,6:02,0:19,19,5,night_offpeak,TRIPPED ON FAULT,forced,"BANGALORE 66 66KV NRS DB PURA 220 - DEVANAHALLI 2DEVANAHALLI 66, BRIGADE ORCHARDS05:43 06:02 00:19 TRIPPED ON FAULT"
OUTAGES JAN-26.pdf,171,4642,29/01/26,29-Jan-26,BANGALORE,66,"66KV NRS DB PURA 220 - KUNDANA - DEVANAHALLI 1DEVANAHALLI 66, KUNDANA, BRIGADE ORCHARDS",,5:43,6:02,0:19,19,5,night_offpeak,TRIPPED ON FAULT,forced,"BANGALORE 6666KV NRS DB PURA 220 - KUNDANA - DEVANAHALLI 1DEVANAHALLI 66, KUNDANA, BRIGADE ORCHARDS05:43 06:02 00:19 TRIPPED ON FAULT"
OUTAGES JAN-26.pdf,171,4643,29/01/26,29-Jan-26,BANGALORE,66,66KV T GOLLAHALLI 220 - KGF 1 NO STATION AFFECTED,,0:00,23:59,23:59,1439,0,night_offpeak,LINE CLEAR AVAILED,planned_or_line_clear,BANGALORE 66 66KV T GOLLAHALLI 220 - KGF 1 NO STATION AFFECTED 00:00 23:59 23:59 LINE CLEAR AVAILED
OUTAGES JAN-26.pdf,171,4644,29/01/26,29-Jan-26,BANGALORE,66,"66KV TK HALLI 220 - GURUVINAPURA - V R DODDIVR DODDI, GURUVINAPURA, BV HALLI",,9:47,10:08,0:21,21,9,day_other,TRIPPED ON FAULT,forced,"BANGALORE 6666KV TK HALLI 220 - GURUVINAPURA - V R DODDIVR DODDI, GURUVINAPURA, BV HALLI09:47 10:08 00:21 TRIPPED ON FAULT"
OUTAGES JAN-26.pdf,171,4645,29/01/26,29-Jan-26,BANGALORE,66,66KV VIKAS TECH PARK 220 - GLOBAL TECH PARKGLOBAL TECH PARK,,7:25,7:29,0:04,4,7,day_other,LINE CLEAR AVAILED,planned_or_line_clear,BANGALORE 6666KV VIKAS TECH PARK 220 - GLOBAL TECH PARKGLOBAL TECH PARK 07:25 07:29 00:04 LINE CLEAR AVAILED
OUTAGES JAN-26.pdf,171,4646,29/01/26,29-Jan-26,BANGALORE,66,66KV VIKAS TECH PARK 220 - PRIMAL PRIMAL PROJECT,,7:29,7:32,0:03,3,7,day_other,LINE CLEAR AVAILED,planned_or_line_clear,BANGALORE 66 66KV VIKAS TECH PARK 220 - PRIMAL PRIMAL PROJECT 07:29 07:32 00:03 LINE CLEAR AVAILED
OUTAGES JAN-26.pdf,171,4647,29/01/26,29-Jan-26,BANGALORE,66,HV1HSR LAYOUT RECEIVING STATION 22004:44,,5:16,0:32,,,5,night_offpeak,LINE CLEAR AVAILED,planned_or_line_clear,BANGALORE 66 HV1HSR LAYOUT RECEIVING STATION 22004:44 05:16 00:32 LINE CLEAR AVAILED
OUTAGES JAN-26.pdf,171,4648,29/01/26,29-Jan-26,BANGALORE,66,HV1 G KODIHALLI,,8:50,8:57,0:07,7,8,day_other,TRIPPED ON FAULT,forced,BANGALORE 66 HV1 G KODIHALLI 08:50 08:57 00:07 TRIPPED ON FAULT
OUTAGES JAN-26.pdf,171,4649,29/01/26,29-Jan-26,BANGALORE,66,HV1 ALIPURA,,7:05,8:00,0:55,55,7,day_other,LINE CLEAR AVAILED,planned_or_line_clear,BANGALORE 66 HV1 ALIPURA 07:05 08:00 00:55 LINE CLEAR AVAILED
OUTAGES JAN-26.pdf,171,4650,29/01/26,29-Jan-26,BANGALORE,66,HV1 THIMMAMPALLI,,17:00,17:40,0:40,40,17,day_other,LINE CLEAR AVAILED,planned_or_line_clear,BANGALORE 66 HV1 THIMMAMPALLI 17:00 17:40 00:40 LINE CLEAR AVAILED
OUTAGES JAN-26.pdf,171,4651,29/01/26,29-Jan-26,BANGALORE,66,HV1 KUMBARANAHALLI,,10:47,11:07,0:20,20,10,solar_window,TRIPPED ON FAULT,forced,BANGALORE 66 HV1 KUMBARANAHALLI 10:47 11:07 00:20 TRIPPED ON FAULT
OUTAGES JAN-26.pdf,171,4652,29/01/26,29-Jan-26,BANGALORE,66,HV2 SAHAKARINAGAR 66,,18:02,18:19,0:17,17,18,evening_peak,TRIPPED ON FAULT,forced,BANGALORE 66 HV2 SAHAKARINAGAR 66 18:02 18:19 00:17 TRIPPED ON FAULT
OUTAGES JAN-26.pdf,171,4653,29/01/26,29-Jan-26,BANGALORE,66,HV2HSR LAYOUT RECEIVING STATION 22004:46,,5:04,0:18,,,5,night_offpeak,LINE CLEAR AVAILED,planned_or_line_clear,BANGALORE 66 HV2HSR LAYOUT RECEIVING STATION 22004:46 05:04 00:18 LINE CLEAR AVAILED
OUTAGES JAN-26.pdf,171,4654,29/01/26,29-Jan-26,BANGALORE,66,HV2 DEVARABISANAHALLI,,0:00,0:10,0:10,10,0,night_offpeak,TRIPPED ON FAULT,forced,BANGALORE 66 HV2 DEVARABISANAHALLI 00:00 00:10 00:10 TRIPPED ON FAULT
OUTAGES JAN-26.pdf,171,4655,29/01/26,29-Jan-26,BANGALORE,66,HV2 DEVARABISANAHALLI,,21:36,21:40,0:04,4,21,evening_peak,LINE CLEAR AVAILED,planned_or_line_clear,BANGALORE 66 HV2 DEVARABISANAHALLI 21:36 21:40 00:04 LINE CLEAR AVAILED
OUTAGES JAN-26.pdf,171,4656,29/01/26,29-Jan-26,BANGALORE,66,HV3HSR LAYOUT RECEIVING STATION 22005:21,,5:24,0:03,,,5,night_offpeak,LINE CLEAR AVAILED,planned_or_line_clear,BANGALORE 66 HV3HSR LAYOUT RECEIVING STATION 22005:21 05:24 00:03 LINE CLEAR AVAILED
OUTAGES JAN-26.pdf,171,4657,29/01/26,29-Jan-26,BANGALORE,66,HV3 CHINTAMANI 66,,16:53,17:02,0:09,9,16,day_other,LINE CLEAR AVAILED,planned_or_line_clear,BANGALORE 66 HV3 CHINTAMANI 66 16:53 17:02 00:09 LINE CLEAR AVAILED
OUTAGES JAN-26.pdf,171,4658,29/01/26,29-Jan-26,BANGALORE,220,220KV DEVANAHALLI 400 GIS - NRS DB PURA 220 2NO STATION AFFECTED,,0:00,23:59,23:59,1439,0,night_offpeak,TRIPPED ON FAULT,forced,BANGALORE 220220KV DEVANAHALLI 400 GIS - NRS DB PURA 220 2NO STATION AFFECTED 00:00 23:59 23:59 TRIPPED ON FAULT
OUTAGES JAN-26.pdf,176,4795,30/01/26,30-Jan-26,BANGALORE,66,66KV ATTURU - PLATINUM CITY - SAHAKARNAGAR 66 DG-4PLATINUM CITY,,14:42,14:44,0:02,2,14,solar_window,LINE CLEAR AVAILED,planned_or_line_clear,BANGALORE 6666KV ATTURU - PLATINUM CITY - SAHAKARNAGAR 66 DG-4PLATINUM CITY 14:42 14:44 00:02 LINE CLEAR AVAILED
OUTAGES JAN-26.pdf,176,4796,30/01/26,30-Jan-26,BANGALORE,66,"66KV CHANNAPATNA 220 - KOTHIPURA 2 - BEVOORBEVOOR, DASHAVARA, SANKALGERE, VANDARAGUPPE",,6:59,7:08,0:09,9,6,day_other,TRIPPED ON FAULT,forced,"BANGALORE 6666KV CHANNAPATNA 220 - KOTHIPURA 2 - BEVOORBEVOOR, DASHAVARA, SANKALGERE, VANDARAGUPPE06:59 07:08 00:09 TRIPPED ON FAULT"
OUTAGES JAN-26.pdf,176,4797,30/01/26,30-Jan-26,BANGALORE,66,"66KV CHANNAPATNA 220 - KOTHIPURA 2 - BEVOORBEVOOR, DASHAVARA, SANKALGERE, VANDARAGUPPE",,16:00,16:36,0:36,36,16,day_other,LINE CLEAR AVAILED,planned_or_line_clear,"BANGALORE 6666KV CHANNAPATNA 220 - KOTHIPURA 2 - BEVOORBEVOOR, DASHAVARA, SANKALGERE, VANDARAGUPPE16:00 16:36 00:36 LINE CLEAR AVAILED"
OUTAGES JAN-26.pdf,176,4798,30/01/26,30-Jan-26,BANGALORE,66,"66KV CHANNAPATNA 220 - KOTHIPURA 2 - BEVOORBEVOOR, DASHAVARA, SANKALGERE, VANDARAGUPPE",,16:36,16:53,0:17,17,16,day_other,TRIPPED ON FAULT,forced,"BANGALORE 6666KV CHANNAPATNA 220 - KOTHIPURA 2 - BEVOORBEVOOR, DASHAVARA, SANKALGERE, VANDARAGUPPE16:36 16:53 00:17 TRIPPED ON FAULT"
OUTAGES JAN-26.pdf,176,4799,30/01/26,30-Jan-26,BANGALORE,66,"66KV CHINTAMANI 220 - 66KV CHINTAMANICHINTAMANI 66, SM MANGALA, RAILWAY TRACTION",,17:45,18:13,0:28,28,17,day_other,LINE CLEAR AVAILED,planned_or_line_clear,"BANGALORE 66 66KV CHINTAMANI 220 - 66KV CHINTAMANICHINTAMANI 66, SM MANGALA, RAILWAY TRACTION17:45 18:13 00:28 LINE CLEAR AVAILED"
OUTAGES JAN-26.pdf,176,4800,30/01/26,30-Jan-26,BANGALORE,66,66KV KOLAR 220 - PGCIL AUX - SUGUTUR - SM MANGALASUGUTUR,,3:16,3:26,0:10,10,3,night_offpeak,TRIPPED ON FAULT,forced,BANGALORE 6666KV KOLAR 220 - PGCIL AUX - SUGUTUR - SM MANGALASUGUTUR 03:16 03:26 00:10 TRIPPED ON FAULT
OUTAGES JAN-26.pdf,176,4801,30/01/26,30-Jan-26,BANGALORE,66,66KV KOLAR 220 - PGCIL AUX - SUGUTUR - SM MANGALASUGUTUR,,3:26,8:05,4:39,279,3,night_offpeak,TRIPPED ON FAULT,forced,BANGALORE 6666KV KOLAR 220 - PGCIL AUX - SUGUTUR - SM MANGALASUGUTUR 03:26 08:05 04:39 TRIPPED ON FAULT
OUTAGES JAN-26.pdf,177,4802,30/01/26,30-Jan-26,BANGALORE,66,66KV KOLAR 220 - PGCIL AUX - SUGUTUR - SM MANGALASUGUTUR,,8:05,9:45,1:40,100,8,day_other,LINE CLEAR AVAILED,planned_or_line_clear,BANGALORE 6666KV KOLAR 220 - PGCIL AUX - SUGUTUR - SM MANGALASUGUTUR 08:05 09:45 01:40 LINE CLEAR AVAILED
OUTAGES JAN-26.pdf,177,4803,30/01/26,30-Jan-26,BANGALORE,66,"66KV KOTHIPURA 220 - SHIVANAHALLI - CHIKKENAHALLICHIKKENAHALLI, SHIVANAHALLI, ALLIMARANAHALLI",,12:15,12:35,0:20,20,12,solar_window,TRIPPED ON FAULT,forced,"BANGALORE 6666KV KOTHIPURA 220 - SHIVANAHALLI - CHIKKENAHALLICHIKKENAHALLI, SHIVANAHALLI, ALLIMARANAHALLI12:15 12:35 00:20 TRIPPED ON FAULT"
OUTAGES JAN-26.pdf,177,4804,30/01/26,30-Jan-26,BANGALORE,66,66KV MAGADI 220 - VG DODDI - TG HALLI TG HALLI,,11:30,15:55,4:25,265,11,solar_window,LINE CLEAR AVAILED,planned_or_line_clear,BANGALORE 66 66KV MAGADI 220 - VG DODDI - TG HALLI TG HALLI 11:30 15:55 04:25 LINE CLEAR AVAILED
OUTAGES JAN-26.pdf,177,4805,30/01/26,30-Jan-26,BANGALORE,66,66KV NATIONAL COLLEGE - JAYANAGARA GISNATIONAL COLLEGE,,11:32,11:54,0:22,22,11,solar_window,TRIPPED ON FAULT,forced,BANGALORE 6666KV NATIONAL COLLEGE - JAYANAGARA GISNATIONAL COLLEGE 11:32 11:54 00:22 TRIPPED ON FAULT
OUTAGES JAN-26.pdf,177,4806,30/01/26,30-Jan-26,BANGALORE,66,"66KV NIMHANS 220 - JAYADEVA JAYADEVA, SARAKKI",,16:58,17:11,0:13,13,16,day_other,TRIPPED ON FAULT,forced,"BANGALORE 66 66KV NIMHANS 220 - JAYADEVA JAYADEVA, SARAKKI 16:58 17:11 00:13 TRIPPED ON FAULT"
OUTAGES JAN-26.pdf,177,4807,30/01/26,30-Jan-26,BANGALORE,66,66KV PUTTENAHALLI 220 - RAJANKUNTE RAJANUKUNTE,,21:24,21:45,0:21,21,21,evening_peak,TRIPPED ON FAULT,forced,BANGALORE 66 66KV PUTTENAHALLI 220 - RAJANKUNTE RAJANUKUNTE 21:24 21:45 00:21 TRIPPED ON FAULT
OUTAGES JAN-26.pdf,177,4808,30/01/26,30-Jan-26,BANGALORE,66,"66KV T GOLLAHALLI 220 - AVANI AVANI, MULBAGAL",,17:55,18:20,0:25,25,17,day_other,LINE CLEAR AVAILED,planned_or_line_clear,"BANGALORE 66 66KV T GOLLAHALLI 220 - AVANI AVANI, MULBAGAL 17:55 18:20 00:25 LINE CLEAR AVAILED"
OUTAGES JAN-26.pdf,177,4809,30/01/26,30-Jan-26,BANGALORE,66,66KV T GOLLAHALLI 220 - KGF 1 NO STATION AFFECTED,,0:00,23:59,23:59,1439,0,night_offpeak,LINE CLEAR AVAILED,planned_or_line_clear,BANGALORE 66 66KV T GOLLAHALLI 220 - KGF 1 NO STATION AFFECTED 00:00 23:59 23:59 LINE CLEAR AVAILED
OUTAGES JAN-26.pdf,177,4810,30/01/26,30-Jan-26,BANGALORE,66,HV1 YELAHANKA 66,,15:01,15:09,0:08,8,15,solar_window,LINE CLEAR AVAILED,planned_or_line_clear,BANGALORE 66 HV1 YELAHANKA 66 15:01 15:09 00:08 LINE CLEAR AVAILED
OUTAGES JAN-26.pdf,177,4811,30/01/26,30-Jan-26,BANGALORE,66,HV1 NAGANATHAPURA 220,,8:30,8:36,0:06,6,8,day_other,TRIPPED ON FAULT,forced,BANGALORE 66 HV1 NAGANATHAPURA 220 08:30 08:36 00:06 TRIPPED ON FAULT
OUTAGES JAN-26.pdf,177,4812,30/01/26,30-Jan-26,BANGALORE,66,HV1 ADUGODI GIS STATION,,9:41,9:47,0:06,6,9,day_other,LINE CLEAR AVAILED,planned_or_line_clear,BANGALORE 66 HV1 ADUGODI GIS STATION 09:41 09:47 00:06 LINE CLEAR AVAILED
OUTAGES JAN-26.pdf,177,4813,30/01/26,30-Jan-26,BANGALORE,66,HV1 SOMANAHALLI 220,,11:30,17:45,6:15,375,11,solar_window,LINE CLEAR AVAILED,planned_or_line_clear,BANGALORE 66 HV1 SOMANAHALLI 220 11:30 17:45 06:15 LINE CLEAR AVAILED
OUTAGES JAN-26.pdf,177,4814,30/01/26,30-Jan-26,BANGALORE,66,HV1 BOMMEPALLI CROSS,,15:05,15:08,0:03,3,15,solar_window,LINE CLEAR AVAILED,planned_or_line_clear,BANGALORE 66 HV1 BOMMEPALLI CROSS 15:05 15:08 00:03 LINE CLEAR AVAILED
OUTAGES JAN-26.pdf,177,4815,30/01/26,30-Jan-26,BANGALORE,66,HV1 JANGAMAKOTE,,13:09,13:14,0:05,5,13,solar_window,LINE CLEAR AVAILED,planned_or_line_clear,BANGALORE 66 HV1 JANGAMAKOTE 13:09 13:14 00:05 LINE CLEAR AVAILED
OUTAGES JAN-26.pdf,177,4816,30/01/26,30-Jan-26,BANGALORE,66,HV1 NANDIGANAHALLI,,11:50,11:55,0:05,5,11,solar_window,LINE CLEAR AVAILED,planned_or_line_clear,BANGALORE 66 HV1 NANDIGANAHALLI 11:50 11:55 00:05 LINE CLEAR AVAILED
OUTAGES JAN-26.pdf,177,4817,30/01/26,30-Jan-26,BANGALORE,66,HV1 TEKAL,,11:35,12:10,0:35,35,11,solar_window,LINE CLEAR AVAILED,planned_or_line_clear,BANGALORE 66 HV1 TEKAL 11:35 12:10 00:35 LINE CLEAR AVAILED
OUTAGES JAN-26.pdf,177,4818,30/01/26,30-Jan-26,BANGALORE,66,HV1 ATTIBELE,,8:18,8:35,0:17,17,8,day_other,TRIPPED ON FAULT,forced,BANGALORE 66 HV1 ATTIBELE 08:18 08:35 00:17 TRIPPED ON FAULT
OUTAGES JAN-26.pdf,177,4819,30/01/26,30-Jan-26,BANGALORE,66,HV1 ATTIBELE,,8:35,8:50,0:15,15,8,day_other,LINE CLEAR AVAILED,planned_or_line_clear,BANGALORE 66 HV1 ATTIBELE 08:35 08:50 00:15 LINE CLEAR AVAILED
OUTAGES JAN-26.pdf,177,4820,30/01/26,30-Jan-26,BANGALORE,66,HV2 YELAHANKA 66,,15:01,15:09,0:08,8,15,solar_window,LINE CLEAR AVAILED,planned_or_line_clear,BANGALORE 66 HV2 YELAHANKA 66 15:01 15:09 00:08 LINE CLEAR AVAILED
OUTAGES JAN-26.pdf,177,4821,30/01/26,30-Jan-26,BANGALORE,66,HV2 DEVARABISANAHALLI,,12:20,13:13,0:53,53,12,solar_window,LINE CLEAR AVAILED,planned_or_line_clear,BANGALORE 66 HV2 DEVARABISANAHALLI 12:20 13:13 00:53 LINE CLEAR AVAILED
OUTAGES JAN-26.pdf,177,4822,30/01/26,30-Jan-26,BANGALORE,66,HV2 SOMANAHALLI 220,,11:30,17:45,6:15,375,11,solar_window,LINE CLEAR AVAILED,planned_or_line_clear,BANGALORE 66 HV2 SOMANAHALLI 220 11:30 17:45 06:15 LINE CLEAR AVAILED
OUTAGES JAN-26.pdf,177,4823,30/01/26,30-Jan-26,BANGALORE,66,HV2 RAYALPADU,,14:40,14:45,0:05,5,14,solar_window,LINE CLEAR AVAILED,planned_or_line_clear,BANGALORE 66 HV2 RAYALPADU 14:40 14:45 00:05 LINE CLEAR AVAILED
OUTAGES JAN-26.pdf,177,4824,30/01/26,30-Jan-26,BANGALORE,66,HV2 VENKATARAYANADODDI,,11:58,12:03,0:05,5,11,solar_window,TRIPPED ON FAULT,forced,BANGALORE 66 HV2 VENKATARAYANADODDI 11:58 12:03 00:05 TRIPPED ON FAULT
OUTAGES JAN-26.pdf,177,4825,30/01/26,30-Jan-26,BANGALORE,220,220KV DEVANAHALLI 400 GIS - NRS DB PURA 220 2NO STATION AFFECTED,,0:00,23:59,23:59,1439,0,night_offpeak,TRIPPED ON FAULT,forced,BANGALORE 220220KV DEVANAHALLI 400 GIS - NRS DB PURA 220 2NO STATION AFFECTED 00:00 23:59 23:59 TRIPPED ON FAULT
OUTAGES JAN-26.pdf,183,4990,31/01/26,31-Jan-26,BANGALORE,66,66KV A STATION 220 - C STATION C STATION,,7:05,7:10,0:05,5,7,day_other,LINE CLEAR AVAILED,planned_or_line_clear,BANGALORE 66 66KV A STATION 220 - C STATION C STATION 07:05 07:10 00:05 LINE CLEAR AVAILED
OUTAGES JAN-26.pdf,183,4991,31/01/26,31-Jan-26,BANGALORE,66,"66KV CHANNAPATNA 220 - KOTHIPURA 2 - BEVOORBEVOOR, DASHAVARA, SANKALGERE, VANDARAGUPPE",,7:47,7:57,0:10,10,7,day_other,TRIPPED ON FAULT,forced,"BANGALORE 6666KV CHANNAPATNA 220 - KOTHIPURA 2 - BEVOORBEVOOR, DASHAVARA, SANKALGERE, VANDARAGUPPE07:47 07:57 00:10 TRIPPED ON FAULT"
OUTAGES JAN-26.pdf,183,4992,31/01/26,31-Jan-26,BANGALORE,66,66KV EDC 220 - AUSTIN TOWN AUSTIN TOWN,,9:38,9:45,0:07,7,9,day_other,TRIPPED ON FAULT,forced,BANGALORE 66 66KV EDC 220 - AUSTIN TOWN AUSTIN TOWN 09:38 09:45 00:07 TRIPPED ON FAULT
OUTAGES JAN-26.pdf,183,4993,31/01/26,31-Jan-26,BANGALORE,66,66KV EDC 220 - AUSTIN TOWN AUSTIN TOWN,,11:30,11:37,0:07,7,11,solar_window,TRIPPED ON FAULT,forced,BANGALORE 66 66KV EDC 220 - AUSTIN TOWN AUSTIN TOWN 11:30 11:37 00:07 TRIPPED ON FAULT
OUTAGES JAN-26.pdf,183,4994,31/01/26,31-Jan-26,BANGALORE,66,66KV EKARAJAPURA 220 - HOSKOTE 66 - 12 POLE - GRINDWILL (EHT) - HENNURGRINDWELL NORTON(EHT),,10:05,18:48,8:43,523,10,solar_window,LINE CLEAR AVAILED,planned_or_line_clear,BANGALORE 6666KV EKARAJAPURA 220 - HOSKOTE 66 - 12 POLE - GRINDWILL (EHT) - HENNURGRINDWELL NORTON(EHT) 10:05 18:48 08:43 LINE CLEAR AVAILED
OUTAGES JAN-26.pdf,183,4995,31/01/26,31-Jan-26,BANGALORE,66,66KV HEBBAL 220 - C STATION 1 C STATION,,0:34,1:00,0:26,26,0,night_offpeak,MAIN SUPPLY FAILED,forced,BANGALORE 66 66KV HEBBAL 220 - C STATION 1 C STATION 00:34 01:00 00:26 MAIN SUPPLY FAILED
OUTAGES JAN-26.pdf,183,4996,31/01/26,31-Jan-26,BANGALORE,66,66KV HEBBAL 220 - C STATION 2 C STATION,,0:34,1:00,0:26,26,0,night_offpeak,MAIN SUPPLY FAILED,forced,BANGALORE 66 66KV HEBBAL 220 - C STATION 2 C STATION 00:34 01:00 00:26 MAIN SUPPLY FAILED
OUTAGES JAN-26.pdf,183,4997,31/01/26,31-Jan-26,BANGALORE,66,66KV HEBBAL 220 - IISC NO STATION AFFECTED,,0:34,11:20,10:46,646,0,night_offpeak,TRIPPED ON FAULT,forced,BANGALORE 66 66KV HEBBAL 220 - IISC NO STATION AFFECTED 00:34 11:20 10:46 TRIPPED ON FAULT
OUTAGES JAN-26.pdf,183,4998,31/01/26,31-Jan-26,BANGALORE,66,66KV HEBBAL 220 - LR BANDE (ITI-HEBBAL- 2)LR BANDE,,0:34,0:53,0:19,19,0,night_offpeak,MAIN SUPPLY FAILED,forced,BANGALORE 6666KV HEBBAL 220 - LR BANDE (ITI-HEBBAL- 2)LR BANDE 00:34 00:53 00:19 MAIN SUPPLY FAILED
OUTAGES JAN-26.pdf,183,4999,31/01/26,31-Jan-26,BANGALORE,66,"66KV K RAGHUTTAHALLI - BOMMEPALLI BOMMEPALLI, YENIGADALE",,20:41,20:53,0:12,12,20,evening_peak,LINE CLEAR AVAILED,planned_or_line_clear,"BANGALORE 66 66KV K RAGHUTTAHALLI - BOMMEPALLI BOMMEPALLI, YENIGADALE 20:41 20:53 00:12 LINE CLEAR AVAILED"
OUTAGES JAN-26.pdf,184,5000,31/01/26,31-Jan-26,BANGALORE,66,"66KV K RAGHUTTAHALLI - BOMMEPALLI BOMMEPALLI, YENIGADALE",,20:56,21:00,0:04,4,20,evening_peak,LINE CLEAR AVAILED,planned_or_line_clear,"BANGALORE 66 66KV K RAGHUTTAHALLI - BOMMEPALLI BOMMEPALLI, YENIGADALE 20:56 21:00 00:04 LINE CLEAR AVAILED"
OUTAGES JAN-26.pdf,184,5001,31/01/26,31-Jan-26,BANGALORE,66,"66KV LAKSHMIPURA - SOMAYAJANAHALLISOMAYAJANAHALLI, SOLAR IPP",,12:55,13:00,0:05,5,12,solar_window,LINE CLEAR AVAILED,planned_or_line_clear,"BANGALORE 66 66KV LAKSHMIPURA - SOMAYAJANAHALLISOMAYAJANAHALLI, SOLAR IPP12:55 13:00 00:05 LINE CLEAR AVAILED"
OUTAGES JAN-26.pdf,184,5002,31/01/26,31-Jan-26,BANGALORE,66,"66KV NRS DB PURA 220 - DEVANAHALLI 2DEVANAHALLI 66, KUNDANA, BRIGADE ORCHARDS",,19:36,19:53,0:17,17,19,evening_peak,TRIPPED ON FAULT,forced,"BANGALORE 66 66KV NRS DB PURA 220 - DEVANAHALLI 2DEVANAHALLI 66, KUNDANA, BRIGADE ORCHARDS19:36 19:53 00:17 TRIPPED ON FAULT"
OUTAGES JAN-26.pdf,184,5003,31/01/26,31-Jan-26,BANGALORE,66,"66KV NRS DB PURA 220 - KUNDANA - DEVANAHALLI 1DEVANAHALLI 66, KUNDANA, BRIGADE ORCHARDS",,19:36,19:53,0:17,17,19,evening_peak,TRIPPED ON FAULT,forced,"BANGALORE 6666KV NRS DB PURA 220 - KUNDANA - DEVANAHALLI 1DEVANAHALLI 66, KUNDANA, BRIGADE ORCHARDS19:36 19:53 00:17 TRIPPED ON FAULT"
OUTAGES JAN-26.pdf,184,5004,31/01/26,31-Jan-26,BANGALORE,66,66KV SRINIVASAPURA 220 - TADIGOL CROSS TADIGOL CROSS,,15:05,15:10,0:05,5,15,solar_window,LINE CLEAR AVAILED,planned_or_line_clear,BANGALORE 66 66KV SRINIVASAPURA 220 - TADIGOL CROSS TADIGOL CROSS 15:05 15:10 00:05 LINE CLEAR AVAILED
OUTAGES JAN-26.pdf,184,5005,31/01/26,31-Jan-26,BANGALORE,66,"66KV SRS PEENYA 220 - MEI LAYOUT ALUR, BIEC",,9:04,10:40,1:36,96,9,day_other,TRIPPED ON FAULT,forced,"BANGALORE 66 66KV SRS PEENYA 220 - MEI LAYOUT ALUR, BIEC 09:04 10:40 01:36 TRIPPED ON FAULT"
OUTAGES JAN-26.pdf,184,5006,31/01/26,31-Jan-26,BANGALORE,66,66KV SRS PEENYA 220 - PLATINUM CITY DG- 4PLATINUM CITY,,15:44,15:46,0:02,2,15,solar_window,LINE CLEAR AVAILED,planned_or_line_clear,BANGALORE 6666KV SRS PEENYA 220 - PLATINUM CITY DG- 4PLATINUM CITY 15:44 15:46 00:02 LINE CLEAR AVAILED
OUTAGES JAN-26.pdf,184,5007,31/01/26,31-Jan-26,BANGALORE,66,66KV T GOLLAHALLI 220 - KGF 1 NO STATION AFFECTED,,0:00,23:59,23:59,1439,0,night_offpeak,LINE CLEAR AVAILED,planned_or_line_clear,BANGALORE 66 66KV T GOLLAHALLI 220 - KGF 1 NO STATION AFFECTED 00:00 23:59 23:59 LINE CLEAR AVAILED
OUTAGES JAN-26.pdf,184,5008,31/01/26,31-Jan-26,BANGALORE,66,HV1 B STATION MUSS,,9:55,10:00,0:05,5,9,day_other,LINE CLEAR AVAILED,planned_or_line_clear,BANGALORE 66 HV1 B STATION MUSS 09:55 10:00 00:05 LINE CLEAR AVAILED
OUTAGES JAN-26.pdf,184,5009,31/01/26,31-Jan-26,BANGALORE,66,HV1 KC VALLEY,,11:10,11:12,0:02,2,11,solar_window,LINE CLEAR AVAILED,planned_or_line_clear,BANGALORE 66 HV1 KC VALLEY 11:10 11:12 00:02 LINE CLEAR AVAILED
OUTAGES JAN-26.pdf,184,5010,31/01/26,31-Jan-26,BANGALORE,66,HV1 G KODIHALLI,,7:20,7:23,0:03,3,7,day_other,LINE CLEAR AVAILED,planned_or_line_clear,BANGALORE 66 HV1 G KODIHALLI 07:20 07:23 00:03 LINE CLEAR AVAILED
OUTAGES JAN-26.pdf,184,5011,31/01/26,31-Jan-26,BANGALORE,66,HV1 G KODIHALLI,,9:42,9:55,0:13,13,9,day_other,LINE CLEAR AVAILED,planned_or_line_clear,BANGALORE 66 HV1 G KODIHALLI 09:42 09:55 00:13 LINE CLEAR AVAILED
OUTAGES JAN-26.pdf,184,5012,31/01/26,31-Jan-26,BANGALORE,66,HV1 YHUNASENAHALLI,,12:30,13:40,1:10,70,12,solar_window,LINE CLEAR AVAILED,planned_or_line_clear,BANGALORE 66 HV1 YHUNASENAHALLI 12:30 13:40 01:10 LINE CLEAR AVAILED
OUTAGES JAN-26.pdf,184,5013,31/01/26,31-Jan-26,BANGALORE,66,HV1 BRIGADE ORCHADS,,10:30,10:40,0:10,10,10,solar_window,TRIPPED ON FAULT,forced,BANGALORE 66 HV1 BRIGADE ORCHADS 10:30 10:40 00:10 TRIPPED ON FAULT
OUTAGES JAN-26.pdf,184,5014,31/01/26,31-Jan-26,BANGALORE,66,HV1 ALLIMARANAHALLI,,16:15,16:35,0:20,20,16,day_other,LINE CLEAR AVAILED,planned_or_line_clear,BANGALORE 66 HV1 ALLIMARANAHALLI 16:15 16:35 00:20 LINE CLEAR AVAILED
OUTAGES JAN-26.pdf,184,5015,31/01/26,31-Jan-26,BANGALORE,66,HV1 HAROBELE,,17:10,17:15,0:05,5,17,day_other,LINE CLEAR AVAILED,planned_or_line_clear,BANGALORE 66 HV1 HAROBELE 17:10 17:15 00:05 LINE CLEAR AVAILED
OUTAGES JAN-26.pdf,184,5016,31/01/26,31-Jan-26,BANGALORE,66,HV1 HUKUNDA_I.GOLLAHALLY,,16:30,16:35,0:05,5,16,day_other,LINE CLEAR AVAILED,planned_or_line_clear,BANGALORE 66 HV1 HUKUNDA_I.GOLLAHALLY 16:30 16:35 00:05 LINE CLEAR AVAILED
OUTAGES JAN-26.pdf,184,5017,31/01/26,31-Jan-26,BANGALORE,66,HV1 SRIGIRIPURA,,9:14,9:19,0:05,5,9,day_other,TRIPPED ON FAULT,forced,BANGALORE 66 HV1 SRIGIRIPURA 09:14 09:19 00:05 TRIPPED ON FAULT
OUTAGES JAN-26.pdf,184,5018,31/01/26,31-Jan-26,BANGALORE,66,HV1 KUMBARANAHALLI,,14:06,14:32,0:26,26,14,solar_window,TRIPPED ON FAULT,forced,BANGALORE 66 HV1 KUMBARANAHALLI 14:06 14:32 00:26 TRIPPED ON FAULT
OUTAGES JAN-26.pdf,184,5019,31/01/26,31-Jan-26,BANGALORE,66,HV1 HEBBALA 220,,0:34,1:27,0:53,53,0,night_offpeak,MAIN SUPPLY FAILED,forced,BANGALORE 66 HV1 HEBBALA 220 00:34 01:27 00:53 MAIN SUPPLY FAILED
OUTAGES JAN-26.pdf,184,5020,31/01/26,31-Jan-26,BANGALORE,66,HV2 KC VALLEY,,12:12,12:15,0:03,3,12,solar_window,LINE CLEAR AVAILED,planned_or_line_clear,BANGALORE 66 HV2 KC VALLEY 12:12 12:15 00:03 LINE CLEAR AVAILED
OUTAGES JAN-26.pdf,184,5021,31/01/26,31-Jan-26,BANGALORE,66,HV2 BANNERGHATTA ROAD,,14:14,14:16,0:02,2,14,solar_window,LINE CLEAR AVAILED,planned_or_line_clear,BANGALORE 66 HV2 BANNERGHATTA ROAD 14:14 14:16 00:02 LINE CLEAR AVAILED
OUTAGES JAN-26.pdf,184,5022,31/01/26,31-Jan-26,BANGALORE,66,HV2 YHUNASENAHALLI,,12:30,13:40,1:10,70,12,solar_window,LINE CLEAR AVAILED,planned_or_line_clear,BANGALORE 66 HV2 YHUNASENAHALLI 12:30 13:40 01:10 LINE CLEAR AVAILED
OUTAGES JAN-26.pdf,184,5023,31/01/26,31-Jan-26,BANGALORE,66,HV2 HAROBELE,,16:40,16:45,0:05,5,16,day_other,LINE CLEAR AVAILED,planned_or_line_clear,BANGALORE 66 HV2 HAROBELE 16:40 16:45 00:05 LINE CLEAR AVAILED
OUTAGES JAN-26.pdf,184,5024,31/01/26,31-Jan-26,BANGALORE,66,HV2 HUKUNDA_I.GOLLAHALLY,,16:10,16:15,0:05,5,16,day_other,LINE CLEAR AVAILED,planned_or_line_clear,BANGALORE 66 HV2 HUKUNDA_I.GOLLAHALLY 16:10 16:15 00:05 LINE CLEAR AVAILED
OUTAGES JAN-26.pdf,184,5025,31/01/26,31-Jan-26,BANGALORE,66,HV2 SAMANDURU,,9:18,9:28,0:10,10,9,day_other,TRIPPED ON FAULT,forced,BANGALORE 66 HV2 SAMANDURU 09:18 09:28 00:10 TRIPPED ON FAULT
OUTAGES JAN-26.pdf,184,5026,31/01/26,31-Jan-26,BANGALORE,66,HV2 HEBBALA 220,,0:34,1:22,0:48,48,0,night_offpeak,MAIN SUPPLY FAILED,forced,BANGALORE 66 HV2 HEBBALA 220 00:34 01:22 00:48 MAIN SUPPLY FAILED
OUTAGES JAN-26.pdf,184,5027,31/01/26,31-Jan-26,BANGALORE,66,HV3 HEBBALA 220,,0:34,1:27,0:53,53,0,night_offpeak,MAIN SUPPLY FAILED,forced,BANGALORE 66 HV3 HEBBALA 220 00:34 01:27 00:53 MAIN SUPPLY FAILED
OUTAGES JAN-26.pdf,184,5028,31/01/26,31-Jan-26,BANGALORE,220,220KV DEVANAHALLI 400 GIS - NRS DB PURA 220 2NO STATION AFFECTED,,0:00,23:59,23:59,1439,0,night_offpeak,TRIPPED ON FAULT,forced,BANGALORE 220220KV DEVANAHALLI 400 GIS - NRS DB PURA 220 2NO STATION AFFECTED 00:00 23:59 23:59 TRIPPED ON FAULT
OUTAGES JAN-26.pdf,184,5029,31/01/26,31-Jan-26,BANGALORE,220,220KV SRS PEENYA 220 - NRS 220 NO STATION AFFECTED,,18:10,19:15,1:05,65,18,evening_peak,TRIPPED ON FAULT,forced,BANGALORE 220 220KV SRS PEENYA 220 - NRS 220 NO STATION AFFECTED 18:10 19:15 01:05 TRIPPED ON FAULT
OUTAGES JAN-26.pdf,185,5030,31/01/26,31-Jan-26,BANGALORE,220,HV1 HEBBALA 220,,0:34,1:20,0:46,46,0,night_offpeak,TRIPPED ON FAULT,forced,BANGALORE 220 HV1 HEBBALA 220 00:34 01:20 00:46 TRIPPED ON FAULT
OUTAGES JAN-26.pdf,185,5031,31/01/26,31-Jan-26,BANGALORE,220,HV2 HEBBALA 220,,0:34,1:10,0:36,36,0,night_offpeak,TRIPPED ON FAULT,forced,BANGALORE 220 HV2 HEBBALA 220 00:34 01:10 00:36 TRIPPED ON FAULT